pid,timestamp,STEP#count#4HR,STEP#count2std#4HR
6,2021-08-20 12:00:35.909000+09:00,136,0.1534052739043098
6,2021-08-20 16:00:50.097000+09:00,127,0.074185584432593
6,2021-08-20 20:00:38.884000+09:00,180,0.2830502420549117
6,2021-08-23 12:00:30.315000+09:00,120,0.4195211242023898
6,2021-08-23 16:00:37.721000+09:00,85,0.0389823125202642
6,2021-08-23 20:00:57.442000+09:00,777,0.5003253776226628
6,2021-08-26 12:00:49.929000+09:00,81,0.0718988595253802
6,2021-08-26 16:10:12.979000+09:00,308,0.3268261420562131
6,2021-08-29 10:00:52.708000+09:00,0,0.0
6,2021-08-29 14:02:33.617000+09:00,395,0.0986669915369516
6,2021-08-29 18:00:27.743000+09:00,0,0.0
6,2021-09-01 10:26:50.709000+09:00,0,0.0
6,2021-09-01 14:23:10.563000+09:00,0,0.0
6,2021-09-01 18:01:40.953000+09:00,534,3.7705645165073127
6,2021-09-04 10:08:27.567000+09:00,0,0.0
6,2021-09-04 14:00:56.412000+09:00,192,0.4332759453935255
6,2021-09-04 18:03:17.624000+09:00,484,1.205675909645879
6,2021-09-07 10:01:17.259000+09:00,1573,13.587212835161754
6,2021-09-07 14:00:38.511000+09:00,181,0.1274814028156447
6,2021-09-07 18:00:31.508000+09:00,0,0.0
6,2021-09-10 10:14:24.916000+09:00,716,1.7587874263482592
6,2021-09-10 14:01:53.146000+09:00,217,0.1516949224621153
6,2021-09-10 18:55:05.097000+09:00,8,0.0077577320631881
6,2021-09-13 10:00:54.595000+09:00,0,0.0
6,2021-09-13 14:06:09.193000+09:00,284,0.3531905795279305
6,2021-09-13 18:06:58.054000+09:00,17,0.0102656057495108
6,2021-09-16 10:00:39.984000+09:00,0,0.0
6,2021-09-16 14:00:38.651000+09:00,363,0.4047692786595058
6,2021-09-16 18:00:47.630000+09:00,0,0.0
6,2021-09-19 10:50:22.638000+09:00,0,0.0
6,2021-09-19 14:31:05.593000+09:00,0,0.0
6,2021-09-19 18:01:23.837000+09:00,98,0.1314961986124547
6,2021-09-22 10:32:10.942000+09:00,0,0.0
6,2021-09-22 14:15:11.747000+09:00,84,0.115224693407316
6,2021-09-22 18:00:25.372000+09:00,94,0.0759564516069677
6,2021-09-25 10:30:41.959000+09:00,0,0.0
6,2021-09-25 14:16:13.899000+09:00,260,0.5333811129963875
6,2021-09-25 18:56:00.374000+09:00,45,0.0228976202251945
6,2021-09-28 10:01:19.329000+09:00,0,0.0
6,2021-09-28 14:07:20.208000+09:00,180,0.3184292004073609
6,2021-09-28 18:06:05.469000+09:00,29,0.0178210281922905
6,2021-10-01 10:00:52.106000+09:00,0,0.0
6,2021-10-01 14:06:08.629000+09:00,245,0.179191849931158
6,2021-10-01 18:53:12.115000+09:00,0,0.0
6,2021-10-04 10:32:58.806000+09:00,0,0.0
6,2021-10-04 14:29:46.280000+09:00,265,0.1922786977302622
6,2021-10-04 18:33:37.793000+09:00,0,0.0
6,2021-10-07 10:01:40.726000+09:00,1159,3.777705837700404
6,2021-10-07 14:06:59.699000+09:00,318,0.3370906691466284
6,2021-10-07 18:11:51.985000+09:00,58,3.782557763475014
6,2021-10-10 14:00:47.371000+09:00,0,0.0
6,2021-10-10 18:00:38.484000+09:00,321,0.4948112999461517
6,2021-10-13 10:00:31.252000+09:00,0,0.0
6,2021-10-13 14:46:47.777000+09:00,593,0.8058248863819719
6,2021-10-13 18:03:31.353000+09:00,17,0.0011120931188179
6,2021-10-16 10:42:47.029000+09:00,22,0.1173681255215391
6,2021-10-16 14:03:03.700000+09:00,280,0.436780144976083
6,2021-10-16 18:24:47.910000+09:00,1908,15.998078420334714
6,2021-10-19 10:51:54.763000+09:00,8,0.0044393709553846
6,2021-10-19 14:01:13.817000+09:00,250,0.2138087938290349
6,2021-10-22 10:06:46.662000+09:00,0,0.0
6,2021-10-22 14:01:10.998000+09:00,418,0.4233337854571109
6,2021-10-22 18:12:15.091000+09:00,123,4.009145830443735
6,2021-10-25 10:15:59.077000+09:00,0,0.0
6,2021-10-25 14:10:21.841000+09:00,1576,3.4830462572103658
6,2021-10-25 18:03:59.534000+09:00,20,1.7535636178615617
6,2021-10-28 10:00:41.897000+09:00,0,0.0
6,2021-10-28 14:04:49.091000+09:00,0,0.0
6,2021-10-28 18:16:07.997000+09:00,692,3.037502738512789
6,2021-10-31 10:02:50.816000+09:00,0,0.0
6,2021-10-31 14:09:32.738000+09:00,936,3.265354601248385
6,2021-11-03 10:47:49.804000+09:00,646,1.4999004249855012
6,2021-11-03 14:06:39.352000+09:00,494,0.6218994917353833
6,2021-11-03 18:00:46.501000+09:00,0,0.0
6,2021-11-06 14:52:25.016000+09:00,0,0.0
6,2021-11-06 18:00:40.894000+09:00,13,0.0048345120036583
6,2021-11-09 10:08:34.066000+09:00,0,0.0
6,2021-11-09 18:00:24.568000+09:00,154,0.1009633122523517
6,2021-11-12 14:44:07.726000+09:00,288,0.6760570586772277
6,2021-11-12 18:00:30.318000+09:00,3,0.0005773429245485
6,2021-11-15 10:15:25.131000+09:00,0,0.0
6,2021-11-15 14:00:48.905000+09:00,413,0.4156308523167898
6,2021-11-15 18:01:57.866000+09:00,0,0.0
6,2021-11-17 19:32:20.002000+09:00,1676,1.1888050022119767
6,2021-11-18 10:52:10.270000+09:00,0,0.0
6,2021-11-18 14:04:13.659000+09:00,624,2.556680180212174
6,2021-11-18 18:01:03.907000+09:00,143,0.1284488816495461
6,2021-11-21 14:03:01.998000+09:00,0,0.0
6,2021-11-21 18:04:02.344000+09:00,23,0.0002638076377552
14,2021-09-13 20:26:52.218000+09:00,0,0.0
14,2021-09-16 12:09:20.221000+09:00,0,0.0
14,2021-09-16 16:27:39.925000+09:00,1247,2.542997208094413
14,2021-09-16 20:11:52.898000+09:00,4,0.0031077420462093
14,2021-09-19 12:00:53.323000+09:00,450,8.725847491049874
14,2021-09-19 16:31:01.374000+09:00,41,0.0277257830597904
14,2021-09-19 20:37:01.031000+09:00,2,0.0001993340460784
14,2021-09-22 12:03:59.441000+09:00,0,0.0
14,2021-09-22 16:43:35.723000+09:00,0,0.0
14,2021-09-22 20:00:34.311000+09:00,24,0.0052777891212888
14,2021-09-25 16:46:19.929000+09:00,0,0.0
14,2021-09-25 20:00:52.113000+09:00,770,0.7441629901201376
14,2021-09-28 12:00:46.438000+09:00,0,0.0
14,2021-09-28 16:01:05.681000+09:00,503,1.2806088433029237
14,2021-09-28 20:00:45.402000+09:00,6,0.0008669424948653
14,2021-10-01 12:03:54.135000+09:00,395,5.5157013281642255
14,2021-10-01 16:00:36.963000+09:00,1470,2.1205232111461294
14,2021-10-01 20:40:11.621000+09:00,0,0.0
14,2021-10-04 12:01:14.932000+09:00,0,0.0
14,2021-10-04 16:42:43.220000+09:00,0,0.0
14,2021-10-07 12:00:36.698000+09:00,0,0.0
14,2021-10-07 16:00:54.392000+09:00,4,0.000149151385479
14,2021-10-07 20:01:02.801000+09:00,0,0.0
14,2021-10-10 12:21:37.384000+09:00,1,0.0
14,2021-10-10 16:10:55.554000+09:00,20,0.0087757175189169
14,2021-10-10 20:00:20.497000+09:00,2,2.3060574092282047e-05
14,2021-10-13 12:16:01.070000+09:00,0,0.0
14,2021-10-13 16:01:00.597000+09:00,423,44.6699765763187
14,2021-10-13 20:00:48.546000+09:00,785,1.037830900635226
14,2021-10-16 16:31:45.816000+09:00,0,0.0
14,2021-10-16 20:00:36.036000+09:00,0,0.0
14,2021-10-19 16:00:25.633000+09:00,0,0.0
14,2021-10-19 20:00:34.341000+09:00,119,0.0695920057767969
14,2021-10-22 12:00:25.139000+09:00,0,0.0
14,2021-10-22 16:26:41.206000+09:00,0,0.0
14,2021-10-22 20:59:47.879000+09:00,0,0.0
14,2021-10-25 12:17:22.723000+09:00,0,0.0
14,2021-10-25 16:00:18.547000+09:00,109,0.1680616555956903
14,2021-10-25 20:06:20.713000+09:00,17,0.0106938818704798
14,2021-10-28 12:01:31.164000+09:00,4,0.1965435359730559
14,2021-10-28 16:00:53.869000+09:00,822,2.5768324719850964
14,2021-10-28 20:00:29.439000+09:00,118,0.0405348159786312
14,2021-10-31 16:01:05.523000+09:00,13,0.004242806858993
14,2021-11-03 12:04:23.817000+09:00,0,0.0
14,2021-11-03 16:05:29.684000+09:00,0,0.0
14,2021-11-03 20:01:13.895000+09:00,0,0.0
14,2021-11-06 12:15:12.486000+09:00,3,0.0052562372401411
14,2021-11-06 16:18:51.855000+09:00,38,0.0050750474273237
14,2021-11-06 20:00:36.833000+09:00,0,0.0
14,2021-11-09 12:00:37.523000+09:00,0,0.0
14,2021-11-09 16:15:31.724000+09:00,7,0.0002389372482294
14,2021-11-09 20:20:53.645000+09:00,0,0.0
14,2021-11-12 12:01:20.022000+09:00,0,0.0
14,2021-11-12 16:12:05.830000+09:00,0,0.0
14,2021-11-12 20:11:39.272000+09:00,20,0.0464777885597037
14,2021-11-15 16:10:37.537000+09:00,0,0.0
14,2021-11-15 20:03:14.310000+09:00,2,3.777202837380999e-05
14,2021-11-18 12:01:37.009000+09:00,1,0.0
14,2021-11-18 16:54:51.845000+09:00,7,0.001032252520864
14,2021-11-18 20:20:58.366000+09:00,5,0.0001650672859135
14,2021-11-21 12:55:52.399000+09:00,18,0.0058108501645124
14,2021-11-21 16:02:23.526000+09:00,3,0.0009002310209674
20,2021-08-20 12:26:04.482000+09:00,27,0.0532775785182289
20,2021-08-20 16:01:02.607000+09:00,52,0.0319423848084549
20,2021-08-20 20:14:09.943000+09:00,579,2.96259948265068
20,2021-08-23 12:35:11.227000+09:00,31,0.047600110197718
20,2021-08-23 16:00:39.340000+09:00,165,0.1536522295998911
20,2021-08-23 20:18:58.423000+09:00,113,0.060082578820892
20,2021-08-26 12:02:52.812000+09:00,134,0.5973444330738603
20,2021-08-26 16:25:05.397000+09:00,148,0.1523267342000307
20,2021-08-26 20:09:32.838000+09:00,446,1.5315304624951676
20,2021-08-29 12:12:01.249000+09:00,11,0.0544220495906136
20,2021-08-29 16:02:35.431000+09:00,60,0.0515205979210837
20,2021-08-29 20:01:44.392000+09:00,54,0.0274028436020711
20,2021-09-01 12:19:21.392000+09:00,97,0.1065568374767244
20,2021-09-01 16:02:11.022000+09:00,156,0.0911304175121593
20,2021-09-01 20:00:39.294000+09:00,0,0.0
20,2021-09-04 12:08:02.263000+09:00,15,0.0113462308935816
20,2021-09-04 16:00:33.297000+09:00,268,0.3534772274882428
20,2021-09-04 20:05:57.629000+09:00,1,0.0
20,2021-09-07 12:05:51.949000+09:00,116,0.2043976758922444
20,2021-09-07 16:01:19.707000+09:00,115,0.1013136441783436
20,2021-09-07 20:12:05.981000+09:00,590,1.955093278557425
20,2021-09-10 12:51:52.327000+09:00,139,0.5657531534969419
20,2021-09-10 16:24:40.964000+09:00,151,0.1519939147781329
20,2021-09-10 20:05:39.494000+09:00,991,5.138425524014852
20,2021-09-13 12:20:42.898000+09:00,92,0.35911700042508
20,2021-09-13 16:01:26.816000+09:00,80,0.0543422059544218
20,2021-09-13 20:04:02.305000+09:00,703,0.3262205379524177
20,2021-09-16 12:33:20.002000+09:00,34,0.0364223031994623
20,2021-09-16 16:03:33.345000+09:00,96,0.1027933402394412
20,2021-09-16 20:09:18.984000+09:00,414,1.3841897981220848
20,2021-09-19 12:21:12.365000+09:00,16,0.0157592012544134
20,2021-09-19 16:07:53.868000+09:00,308,1.2812621262973931
20,2021-09-22 12:47:23.983000+09:00,72,0.0957026319374227
20,2021-09-22 16:00:27.725000+09:00,77,0.1324196859763958
20,2021-09-22 20:01:17.249000+09:00,137,0.2691670420131302
20,2021-09-25 12:14:04.971000+09:00,13,0.0195763882807518
20,2021-09-25 16:01:02.938000+09:00,576,2.461251735615426
20,2021-09-25 20:12:51.084000+09:00,440,0.8694615338264519
20,2021-09-28 12:28:43.580000+09:00,41,0.1062400194993701
20,2021-09-28 16:02:00.557000+09:00,76,0.0415983051961337
20,2021-09-28 20:22:19.980000+09:00,413,1.9662966764976624
20,2021-10-01 12:00:32.661000+09:00,264,0.7651859432286936
20,2021-10-01 16:00:36.330000+09:00,458,3.1289618621614705
20,2021-10-01 20:04:09.134000+09:00,240,0.6415394721989901
20,2021-10-04 12:01:31.322000+09:00,0,0.0
20,2021-10-04 16:07:33.416000+09:00,2,0.0003663613845988
20,2021-10-04 20:01:32.775000+09:00,4,0.0005498113792982
20,2021-10-07 12:01:51.314000+09:00,0,0.0
20,2021-10-07 16:00:18.786000+09:00,63,0.042674156074755
20,2021-10-07 20:11:36.334000+09:00,443,2.440817812514335
20,2021-10-10 12:00:59.842000+09:00,370,2.862680768676397
20,2021-10-10 16:00:29.054000+09:00,486,2.7138885001257864
20,2021-10-10 20:12:42.919000+09:00,14,0.0037630988193662
20,2021-10-13 12:02:58.104000+09:00,62,0.109032670137309
20,2021-10-13 16:01:00.574000+09:00,150,0.1711756157448085
20,2021-10-13 20:00:37.601000+09:00,2,0.0003931288896572
20,2021-10-16 12:22:33.505000+09:00,768,10.394671270579968
20,2021-10-16 16:13:24.616000+09:00,476,2.8444139262487886
20,2021-10-16 20:01:39.614000+09:00,151,0.1683112266274231
20,2021-10-19 12:23:45.266000+09:00,0,0.0
20,2021-10-19 16:10:03.534000+09:00,59,0.0320099418376026
20,2021-10-19 20:00:42.360000+09:00,270,1.0828366374978966
20,2021-10-22 12:21:01.488000+09:00,39,0.1029262286381627
20,2021-10-22 20:31:35.980000+09:00,112,0.1375137141255266
20,2021-10-25 12:07:11.871000+09:00,86,0.0571575478538322
20,2021-10-25 16:02:32.182000+09:00,69,0.0628029765203418
20,2021-10-25 20:00:15.969000+09:00,839,2.804944061371617
20,2021-10-28 12:29:38.257000+09:00,0,0.0
20,2021-10-28 16:09:57.144000+09:00,95,0.0781520582140717
20,2021-10-28 20:00:38.841000+09:00,406,0.0499382850590449
20,2021-10-31 12:00:42.235000+09:00,0,0.0
20,2021-10-31 16:23:40.594000+09:00,90,0.0614859651286452
20,2021-10-31 20:03:02.988000+09:00,366,0.1253729023396111
20,2021-11-03 12:18:10.482000+09:00,86,0.1446656958535179
20,2021-11-03 16:12:57.508000+09:00,26,0.0107585243741055
20,2021-11-03 20:11:51.956000+09:00,361,1.8940819094826011
20,2021-11-06 12:53:04.947000+09:00,0,0.0
20,2021-11-06 16:00:23.927000+09:00,377,1.312343758875003
20,2021-11-06 20:02:17.095000+09:00,1526,6.713385718647032
20,2021-11-09 12:17:08.387000+09:00,0,0.0
20,2021-11-09 16:02:07.744000+09:00,60,0.0414027267760384
20,2021-11-09 20:01:45.603000+09:00,1312,9.639161788984826
20,2021-11-12 12:00:20.837000+09:00,0,0.0
20,2021-11-12 16:02:00.578000+09:00,107,0.1396011366783286
20,2021-11-15 12:45:53.386000+09:00,679,8.333578714350287
20,2021-11-15 20:04:32.932000+09:00,748,3.968245374096567
20,2021-11-21 12:09:31.579000+09:00,0,0.0
20,2022-01-04 10:20:24.730000+09:00,0,0.0
20,2022-01-04 18:22:20.193000+09:00,371,1.9200716883312847
21,2021-08-17 10:02:29.840000+09:00,765,2.4081873297237038
21,2021-08-17 14:01:30.903000+09:00,1208,6.391488260856804
21,2021-08-17 18:50:20.811000+09:00,660,2.7776934234629724
21,2021-08-20 18:25:07.205000+09:00,358,1.0890427995715195
21,2021-08-23 10:04:01.827000+09:00,1563,7.632533565002546
21,2021-08-23 14:05:12.319000+09:00,1459,9.89784344876085
21,2021-08-23 18:00:36.570000+09:00,43,0.0305578750942887
21,2021-08-26 10:03:26.974000+09:00,1183,4.612752196195298
21,2021-08-26 14:00:46.588000+09:00,877,4.029310133952584
21,2021-08-26 18:47:42.360000+09:00,0,0.0
21,2021-08-29 20:01:30.357000+09:00,1330,9.559871316114071
21,2021-09-01 10:00:44.614000+09:00,1076,5.367274113444121
21,2021-09-01 14:00:49.349000+09:00,314,0.633513171141606
21,2021-09-04 10:02:00.999000+09:00,499,4.0633944145262
21,2021-09-04 14:13:21.237000+09:00,1430,7.494225743564032
21,2021-09-07 10:00:26.635000+09:00,1079,8.104993185805727
21,2021-09-10 10:00:54.714000+09:00,312,0.6394557224809729
21,2021-09-10 18:20:56.506000+09:00,574,2.820742711760719
21,2021-09-11 15:56:39.101000+09:00,0,0.0
21,2021-09-13 10:04:30.334000+09:00,1293,4.991721963124343
21,2021-09-13 14:02:37.172000+09:00,373,0.9683332816604728
21,2021-09-16 14:07:40.166000+09:00,246,0.4956812061245013
21,2021-09-16 18:13:09.826000+09:00,21,0.0121325036231083
21,2021-09-19 14:14:58.283000+09:00,17,0.008745871107961
21,2021-09-19 18:24:28.317000+09:00,803,4.795831036173746
21,2021-09-22 14:00:27.236000+09:00,47,0.0600868273065633
21,2021-09-22 18:00:34.864000+09:00,1365,12.13173100720894
21,2021-09-25 10:00:31.260000+09:00,0,0.0
21,2021-09-25 14:06:34.703000+09:00,50,0.0419765144637954
21,2021-09-25 18:01:09.071000+09:00,14,0.0002295566166029
21,2021-09-28 14:02:46.691000+09:00,194,0.3978208199741492
21,2021-10-01 10:00:48.415000+09:00,377,2.1501305537456763
21,2021-10-04 10:00:48.035000+09:00,12,0.0122872819594997
21,2021-10-04 14:00:23.953000+09:00,106,0.0958781175513673
21,2021-10-07 10:04:35.710000+09:00,8,0.0029458240090763
21,2021-10-07 14:55:22.827000+09:00,14,0.0040600913181022
21,2021-10-07 18:00:24.890000+09:00,673,4.919507823422304
21,2021-10-10 10:00:32.498000+09:00,0,0.0
21,2021-10-10 18:00:42.986000+09:00,11,0.002789533301836
21,2021-10-13 10:08:07.458000+09:00,0,0.0
21,2021-10-13 14:01:13.542000+09:00,95,0.238287459161772
21,2021-10-13 18:01:06.884000+09:00,1490,0.3314041242870795
21,2021-10-16 14:00:30.511000+09:00,1102,4.821702988048638
21,2021-10-16 18:52:04.476000+09:00,381,1.4927796872073051
21,2021-10-19 10:50:23.782000+09:00,11,0.0091731123562641
21,2021-10-19 18:00:30.058000+09:00,10,0.0031001414545904
21,2021-10-22 10:00:24.807000+09:00,0,0.0
21,2021-10-22 14:05:09.939000+09:00,2355,26.924542138166263
21,2021-10-22 18:50:47.145000+09:00,153,0.1489010225231104
21,2021-10-25 18:00:38.304000+09:00,486,2.258679001100608
21,2021-10-28 10:00:30.941000+09:00,3,0.0009852715248072
21,2021-10-28 14:00:34.098000+09:00,1178,1.8079579933541376
21,2021-10-28 18:00:22.316000+09:00,0,0.0
21,2021-10-31 10:00:49.047000+09:00,0,0.0
21,2021-10-31 14:53:59.642000+09:00,2893,23.6611767795362
21,2021-10-31 18:00:39.095000+09:00,17,0.0091626881380233
21,2021-11-03 14:00:29.436000+09:00,932,2.9901182047599315
21,2021-11-09 10:02:13.545000+09:00,0,0.0
21,2021-11-09 14:00:59.610000+09:00,77,0.0668860722843107
21,2021-11-12 10:04:30.534000+09:00,44,0.0635824261692764
21,2021-11-12 14:05:43.845000+09:00,49,0.0279964851781583
21,2021-11-12 18:52:51.507000+09:00,603,2.0683986651591364
21,2021-11-15 10:02:10.231000+09:00,0,0.0
21,2021-11-15 14:40:18.946000+09:00,12,0.0020826017283119
21,2021-11-15 18:05:50.249000+09:00,1,0.0
21,2021-11-18 10:52:31.807000+09:00,20,0.0082744862114672
21,2021-11-18 14:00:41.905000+09:00,15,0.0067872958808711
26,2021-08-29 12:40:08.272000+09:00,944,12.07431690939256
26,2021-08-29 16:03:32.316000+09:00,1266,6.979568397148913
26,2021-08-29 20:33:56.704000+09:00,52,0.0054213133721964
26,2021-09-01 12:00:55.651000+09:00,33,0.8401709666491946
26,2021-09-01 20:00:55.073000+09:00,158,0.2502674252536571
26,2021-09-04 12:22:05.655000+09:00,61,0.025429437865623
26,2021-09-04 16:00:39.177000+09:00,13,0.0025367826024255
26,2021-09-07 12:02:22.995000+09:00,48,0.0253485493758888
26,2021-09-07 16:04:08.884000+09:00,152,0.1147978981524714
26,2021-09-07 20:09:25.147000+09:00,107,0.025411280100673
26,2021-09-10 12:03:32.020000+09:00,137,0.1594663768988788
26,2021-09-10 16:24:25.724000+09:00,66,0.0372668522105566
26,2021-09-10 20:00:55.705000+09:00,167,0.2063413281581484
26,2021-09-13 12:00:34.610000+09:00,156,0.1941079497210148
26,2021-09-13 16:03:15.873000+09:00,108,0.0642757700662199
26,2021-09-13 20:00:52.844000+09:00,43,0.026358426864277
26,2021-09-16 12:00:33.603000+09:00,128,0.1102417041034214
26,2021-09-16 16:07:11.775000+09:00,132,0.0853056498317212
26,2021-09-16 20:00:59.067000+09:00,66,0.0212154892055536
26,2021-09-19 12:00:32.048000+09:00,3,4.690982467529669e-05
26,2021-09-19 16:01:35.290000+09:00,0,0.0
26,2021-09-19 20:00:48.957000+09:00,0,0.0
26,2021-09-22 12:03:46.211000+09:00,11,0.0019830873117772
26,2021-09-22 16:00:42.765000+09:00,0,0.0
26,2021-09-22 20:00:56.095000+09:00,28,0.0027990361285778
26,2021-09-25 12:01:05.556000+09:00,0,0.0
26,2021-09-25 20:00:30.687000+09:00,7,0.0020735749068919
26,2021-09-28 12:00:26.444000+09:00,578,2.178461072433272
26,2021-09-28 16:28:26.936000+09:00,11,0.0033600955593669
26,2021-09-28 20:35:41.754000+09:00,281,0.1149557898646849
26,2021-10-01 12:02:12.184000+09:00,480,0.7930614044243596
26,2021-10-01 20:00:28.098000+09:00,57,0.0399859620199129
26,2021-10-04 12:26:39.995000+09:00,0,0.0
26,2021-10-04 16:00:29.607000+09:00,0,0.0
26,2021-10-04 20:00:40.360000+09:00,0,0.0
26,2021-10-07 12:02:02.716000+09:00,150,0.1397824275086305
26,2021-10-07 16:10:37.878000+09:00,117,0.0993309052341303
26,2021-10-07 20:00:26.957000+09:00,115,0.1657875545251082
26,2021-10-10 12:00:22.836000+09:00,11,0.0090899549358224
26,2021-10-10 16:00:52.277000+09:00,198,0.393057849212158
26,2021-10-10 20:00:33.370000+09:00,153,0.0261161621182159
26,2021-10-13 12:01:37.409000+09:00,0,0.0
26,2021-10-13 16:02:42.473000+09:00,134,0.0818381589863779
26,2021-10-13 20:00:22.793000+09:00,58,0.0625307156809954
26,2021-10-16 12:17:07.168000+09:00,3,0.0004057622659586
26,2021-10-16 16:01:19.491000+09:00,46,0.0264379700440518
26,2021-10-16 20:01:03.098000+09:00,4,0.000548970994359
26,2021-10-19 12:03:21.932000+09:00,121,0.1050817438050508
26,2021-10-19 16:00:39.104000+09:00,134,0.0942023697774032
26,2021-10-19 20:00:28.013000+09:00,81,0.093068946758921
26,2021-10-22 12:01:22.759000+09:00,93,0.0672409880839182
26,2021-10-22 16:00:36.974000+09:00,177,0.1338362284595286
26,2021-10-22 20:00:40.374000+09:00,88,0.0317112574389404
26,2021-10-25 12:01:24.574000+09:00,290,0.3810278727327344
26,2021-10-25 16:02:51.449000+09:00,89,0.0471395882062085
26,2021-10-25 20:01:02.220000+09:00,123,0.1202107143441494
26,2021-10-28 12:00:35.426000+09:00,76,0.0525167292527839
26,2021-10-28 16:01:09.091000+09:00,167,0.1626988750371928
26,2021-10-28 20:00:19.548000+09:00,191,0.4992627897424543
26,2021-10-31 12:00:52.154000+09:00,0,0.0
26,2021-10-31 16:00:52.383000+09:00,118,0.270496443950455
26,2021-10-31 20:00:38.472000+09:00,2,0.0104098809917565
26,2021-11-03 12:01:13.758000+09:00,225,0.0997862239661963
26,2021-11-03 16:01:18.109000+09:00,0,0.0
26,2021-11-03 20:00:55.346000+09:00,115,0.2389536965964454
26,2021-11-06 12:00:37.396000+09:00,0,0.0
26,2021-11-06 16:00:48.168000+09:00,0,0.0
26,2021-11-06 20:00:52.552000+09:00,94,0.1338678934745984
26,2021-11-09 12:01:24.515000+09:00,1570,4.818905793315893
26,2021-11-09 16:02:13.676000+09:00,120,0.1164132880486891
26,2021-11-09 20:04:11.544000+09:00,1185,0.8160537796742211
26,2021-11-12 16:01:13.893000+09:00,0,0.0
26,2021-11-12 20:00:30.234000+09:00,199,0.0454977666835938
26,2021-11-15 12:01:29.226000+09:00,1,0.0
26,2021-11-15 16:00:47.992000+09:00,121,0.0763809346707747
26,2021-11-15 20:03:36.896000+09:00,25,0.0023958092202915
26,2021-11-18 12:01:33.097000+09:00,38,0.022365667818519
26,2021-11-18 16:01:34.737000+09:00,14,0.0029583727644326
26,2021-11-18 20:00:40.441000+09:00,184,0.0532909508428258
26,2021-11-21 12:26:28.462000+09:00,0,0.0
26,2021-11-21 20:01:08.227000+09:00,0,0.0
26,2021-11-24 12:03:40.697000+09:00,0,0.0
26,2021-11-24 16:02:12.326000+09:00,42,0.0160657720825993
26,2021-11-24 20:01:04.982000+09:00,18,0.0075629467016219
26,2021-11-27 12:07:26.053000+09:00,0,0.0
26,2021-11-27 16:03:55.655000+09:00,0,0.0
26,2021-11-27 20:19:33.794000+09:00,0,0.0
26,2021-11-30 12:00:38.848000+09:00,0,0.0
26,2021-11-30 20:03:24.071000+09:00,14,0.0167869252810761
26,2021-12-03 12:00:53.361000+09:00,13,0.0026373314918059
26,2021-12-03 16:01:28.464000+09:00,3,0.0004914659639825
26,2021-12-03 20:01:45.884000+09:00,33,0.0103781799065596
26,2021-12-06 12:03:23.352000+09:00,32,0.0127539423379829
26,2021-12-06 16:00:35.668000+09:00,137,0.0980424256582623
26,2021-12-06 20:00:46.022000+09:00,8,0.0014589304009573
26,2021-12-09 12:03:18.279000+09:00,0,0.0
26,2021-12-09 16:03:00.684000+09:00,57,0.0264236312928714
26,2021-12-09 20:00:40.880000+09:00,32,0.0037687653669382
26,2021-12-12 12:00:31.192000+09:00,0,0.0
26,2021-12-12 16:01:13.109000+09:00,39,0.0026543674407513
26,2021-12-12 20:07:45.108000+09:00,0,0.0
26,2021-12-15 12:01:29.350000+09:00,0,0.0
26,2021-12-15 16:22:06.402000+09:00,39,0.0035878943772661
26,2021-12-15 20:02:15.080000+09:00,0,0.0
26,2021-12-18 12:02:01.400000+09:00,18,0.008995726521136
26,2021-12-18 16:17:43.001000+09:00,5,0.0011354552340238
26,2021-12-18 20:00:46.277000+09:00,30,0.014048029004936
26,2021-12-21 12:01:18.080000+09:00,0,0.0
26,2021-12-21 16:00:27.661000+09:00,114,0.1255134810737496
26,2021-12-21 20:00:55.686000+09:00,411,0.218485435249552
26,2021-12-24 12:03:41.220000+09:00,162,0.1902878838406253
26,2021-12-24 16:00:41.061000+09:00,64,0.002730346957077
26,2021-12-24 20:01:21.778000+09:00,0,0.0
26,2021-12-27 12:00:50.453000+09:00,0,0.0
26,2021-12-27 16:02:08.335000+09:00,150,0.1690635259469452
26,2021-12-27 20:00:29.959000+09:00,57,0.0372094664574909
26,2021-12-30 12:03:29.979000+09:00,309,0.5982227231524536
26,2021-12-30 16:00:17.969000+09:00,214,0.2714488016188928
26,2021-12-30 20:01:07.989000+09:00,225,0.0668065474279845
26,2022-01-04 12:03:29.450000+09:00,0,0.0
26,2022-01-04 16:01:21.740000+09:00,56,0.016290068994179
26,2022-01-04 20:00:31.931000+09:00,0,0.0
26,2022-01-07 12:04:31.690000+09:00,21,0.006372904754187
26,2022-01-07 20:20:00.461000+09:00,0,0.0
26,2022-01-10 12:00:53.019000+09:00,4,0.0005742368081346
26,2022-01-10 16:00:40.372000+09:00,172,0.1386550804222311
26,2022-01-10 20:42:35.907000+09:00,18,0.0072951729794405
26,2022-01-13 12:52:00.560000+09:00,0,0.0
26,2022-01-13 16:02:50.826000+09:00,36,0.0031665974459004
26,2022-01-13 20:39:04.809000+09:00,0,0.0
26,2022-01-16 12:22:13.467000+09:00,0,0.0
26,2022-01-16 16:01:35.660000+09:00,44,0.0045957074231003
26,2022-01-16 20:01:17.570000+09:00,0,0.0
26,2022-01-19 12:51:20.515000+09:00,0,0.0
26,2022-01-19 20:01:33.503000+09:00,0,0.0
26,2022-01-22 12:01:25.686000+09:00,78,0.0336415079780946
26,2022-01-22 16:35:26.909000+09:00,0,0.0
26,2022-01-22 20:00:28.029000+09:00,2,5.010334157503652e-05
26,2022-01-25 12:01:22.583000+09:00,9,0.3049674540825045
26,2022-01-25 16:00:39.306000+09:00,166,0.1148676384532238
26,2022-01-25 20:00:23.004000+09:00,0,0.0
26,2022-01-28 12:51:53.052000+09:00,88,0.4908696408890639
26,2022-01-31 12:51:18.541000+09:00,231,0.0557256995295377
26,2022-01-31 16:07:06.218000+09:00,77,0.0107779332948643
26,2022-02-03 12:59:36.573000+09:00,0,0.0
26,2022-02-03 20:28:14.585000+09:00,14,0.0001721663954688
26,2022-02-06 12:05:20.156000+09:00,0,0.0
26,2022-02-09 16:54:08.282000+09:00,257,0.3266633465726565
26,2022-02-09 20:03:36.031000+09:00,37,0.0009561713606229
28,2021-08-17 12:00:33.170000+09:00,7,0.0144965756959467
28,2021-08-17 16:00:25.788000+09:00,9,0.001573519621345
28,2021-08-17 20:00:22.256000+09:00,739,2.2969013714419093
28,2021-08-20 10:00:23.022000+09:00,0,0.0
28,2021-08-20 14:00:33.223000+09:00,0,0.0
28,2021-08-20 18:12:43.135000+09:00,8,0.0014126607937619
28,2021-08-23 10:00:25.593000+09:00,0,0.0
28,2021-08-23 14:00:41.595000+09:00,0,0.0
28,2021-08-23 18:00:31.100000+09:00,0,0.0
28,2021-08-26 10:16:28.681000+09:00,0,0.0
28,2021-08-26 14:09:36.767000+09:00,0,0.0
28,2021-08-26 18:01:40.718000+09:00,0,0.0
28,2021-08-29 10:00:24.773000+09:00,0,0.0
28,2021-08-29 14:12:56.135000+09:00,2,0.0002499812520053
28,2021-08-29 18:02:42.025000+09:00,18,0.0180555909244283
28,2021-09-01 14:07:21.032000+09:00,144,0.2656536692433149
28,2021-09-01 18:03:29.190000+09:00,25,0.0206093844436179
28,2021-09-04 10:47:40.025000+09:00,0,0.0
28,2021-09-04 14:00:33.928000+09:00,0,0.0
28,2021-09-04 18:00:25.094000+09:00,0,0.0
28,2021-09-07 10:01:12.751000+09:00,0,0.0
28,2021-09-07 14:02:28.026000+09:00,62,0.0265258290032396
28,2021-09-07 18:02:50.447000+09:00,55,10.828220121240456
28,2021-09-10 10:00:54.336000+09:00,0,0.0
28,2021-09-10 14:28:42.945000+09:00,15,0.0025039849292292
28,2021-09-10 18:00:26.452000+09:00,0,0.0
28,2021-09-13 10:15:12.113000+09:00,0,0.0
28,2021-09-16 10:12:14.442000+09:00,0,0.0
28,2021-09-16 14:23:40.802000+09:00,229,0.3667340776839407
28,2021-09-16 18:01:27.854000+09:00,2,0.0002287706433515
28,2021-09-19 14:00:28.164000+09:00,0,0.0
28,2021-09-19 18:00:37.064000+09:00,32,0.031609477690965
28,2021-09-22 16:00:29.777000+09:00,0,0.0
28,2021-09-22 20:00:30.705000+09:00,20,0.0399091287629769
28,2021-09-25 16:39:15.813000+09:00,0,0.0
28,2021-09-25 20:00:32.659000+09:00,188,0.2954002525440182
28,2021-09-28 16:00:26.987000+09:00,248,0.6389478787431877
28,2021-09-28 20:02:31.071000+09:00,22,0.0081518251417177
28,2021-10-01 12:00:57.346000+09:00,0,0.0
28,2021-10-01 16:00:42.107000+09:00,27,0.0168176462707063
28,2021-10-01 20:00:28.226000+09:00,6,0.0011274137246783
28,2021-10-04 12:00:49.773000+09:00,0,0.0
28,2021-10-04 16:04:29.042000+09:00,0,0.0
28,2021-10-04 20:00:31.506000+09:00,0,0.0
28,2021-10-07 12:47:17.543000+09:00,0,0.0
28,2021-10-07 16:05:48.711000+09:00,20,0.0114169020788213
28,2021-10-10 16:05:54.344000+09:00,0,0.0
28,2021-10-10 20:14:15.872000+09:00,21,0.0056155417298911
28,2021-10-13 20:00:42.758000+09:00,18,0.0244839066090631
28,2021-10-16 16:07:16.788000+09:00,148,0.5075104332539057
28,2021-10-16 20:03:07.348000+09:00,24,0.0113424299176347
28,2021-10-19 12:35:00.286000+09:00,0,0.0
28,2021-10-19 16:00:27.973000+09:00,10,0.0022273367489563
28,2021-10-19 20:00:26.662000+09:00,83,0.3732166300983677
28,2021-10-22 12:00:31.011000+09:00,0,0.0
28,2021-10-22 16:00:27.888000+09:00,0,0.0
28,2021-10-25 12:00:40.520000+09:00,0,0.0
28,2021-10-25 16:00:30.782000+09:00,59,0.0268407305232431
28,2021-10-25 20:00:29.501000+09:00,30,0.0014765333801243
28,2021-10-28 12:06:57.085000+09:00,0,0.0
28,2021-10-31 12:01:58.328000+09:00,0,0.0
28,2021-10-31 16:07:57.733000+09:00,47,0.0397998163986203
28,2021-10-31 20:10:15.355000+09:00,7,0.0015938161344008
28,2021-11-03 12:03:47.081000+09:00,0,0.0
28,2021-11-03 16:03:05.171000+09:00,228,0.3672147895060068
28,2021-11-03 20:00:57.489000+09:00,41,0.0189651108107652
28,2021-11-06 12:03:10.677000+09:00,0,0.0
28,2021-11-06 16:34:19.660000+09:00,36,0.0313933516280833
28,2021-11-09 12:04:00.673000+09:00,0,0.0
28,2021-11-09 16:00:27.721000+09:00,8,0.0018024486609038
28,2021-11-09 20:05:57.846000+09:00,350,0.4476280261828198
28,2021-11-12 12:31:01.855000+09:00,0,0.0
30,2021-08-29 16:00:52.519000+09:00,2,3.656293132858845e-05
30,2021-08-29 20:01:08.239000+09:00,0,0.0
30,2021-09-01 12:10:28.759000+09:00,24,0.011120774373475
30,2021-09-01 20:05:05.375000+09:00,26,0.0096866972025043
30,2021-09-04 12:07:57.189000+09:00,21,0.0054634497700816
30,2021-09-04 16:01:39.037000+09:00,1085,13.920192856656763
30,2021-09-04 20:04:35.601000+09:00,1442,12.76534116483471
30,2021-09-07 12:08:30.565000+09:00,93,0.0818772832358979
30,2021-09-07 16:01:45.486000+09:00,2153,6.1630281135130165
30,2021-09-10 12:01:25.886000+09:00,30,0.0309385892170291
30,2021-09-10 16:01:15.424000+09:00,63,0.0251626641212577
30,2021-09-10 20:21:41.536000+09:00,2057,16.68816480953819
30,2021-09-13 12:00:57.821000+09:00,580,1.8628181611026515
30,2021-09-13 16:47:56.661000+09:00,12,0.0031845483869894
30,2021-09-16 12:00:33.910000+09:00,0,0.0
30,2021-09-16 16:53:05.477000+09:00,940,0.8708381574874224
30,2021-09-16 20:40:34.107000+09:00,0,0.0
30,2021-09-19 12:04:41.111000+09:00,206,0.5707176921958974
30,2021-09-19 20:45:47.721000+09:00,18,0.0051693612421406
30,2021-09-22 12:04:42.776000+09:00,12,0.0053431691112262
30,2021-09-22 16:40:26.622000+09:00,26,0.009274561140926
30,2021-09-22 20:05:03.614000+09:00,22,0.0109584418773288
30,2021-09-25 12:16:43.628000+09:00,1246,14.12696999815302
30,2021-09-25 16:02:37.771000+09:00,356,0.6608391113214552
30,2021-09-28 10:00:55.377000+09:00,0,0.0
30,2021-09-28 14:00:30.898000+09:00,1021,5.431191828946554
30,2021-09-28 18:18:42.957000+09:00,882,2.9366312633674667
30,2021-10-01 10:00:27.991000+09:00,30,0.0360050722368333
30,2021-10-01 14:00:42.710000+09:00,1929,13.071756756366732
30,2021-10-01 18:00:39.430000+09:00,334,0.6520260139208802
30,2021-10-04 10:37:43.005000+09:00,4,0.0010776029212343
30,2021-10-04 14:00:27.877000+09:00,806,4.681099105161929
30,2021-10-04 18:12:58.335000+09:00,1088,6.594520319127656
30,2021-10-07 10:03:26.123000+09:00,0,0.0
30,2021-10-07 14:39:47.477000+09:00,1736,11.246978198736333
30,2021-10-07 18:00:31.041000+09:00,919,4.623537787426357
30,2021-10-10 10:00:37.925000+09:00,0,0.0
30,2021-10-10 14:50:26.144000+09:00,23,0.0113029272416228
30,2021-10-10 18:00:30.220000+09:00,319,1.372461855703247
30,2021-10-13 10:08:17.315000+09:00,0,0.0
30,2021-10-13 14:00:35.544000+09:00,1330,5.271445328612376
30,2021-10-13 18:50:32.401000+09:00,839,2.5105676859044004
30,2021-10-16 10:03:20.571000+09:00,47,0.0357301701438807
30,2021-10-16 18:00:47.650000+09:00,6,0.0004363720772625
30,2021-10-19 14:35:28.823000+09:00,800,0.1485561317929681
30,2021-10-19 18:07:06.889000+09:00,0,0.0
30,2021-10-22 10:00:41.206000+09:00,0,0.0
30,2021-10-22 14:20:51.054000+09:00,864,2.382316569227986
30,2021-10-22 18:39:03.045000+09:00,373,0.5624255751407576
30,2021-10-25 10:01:22.058000+09:00,765,10.507866508401769
30,2021-10-25 14:19:45.699000+09:00,911,4.110538823411755
30,2021-10-25 18:50:26.344000+09:00,983,5.4545323088638
30,2021-10-28 10:12:44.660000+09:00,28,0.005336841324556
30,2021-10-28 14:12:19.590000+09:00,0,0.0
30,2021-10-28 18:03:57.366000+09:00,113,0.3244650780999523
30,2021-10-31 10:00:47.510000+09:00,0,0.0
30,2021-10-31 14:01:28.671000+09:00,56,0.0521122065275734
30,2021-10-31 18:01:09.815000+09:00,73,0.0623618986037068
30,2021-11-03 10:00:53.048000+09:00,19,0.016241574808019
30,2021-11-03 14:01:55.333000+09:00,2667,18.671632576389054
30,2021-11-03 18:06:12.513000+09:00,1679,9.529394975048236
30,2021-11-06 10:20:51.268000+09:00,0,0.0
30,2021-11-06 14:01:36.801000+09:00,660,0.4616621135690326
30,2021-11-06 18:22:01.161000+09:00,0,0.0
30,2021-11-09 10:15:58.671000+09:00,22,0.0070120023406442
30,2021-11-09 14:27:18.957000+09:00,534,1.4499159131250765
30,2021-11-09 18:11:23.531000+09:00,82,0.1660305666258009
30,2021-11-12 10:03:22.789000+09:00,30,0.0907513761293988
30,2021-11-12 14:07:32.205000+09:00,1523,6.173639232185033
30,2021-11-12 18:06:49.485000+09:00,188,0.2260264276676766
30,2021-11-15 10:00:26.710000+09:00,600,6.343649763292394
30,2021-11-15 14:11:22.865000+09:00,714,1.5589070681754365
30,2021-11-15 18:12:13.909000+09:00,1505,14.91227491032946
30,2021-11-18 10:00:27.515000+09:00,399,2.4981373771121778
30,2021-11-18 14:00:31.080000+09:00,853,2.298688162703827
30,2021-11-18 18:00:46.062000+09:00,1196,23.086222901627487
30,2021-11-21 10:54:44.950000+09:00,0,0.0
30,2021-11-21 14:29:47.402000+09:00,42,0.0100062099346949
30,2021-11-21 18:25:30.191000+09:00,0,0.0
30,2021-11-24 10:00:40.962000+09:00,0,0.0
30,2021-11-24 14:34:43.262000+09:00,1412,4.633113015175352
30,2021-11-24 18:15:29.388000+09:00,1442,10.517998512260917
36,2021-08-17 18:01:56.601000+09:00,0,0.0
36,2021-08-20 14:04:02.288000+09:00,0,0.0
36,2021-08-20 18:30:24.288000+09:00,205,0.0548027332678278
36,2021-08-23 10:01:18.654000+09:00,0,0.0
36,2021-08-23 18:01:35.972000+09:00,6345,194.11111129664437
36,2021-08-26 10:13:27.592000+09:00,0,0.0
36,2021-08-26 14:32:33.065000+09:00,2757,33.38592190977296
36,2021-08-26 18:35:29.690000+09:00,3681,47.78270906407104
36,2021-08-29 10:02:02.806000+09:00,0,0.0
36,2021-08-29 18:21:14.262000+09:00,0,0.0
36,2021-09-01 10:22:27.237000+09:00,0,0.0
36,2021-09-01 14:45:59.991000+09:00,74,328.91350514045234
36,2021-09-01 18:12:23.881000+09:00,1706,7.688375806555457
36,2021-09-04 12:02:03.370000+09:00,0,0.0
36,2021-09-04 16:02:20.220000+09:00,1001,0.4310772904609865
36,2021-09-04 20:01:25.411000+09:00,0,0.0
36,2021-09-07 12:02:53.730000+09:00,0,0.0
36,2021-09-07 16:01:42.526000+09:00,0,0.0
36,2021-09-07 20:04:46.434000+09:00,0,0.0
36,2021-09-10 12:01:52.502000+09:00,317,0.3592272339636591
36,2021-09-10 16:22:52.690000+09:00,244,0.0439453180432495
36,2021-09-10 20:01:20.846000+09:00,26,0.0015291051509426
36,2021-09-13 12:04:32.156000+09:00,2290,19.36311950129244
36,2021-09-13 16:04:05.695000+09:00,6026,193.57711289755176
36,2021-09-13 20:01:14.149000+09:00,5563,128.42804029547193
36,2021-09-16 12:03:07.171000+09:00,250,0.2005075211703006
36,2021-09-16 16:51:27.445000+09:00,1202,6.140058516445261
36,2021-09-16 20:01:11.356000+09:00,1500,14.579983476263113
36,2021-09-19 12:02:03.048000+09:00,0,0.0
36,2021-09-19 16:12:39.308000+09:00,0,0.0
36,2021-09-19 20:05:00.179000+09:00,0,0.0
36,2021-09-22 12:01:02.422000+09:00,52,0.0409832650511316
36,2021-09-22 16:20:26.572000+09:00,156,0.0821949789447496
36,2021-09-22 20:04:14.750000+09:00,0,0.0
36,2021-09-25 12:01:42.616000+09:00,410,1.0631619310315483
36,2021-09-25 16:01:12.701000+09:00,479,2.839949400966151
36,2021-09-25 20:18:50.729000+09:00,2140,1.5098530630820537
36,2021-09-28 12:01:14.657000+09:00,116,0.4598736246071554
36,2021-09-28 16:05:45.344000+09:00,1618,20.86154693103528
36,2021-09-28 20:01:34.635000+09:00,338,0.0419545967947972
36,2021-10-01 12:01:07.207000+09:00,0,0.0
36,2021-10-01 16:01:00.084000+09:00,228,0.0429125038283303
36,2021-10-04 12:01:11.865000+09:00,669,3.272937746248787
36,2021-10-04 16:06:37.083000+09:00,1094,2.330365507667749
36,2021-10-04 20:02:09.459000+09:00,3,0.000100000334339
36,2021-10-07 12:00:58.110000+09:00,5,0.0001382057560367
36,2021-10-07 16:01:13.528000+09:00,0,0.0
36,2021-10-07 20:00:55.221000+09:00,0,0.0
36,2021-10-10 12:03:38.919000+09:00,0,0.0
36,2021-10-10 16:01:20.719000+09:00,0,0.0
36,2021-10-10 20:29:31.311000+09:00,670,0.2701820023825092
36,2021-10-13 12:01:25.388000+09:00,0,0.0
36,2021-10-13 16:01:02.395000+09:00,0,0.0
36,2021-10-13 20:13:28.616000+09:00,0,0.0
36,2021-10-16 12:12:02.749000+09:00,0,0.0
36,2021-10-16 16:02:03.696000+09:00,502,0.1287218181257908
36,2021-10-16 20:04:10.942000+09:00,0,0.0
36,2021-10-19 12:01:23.640000+09:00,0,0.0
36,2021-10-19 16:02:17.082000+09:00,0,0.0
36,2021-10-19 20:03:31.528000+09:00,0,0.0
36,2021-10-22 12:05:44.955000+09:00,0,0.0
36,2021-10-22 16:01:10.523000+09:00,1563,1.0527699944558873
36,2021-10-22 20:02:13.628000+09:00,0,0.0
36,2021-10-25 12:01:37.960000+09:00,0,0.0
36,2021-10-25 16:05:59.855000+09:00,0,0.0
36,2021-10-25 20:26:04.788000+09:00,1,0.0
36,2021-10-28 12:02:37.619000+09:00,0,0.0
36,2021-10-28 16:06:02.121000+09:00,1,0.0
36,2021-10-28 20:01:09.991000+09:00,0,0.0
36,2021-10-31 12:01:24.018000+09:00,0,0.0
36,2021-10-31 16:24:43.698000+09:00,1,0.0
36,2021-10-31 20:23:34.556000+09:00,0,0.0
36,2021-11-03 12:53:32.245000+09:00,0,0.0
36,2021-11-03 16:06:07.443000+09:00,0,0.0
36,2021-11-03 20:13:01.607000+09:00,994,0.4742170629026938
36,2021-11-06 12:01:58.480000+09:00,0,0.0
36,2021-11-06 16:01:33.405000+09:00,0,0.0
36,2021-11-06 20:15:26.940000+09:00,6,0.00024224832756
36,2021-11-09 12:11:25.537000+09:00,0,0.0
36,2021-11-09 16:01:23.258000+09:00,1578,0.7746770409177149
36,2021-11-09 20:04:43.891000+09:00,0,0.0
36,2021-11-12 12:02:33.911000+09:00,3,0.0199228278137891
36,2021-11-12 16:01:08.345000+09:00,4,0.0001089813048292
36,2021-11-12 20:02:58.052000+09:00,0,0.0
36,2021-11-15 12:02:03.905000+09:00,0,0.0
36,2021-11-15 16:04:40.001000+09:00,914,6.033418422098379
36,2021-11-15 20:04:33.427000+09:00,1053,30.03664860417349
37,2021-08-17 12:00:26.740000+09:00,33,0.006280223039366
37,2021-08-17 16:37:59.079000+09:00,0,0.0
37,2021-08-17 20:03:25.803000+09:00,1,0.0
37,2021-08-20 12:01:14.629000+09:00,0,0.0
37,2021-08-20 16:24:17.784000+09:00,0,0.0
37,2021-08-20 20:00:34.014000+09:00,0,0.0
37,2021-08-23 12:01:46.518000+09:00,0,0.0
37,2021-08-23 16:04:38.425000+09:00,119,0.3142163898448418
37,2021-08-23 20:00:28.376000+09:00,1,0.0
37,2021-08-26 12:03:34.012000+09:00,19,0.0134820865957135
37,2021-08-26 16:07:06.894000+09:00,1758,15.258887829300894
37,2021-08-26 20:00:56.193000+09:00,5,0.0001831493784336
37,2021-08-29 12:52:40.067000+09:00,0,0.0
37,2021-08-29 16:01:38.919000+09:00,0,0.0
37,2021-08-29 20:02:00.850000+09:00,0,0.0
37,2021-09-01 12:01:27.364000+09:00,13,0.0029469309676559
37,2021-09-01 16:33:08.140000+09:00,1,0.0
37,2021-09-01 20:00:34.509000+09:00,0,0.0
37,2021-09-04 12:07:11.933000+09:00,0,0.0
37,2021-09-04 16:01:39.067000+09:00,0,0.0
37,2021-09-04 20:07:42.348000+09:00,0,0.0
37,2021-09-07 12:01:14.893000+09:00,188,0.329362612574256
37,2021-09-07 16:00:33.071000+09:00,677,1.188964611044822
37,2021-09-07 20:01:04.955000+09:00,16,0.0003543943461298
37,2021-09-10 12:01:54.181000+09:00,4,0.0007553835225747
37,2021-09-10 16:00:39.671000+09:00,2,3.618081891520535e-05
37,2021-09-10 20:01:05.808000+09:00,0,0.0
37,2021-09-13 12:05:27.491000+09:00,0,0.0
37,2021-09-13 16:00:38.337000+09:00,0,0.0
37,2021-09-13 20:00:22.754000+09:00,0,0.0
37,2021-09-16 12:00:51.327000+09:00,18,0.0096316667860793
37,2021-09-16 16:27:38.138000+09:00,24,0.0186003697529501
37,2021-09-16 20:00:23.431000+09:00,17,0.0010299437919901
37,2021-09-19 12:00:30.163000+09:00,0,0.0
37,2021-09-19 16:00:28.318000+09:00,5,0.0021246549612346
37,2021-09-19 20:12:04.729000+09:00,60,0.0539064483338458
37,2021-09-22 12:01:24.112000+09:00,0,0.0
37,2021-09-22 16:00:35.304000+09:00,0,0.0
37,2021-09-22 20:00:29.049000+09:00,5,0.0004255761824571
37,2021-09-25 12:00:29.929000+09:00,0,0.0
37,2021-09-25 16:00:33.631000+09:00,19,0.0006586648379377
37,2021-09-25 20:00:56.252000+09:00,0,0.0
37,2021-09-28 12:00:26.648000+09:00,9,0.0016776723093509
37,2021-09-28 16:02:06.052000+09:00,470,0.7777361339140223
37,2021-09-28 20:00:45.206000+09:00,2,0.0001313458306989
37,2021-10-01 12:00:22.955000+09:00,2,0.0003823595462972
37,2021-10-01 16:02:45.632000+09:00,9,0.0028222517806532
37,2021-10-01 20:01:39.436000+09:00,815,2.2459839485943696
37,2021-10-04 12:00:37.699000+09:00,4,0.0019683710119442
37,2021-10-04 16:00:28.752000+09:00,9,0.0004326602518005
37,2021-10-04 20:00:28.076000+09:00,0,0.0
37,2021-10-07 12:00:34.536000+09:00,20,0.0055135826726179
37,2021-10-07 16:00:24.814000+09:00,1385,12.55569764845101
37,2021-10-07 20:00:28.628000+09:00,879,0.8473065831799741
37,2021-10-10 12:00:29.178000+09:00,0,0.0
37,2021-10-10 20:02:03.292000+09:00,17,0.0082946401219479
37,2021-10-13 12:00:19.438000+09:00,0,0.0
37,2021-10-13 16:00:49.850000+09:00,4,0.0003388292375366
37,2021-10-13 20:00:31.931000+09:00,11,0.0068094579122569
37,2021-10-16 12:02:31.279000+09:00,0,0.0
37,2021-10-16 16:04:58.992000+09:00,0,0.0
37,2021-10-16 20:00:22.002000+09:00,888,4.120178831094146
37,2021-10-19 12:00:21.216000+09:00,0,0.0
37,2021-10-19 16:26:00.268000+09:00,0,0.0
37,2021-10-19 20:00:40.502000+09:00,0,0.0
37,2021-10-22 12:00:22.463000+09:00,13,0.0015616637293813
37,2021-10-22 16:01:19.240000+09:00,0,0.0
37,2021-10-22 20:01:50.488000+09:00,1,0.0
37,2021-10-25 12:03:05.677000+09:00,1,0.0
37,2021-10-25 16:00:26.270000+09:00,0,0.0
37,2021-10-25 20:00:37.975000+09:00,549,0.07295225239094
37,2021-10-28 12:00:35.954000+09:00,6,0.0013598171268224
37,2021-10-28 16:19:05.452000+09:00,239,0.357307096189411
37,2021-10-28 20:01:25.903000+09:00,687,0.2671048841920038
37,2021-10-31 12:00:24.654000+09:00,0,0.0
37,2021-10-31 16:00:32.486000+09:00,11,1.5317603598606022
37,2021-10-31 20:00:34.697000+09:00,168,0.0345073065391239
37,2021-11-03 12:00:51.229000+09:00,0,0.0
37,2021-11-03 16:08:22.047000+09:00,0,0.0
37,2021-11-03 20:00:42.041000+09:00,0,0.0
37,2021-11-06 12:00:31.823000+09:00,0,0.0
37,2021-11-06 16:03:21.213000+09:00,9,0.0011685107194283
37,2021-11-06 20:00:45.381000+09:00,6,0.001000097430315
37,2021-11-09 12:00:39.441000+09:00,0,0.0
37,2021-11-09 16:00:25.820000+09:00,0,0.0
37,2021-11-09 20:00:26.122000+09:00,0,0.0
39,2021-08-17 12:00:43.706000+09:00,143,0.9476332775312574
39,2021-08-17 16:00:29.641000+09:00,823,1.0580311483792482
39,2021-08-17 20:00:27.902000+09:00,7,0.0038747489007474
39,2021-08-20 12:06:23.465000+09:00,0,0.0
39,2021-08-26 12:51:33.714000+09:00,0,0.0
39,2021-08-26 20:00:29.975000+09:00,20,0.0071089878634208
39,2021-09-13 12:04:22.377000+09:00,0,0.0
39,2021-09-13 16:51:12.796000+09:00,3078,54.06982524217233
39,2021-09-13 20:06:35.936000+09:00,2097,1.2982519862931292
39,2021-09-16 12:00:30.962000+09:00,0,0.0
39,2021-09-16 16:59:40.406000+09:00,3,0.0004065210923921
39,2021-09-16 20:07:28.704000+09:00,1168,4.352544220477567
39,2021-09-22 12:01:54.475000+09:00,39,0.1958548581499571
39,2021-09-22 16:04:02.532000+09:00,411,1.180569923283196
39,2021-09-22 20:00:34.370000+09:00,948,5.843185689442247
39,2021-09-25 12:11:38.974000+09:00,126,0.4785714970091831
39,2021-09-25 20:07:49.053000+09:00,598,1.4446884335069332
39,2021-09-28 12:01:01.643000+09:00,48,0.0502668486932531
39,2021-09-28 20:09:05.433000+09:00,0,0.0
39,2021-10-01 12:00:22.857000+09:00,0,0.0
39,2021-10-01 16:09:02.777000+09:00,0,0.0
39,2021-10-01 20:00:32.583000+09:00,2202,0.4434736085313723
39,2021-10-04 12:08:32.144000+09:00,0,0.0
39,2021-10-04 16:00:21.818000+09:00,916,3.801016950049788
39,2021-10-07 12:05:38.094000+09:00,0,0.0
39,2021-10-10 16:00:21.743000+09:00,0,0.0
39,2021-10-10 20:03:06.252000+09:00,60,0.0052238359209986
39,2021-10-13 12:00:45.063000+09:00,0,0.0
39,2021-10-13 16:21:49.064000+09:00,377,0.3621786653985785
39,2021-10-16 12:47:10.236000+09:00,0,0.0
39,2021-10-19 12:32:01.200000+09:00,0,0.0
39,2021-10-19 16:00:26.036000+09:00,3,0.0003947095899009
39,2021-10-22 12:10:08.839000+09:00,0,0.0
39,2021-10-25 16:15:49.338000+09:00,55,0.0560856401051331
39,2021-10-25 20:00:25+09:00,48,0.0019596484590638
39,2021-10-28 16:53:40.992000+09:00,49,0.0453971891606583
39,2021-10-28 20:02:29.626000+09:00,1020,4.734436427854267
39,2021-10-31 12:00:31.824000+09:00,0,0.0
39,2021-10-31 16:50:15.737000+09:00,1615,2.307361179968072
39,2021-11-03 12:53:18.874000+09:00,38,182.13986167493783
39,2021-11-03 20:15:29.815000+09:00,1483,9.088628428276095
39,2021-11-06 12:00:41.559000+09:00,0,0.0
39,2021-11-09 12:08:08.057000+09:00,0,0.0
39,2021-11-12 12:00:20.774000+09:00,0,0.0
39,2021-11-12 20:13:09.468000+09:00,984,5.7382311986758685
39,2021-11-15 12:01:56.323000+09:00,0,0.0
39,2021-11-15 16:00:23.773000+09:00,5,0.0004709392010999
39,2021-11-15 20:01:18.182000+09:00,0,0.0
39,2021-11-18 16:09:31.296000+09:00,0,0.0
39,2021-11-18 20:12:38.446000+09:00,0,0.0
39,2021-11-24 12:31:26.367000+09:00,0,0.0
39,2021-11-24 20:11:00.065000+09:00,0,0.0
39,2021-11-27 20:23:10.968000+09:00,3343,24.64788101420608
39,2021-11-30 12:01:01.184000+09:00,0,0.0
39,2021-11-30 16:53:25.937000+09:00,0,0.0
39,2021-11-30 20:00:35.447000+09:00,3067,74.08423797845035
39,2021-12-03 12:17:36.646000+09:00,0,0.0
39,2021-12-03 20:50:43.853000+09:00,1224,7.046012331456756
39,2021-12-06 12:07:38.738000+09:00,0,0.0
39,2021-12-06 16:00:23.023000+09:00,166,0.360957159160898
39,2021-12-06 20:10:40.478000+09:00,368,0.7393145003834896
39,2021-12-09 12:55:26.034000+09:00,4,0.0014377438682035
39,2021-12-09 20:00:54.697000+09:00,419,1.007857600384527
39,2021-12-12 12:06:42.439000+09:00,11,0.003487684469819
39,2021-12-12 20:11:56.427000+09:00,465,3.172098948174025
39,2021-12-15 12:05:22.475000+09:00,0,0.0
39,2021-12-18 20:03:13.313000+09:00,107,0.1619603056790349
39,2021-12-21 12:58:30.968000+09:00,0,0.0
39,2021-12-24 20:00:28.248000+09:00,3,0.0025709997041514
39,2021-12-27 20:00:19.853000+09:00,0,0.0
39,2021-12-30 16:03:42.930000+09:00,1034,4.758577050818373
39,2021-12-30 20:01:30.294000+09:00,2073,15.538237394074056
40,2021-08-17 12:18:18.966000+09:00,0,0.0
40,2021-08-17 16:53:54.058000+09:00,50,0.0482336256052174
40,2021-08-17 20:56:24.852000+09:00,5461,106.3366506109868
40,2021-08-20 12:10:44.659000+09:00,0,0.0
40,2021-08-20 16:51:35.592000+09:00,2494,21.42297017152452
40,2021-08-20 20:48:41.828000+09:00,57,0.0332262454495945
40,2021-08-23 12:25:21.629000+09:00,0,0.0
40,2021-08-23 16:24:12.669000+09:00,2163,1.1700480314948485
40,2021-08-26 12:15:33.552000+09:00,29,0.0182392050478342
40,2021-08-26 16:20:55.016000+09:00,2527,48.6422863045338
40,2021-08-26 20:28:56.890000+09:00,184,0.6279507414052752
40,2021-08-29 12:45:28.331000+09:00,1353,13.065643278876378
40,2021-08-29 20:50:20.964000+09:00,0,0.0
40,2021-09-01 12:25:38.863000+09:00,0,0.0
40,2021-09-01 16:50:34.998000+09:00,28,0.0448776164697353
40,2021-09-04 16:00:34.624000+09:00,0,0.0
40,2021-09-04 20:01:15.025000+09:00,15,0.0078457274658544
40,2021-09-07 12:11:37.414000+09:00,296,1.056717721274163
40,2021-09-07 16:06:47.775000+09:00,1666,6.795764609770568
40,2021-09-10 12:50:28.482000+09:00,43,0.0168224515972568
40,2021-09-10 16:11:05.024000+09:00,0,0.0
40,2021-09-10 20:52:49.841000+09:00,1164,16.387081474491495
40,2021-09-13 12:01:40.561000+09:00,0,0.0
40,2021-09-13 16:40:50.119000+09:00,3442,105.16648288913916
40,2021-09-13 20:17:52.622000+09:00,1958,44.60772044752172
40,2021-09-16 12:12:04.280000+09:00,0,0.0
40,2021-09-16 16:00:26.232000+09:00,3055,24.607193818468865
40,2021-09-16 20:01:00.887000+09:00,542,1.207929394411326
40,2021-09-19 12:25:59.628000+09:00,1641,28.2831336260358
40,2021-09-19 16:02:36.533000+09:00,2072,25.42224183287562
40,2021-09-19 20:19:05.733000+09:00,265,0.2158297045117095
40,2021-09-22 12:42:15.298000+09:00,0,0.0
40,2021-09-22 16:16:18.304000+09:00,2873,66.75498742841361
40,2021-09-22 20:10:24.155000+09:00,1495,20.60813951366965
40,2021-09-25 12:29:25.162000+09:00,1660,7.300537736356735
40,2021-09-25 16:04:23.165000+09:00,2453,74.20448581929138
40,2021-09-25 20:40:50.802000+09:00,2038,34.79440172473337
40,2021-09-28 12:57:37.374000+09:00,35,1457.5297700433769
40,2021-09-28 16:24:21.059000+09:00,765,5.9546974062856
40,2021-09-28 20:41:47.942000+09:00,347,0.6565886449433354
40,2021-10-01 12:09:56.464000+09:00,0,0.0
40,2021-10-01 16:26:17.651000+09:00,4734,21.62395010512065
40,2021-10-01 20:18:48.711000+09:00,10,0.0126344348066849
40,2021-10-04 12:17:09.027000+09:00,0,0.0
40,2021-10-04 16:14:19.745000+09:00,3638,58.64838330447593
40,2021-10-04 20:35:55.458000+09:00,636,1.8712319471956111
40,2021-10-07 12:27:12.085000+09:00,48,0.0684750209435428
40,2021-10-07 16:41:00.246000+09:00,3692,114.042395899025
40,2021-10-07 20:16:54.263000+09:00,3047,85.61063481016735
40,2021-10-10 12:12:59.214000+09:00,0,0.0
40,2021-10-10 16:02:11.574000+09:00,2692,49.09642440464681
40,2021-10-10 20:19:03.894000+09:00,2381,51.46785303742404
40,2021-10-13 12:26:51.477000+09:00,0,0.0
40,2021-10-13 16:31:15.903000+09:00,214,0.4901024582315883
40,2021-10-13 20:33:34.978000+09:00,3529,50.849851362413936
40,2021-10-16 12:57:11.679000+09:00,67,0.0866693847560468
40,2021-10-16 16:41:41.620000+09:00,2564,18.65188933779832
40,2021-10-16 20:10:11.064000+09:00,11,0.0044386899649153
40,2021-10-19 12:24:17.558000+09:00,0,0.0
40,2021-10-19 16:11:21.226000+09:00,2721,22.005954649044853
40,2021-10-19 20:09:19.589000+09:00,2565,51.12664720606522
40,2021-10-22 12:17:21.028000+09:00,0,0.0
40,2021-10-22 16:40:49.131000+09:00,2002,0.3486006969366937
40,2021-10-22 20:19:13.419000+09:00,0,0.0
40,2021-10-25 12:30:45.222000+09:00,0,0.0
40,2021-10-25 16:06:27.031000+09:00,2422,0.3814716541643173
40,2021-10-28 16:50:44.757000+09:00,0,0.0
40,2021-10-28 20:54:13.351000+09:00,0,0.0
40,2021-10-31 12:06:29.330000+09:00,0,0.0
40,2021-10-31 16:50:17.789000+09:00,2515,2.6640456163044
40,2021-11-03 12:21:12.079000+09:00,0,0.0
40,2021-11-03 16:48:38.473000+09:00,0,0.0
40,2021-11-03 20:34:15.738000+09:00,2412,35.29841745925325
40,2021-11-06 12:08:17.943000+09:00,0,0.0
40,2021-11-06 16:05:06.517000+09:00,2224,4.372094926744114
40,2021-11-06 20:37:00.185000+09:00,65,220.5648684503974
40,2021-11-09 12:19:53.551000+09:00,1505,22.5752494690216
40,2021-11-09 16:31:04.774000+09:00,773,0.2465098317248514
40,2021-11-09 20:20:18.295000+09:00,0,0.0
40,2021-11-12 12:16:36.591000+09:00,2,0.0009928702199873
40,2021-11-12 16:06:49.623000+09:00,117,0.1256561448342117
40,2021-11-12 20:54:08.421000+09:00,1672,10.179371347505285
40,2021-11-15 12:01:16.340000+09:00,0,0.0
40,2021-11-15 16:30:36.495000+09:00,2638,30.05284052704601
40,2021-11-15 20:31:50.247000+09:00,11,0.0034964996467174
40,2021-11-18 12:04:54.855000+09:00,0,0.0
40,2021-11-18 16:05:25.009000+09:00,2192,4.7216971728178425
40,2021-11-18 20:39:24.691000+09:00,142,0.5334917969707068
40,2021-11-21 12:04:03.807000+09:00,0,0.0
40,2021-11-21 16:50:57.327000+09:00,1565,3.1883745807535484
40,2021-11-21 20:31:10.428000+09:00,616,1.3283859942092648
40,2021-11-24 12:56:08.778000+09:00,9,0.007554325597075
40,2021-11-24 16:23:23.447000+09:00,1773,3.4450113300230147
40,2021-11-24 20:09:21.830000+09:00,62,14.23504557296654
40,2021-11-27 12:12:59.044000+09:00,0,0.0
40,2021-11-27 16:02:04.795000+09:00,2500,35.34353403068437
40,2021-11-27 20:00:21.811000+09:00,282,0.020102723543177
40,2021-11-30 12:00:19.325000+09:00,0,0.0
40,2021-11-30 16:00:26.726000+09:00,2196,5.756133578160032
40,2021-11-30 20:14:28.361000+09:00,0,0.0
40,2021-12-03 12:32:44.859000+09:00,0,0.0
40,2021-12-03 16:09:50.322000+09:00,302,1.1864974609617631
40,2021-12-03 20:58:32.572000+09:00,1554,6.80648957778055
40,2021-12-06 12:50:30.239000+09:00,1190,7.9673922524525
40,2021-12-06 16:36:24.803000+09:00,1585,7.208624268517466
40,2021-12-06 20:20:14.112000+09:00,31,0.0199884263320785
40,2021-12-09 12:07:18.420000+09:00,0,0.0
40,2021-12-09 16:26:19.049000+09:00,0,0.0
40,2021-12-09 20:46:21.031000+09:00,542,2.0429083914293638
40,2021-12-12 12:09:03.891000+09:00,0,0.0
40,2021-12-12 16:00:33.309000+09:00,1542,16.71652296452758
40,2021-12-12 20:02:58.604000+09:00,2364,12.86886463765646
42,2021-08-20 10:01:26.361000+09:00,0,0.0
42,2021-08-20 14:13:00.938000+09:00,5,0.001031996611763
42,2021-08-20 18:00:56.013000+09:00,2585,34.18651958596775
42,2021-08-23 10:04:20.013000+09:00,0,0.0
42,2021-08-23 14:00:36.442000+09:00,1209,13.440814912625774
42,2021-08-23 18:06:14.665000+09:00,300,0.9604084948223546
42,2021-08-26 14:00:40.358000+09:00,0,0.0
42,2021-08-26 18:03:52.742000+09:00,797,2.778455496310533
42,2021-08-29 10:03:36.697000+09:00,322,1.7285468138666276
42,2021-08-29 14:03:10.234000+09:00,384,0.8968606981314114
42,2021-08-29 18:08:31.089000+09:00,128,0.1182644444189118
42,2021-09-01 10:01:38.989000+09:00,525,54.50418344413762
42,2021-09-01 14:04:15.381000+09:00,2480,27.350110612800464
42,2021-09-01 18:00:46.446000+09:00,734,1.7007195215444928
42,2021-09-04 10:15:54.417000+09:00,0,0.0
42,2021-09-04 14:19:34.692000+09:00,1513,11.814868326616958
42,2021-09-04 18:00:20.447000+09:00,1772,14.340781112896286
42,2021-09-07 10:01:17.421000+09:00,12,0.0031386725379159
42,2021-09-07 14:00:37.051000+09:00,150,0.1258698129666232
42,2021-09-07 18:01:42.674000+09:00,949,11.266921216690369
42,2021-09-10 10:05:07.158000+09:00,0,0.0
42,2021-09-10 14:00:24.246000+09:00,0,0.0
42,2021-09-10 18:00:40.366000+09:00,539,1.5655020732463727
42,2021-09-13 10:06:02.710000+09:00,0,0.0
42,2021-09-13 14:00:37.902000+09:00,130,0.1161649040859646
42,2021-09-16 14:00:42.456000+09:00,0,0.0
42,2021-09-16 18:04:20.158000+09:00,464,1.2289841324602313
42,2021-09-19 10:24:20.702000+09:00,0,0.0
42,2021-09-19 14:54:36.364000+09:00,336,0.6552838193592488
42,2021-09-19 18:00:46.452000+09:00,1520,18.668201609570684
42,2021-09-22 10:41:21.044000+09:00,9,0.0020357837408659
42,2021-09-22 14:20:19.761000+09:00,13,0.005678095672082
42,2021-09-22 18:03:29.787000+09:00,4,0.0012531498604818
42,2021-09-25 10:10:11.283000+09:00,10,0.0038453080978245
42,2021-09-25 18:00:19.339000+09:00,121,0.2298067576700162
42,2021-09-28 10:23:19.386000+09:00,0,0.0
42,2021-09-28 14:01:30.670000+09:00,323,0.3599474459622219
42,2021-09-28 18:03:43.335000+09:00,584,3.1857169775782683
42,2021-10-01 10:06:18.158000+09:00,0,0.0
42,2021-10-01 14:00:25.270000+09:00,647,2.3474724890914382
42,2021-10-01 18:34:37.103000+09:00,829,3.233360252322569
42,2021-10-04 10:00:26.374000+09:00,0,0.0
42,2021-10-04 14:57:16.607000+09:00,82,0.0572745958781343
42,2021-10-04 18:00:44.845000+09:00,728,5.799265582254822
42,2021-10-07 14:00:34.796000+09:00,453,2.5344698623554263
42,2021-10-07 18:22:00.268000+09:00,384,0.4473967095336609
42,2021-10-10 10:00:26.817000+09:00,0,0.0
42,2021-10-10 14:49:04.890000+09:00,14,0.0017233421889076
42,2021-10-10 18:17:15.945000+09:00,0,0.0
42,2021-10-13 10:02:39.373000+09:00,747,1.6726349390869646
42,2021-10-13 14:00:31.784000+09:00,893,2.1720607104284317
42,2021-10-13 18:03:29.673000+09:00,1494,3.665424367018531
42,2021-10-16 14:17:39.654000+09:00,0,0.0
42,2021-10-16 18:17:50.120000+09:00,481,1.2402059241002292
42,2021-10-19 10:01:51.706000+09:00,0,0.0
42,2021-10-19 14:29:48.219000+09:00,0,0.0
42,2021-10-19 18:05:46.203000+09:00,0,0.0
42,2021-10-22 10:30:08.985000+09:00,0,0.0
42,2021-10-22 14:07:25.695000+09:00,123,0.7571482533426204
42,2021-10-22 18:00:24.073000+09:00,767,2.428740950973831
42,2021-10-25 10:19:35.511000+09:00,0,0.0
42,2021-10-28 10:42:36.470000+09:00,0,0.0
42,2021-10-28 14:15:12.551000+09:00,12,0.003220751818252
42,2021-10-28 18:04:40.555000+09:00,2108,14.964583402723829
42,2021-10-31 10:22:35.510000+09:00,0,0.0
42,2021-10-31 14:02:54.336000+09:00,1124,4.228667204389011
42,2021-10-31 18:11:30.881000+09:00,394,1.0900904705556322
42,2021-11-03 10:00:38.543000+09:00,0,0.0
42,2021-11-03 14:22:26.242000+09:00,1487,16.871108726868606
42,2021-11-03 18:06:41.746000+09:00,250,0.5138565614478211
42,2021-11-06 10:01:23.299000+09:00,3,0.0004841266300517
42,2021-11-06 14:20:32.965000+09:00,305,0.5597150721061227
42,2021-11-09 14:06:07.455000+09:00,0,0.0
42,2021-11-09 18:01:29.235000+09:00,327,0.4885312423441717
42,2021-11-12 14:05:20.170000+09:00,0,0.0
42,2021-11-12 18:52:54.721000+09:00,3152,29.01257629216795
42,2021-11-15 14:00:27.064000+09:00,29,0.0194301775868382
42,2021-11-15 18:56:47.721000+09:00,3799,38.74455601412488
42,2021-11-18 10:02:05.620000+09:00,0,0.0
42,2021-11-18 14:51:31.567000+09:00,32,0.0301621828381897
42,2021-11-21 10:01:03.705000+09:00,0,0.0
