pid,timestamp,CALL#count_ratio_in2missed#4HR,CALL#count_ratio_in2out#4HR,CALL#duration_ratio_in2out#4HR,CALL#IN_duration#4HR,CALL#OUT_duration#4HR,CALL#MISSED_count#4HR,CALL#IN_count#4HR,CALL#OUT_count#4HR
6,2021-08-20 12:00:35.909000+09:00,0.0,0.0,0.0,0.0,0.0,2,0,0
6,2021-08-20 16:00:50.097000+09:00,0.0,0.0,0.0,0.0,0.0,3,0,0
6,2021-08-20 20:00:38.884000+09:00,0.3333333333333333,1.0,1.0,0.885,0.0,2,1,0
6,2021-08-23 12:00:30.315000+09:00,0.0,0.0,0.0,0.0,0.0,3,0,0
6,2021-08-23 16:00:37.721000+09:00,0.0,0.0,0.0,0.0,0.0,3,0,0
6,2021-08-23 20:00:57.442000+09:00,0.0,0.0,0.0,0.0,0.0,1,0,0
6,2021-08-26 12:00:49.929000+09:00,0.0,0.0,0.0,0.0,0.0,1,0,0
6,2021-08-26 16:10:12.979000+09:00,0.0,0.0,0.0,0.0,0.0,4,0,0
6,2021-08-29 10:00:52.708000+09:00,0.0,0.0,0.0,0.0,0.0,0,0,0
6,2021-08-29 14:02:33.617000+09:00,0.0,0.0,0.0,0.0,12.946,0,0,1
6,2021-08-29 18:00:27.743000+09:00,1.0,0.25,0.1297876128007449,18.956,127.098,0,1,3
6,2021-09-01 10:26:50.709000+09:00,1.0,0.4,0.7058831380889034,158.655,66.106,0,2,3
6,2021-09-01 14:23:10.563000+09:00,0.0,0.0,0.0,0.0,178.172,1,0,2
6,2021-09-01 18:01:40.953000+09:00,1.0,1.0,1.0,3.387,0.0,0,1,0
6,2021-09-04 10:08:27.567000+09:00,1.0,0.3333333333333333,0.0489110160690916,24.256,471.665,0,1,2
6,2021-09-04 14:00:56.412000+09:00,1.0,0.6666666666666666,0.3927540036755053,26.928,41.634,0,2,1
6,2021-09-04 18:03:17.624000+09:00,0.0,0.0,0.0,0.0,0.0,0,0,0
6,2021-09-07 10:01:17.259000+09:00,0.0,0.0,0.0,0.0,0.0,1,0,0
6,2021-09-07 14:00:38.511000+09:00,0.75,0.6,0.5289198190676294,115.29500000000002,102.687,1,3,2
6,2021-09-07 18:00:31.508000+09:00,0.0,0.0,0.0,0.0,0.0,0,0,0
6,2021-09-10 10:14:24.916000+09:00,0.0,0.0,0.0,0.0,0.0,1,0,0
6,2021-09-10 14:01:53.146000+09:00,0.5,1.0,1.0,9.067,0.0,1,1,0
6,2021-09-10 18:55:05.097000+09:00,0.0,0.0,0.0,0.0,0.0,1,0,0
6,2021-09-13 10:00:54.595000+09:00,0.0,0.0,0.0,0.0,0.0,0,0,0
6,2021-09-13 14:06:09.193000+09:00,0.0,0.0,0.0,0.0,0.0,1,0,0
6,2021-09-13 18:06:58.054000+09:00,0.25,1.0,1.0,31.499,0.0,3,1,0
6,2021-09-16 10:00:39.984000+09:00,0.0,0.0,0.0,0.0,0.0,1,0,0
6,2021-09-16 14:00:38.651000+09:00,0.0,0.0,0.0,0.0,0.0,1,0,0
6,2021-09-16 18:00:47.630000+09:00,0.0,0.0,0.0,0.0,0.0,1,0,0
6,2021-09-19 10:50:22.638000+09:00,0.75,1.0,1.0,99.954,0.0,1,3,0
6,2021-09-19 14:31:05.593000+09:00,0.0,0.0,0.0,0.0,0.0,0,0,0
6,2021-09-19 18:01:23.837000+09:00,0.5,1.0,1.0,9.18,0.0,1,1,0
6,2021-09-22 10:32:10.942000+09:00,0.0,0.0,0.0,0.0,0.0,0,0,0
6,2021-09-22 14:15:11.747000+09:00,0.0,0.0,0.0,0.0,0.0,0,0,0
6,2021-09-22 18:00:25.372000+09:00,1.0,0.5,0.6932660952367536,98.432,43.551,0,1,1
6,2021-09-25 10:30:41.959000+09:00,0.0,0.0,0.0,0.0,0.0,0,0,0
6,2021-09-25 14:16:13.899000+09:00,0.0,0.0,0.0,0.0,0.0,0,0,0
6,2021-09-25 18:56:00.374000+09:00,0.0,0.0,0.0,0.0,0.0,0,0,0
6,2021-09-28 10:01:19.329000+09:00,0.0,0.0,0.0,0.0,0.0,0,0,0
6,2021-09-28 14:07:20.208000+09:00,0.25,1.0,1.0,33.379,0.0,3,1,0
6,2021-09-28 18:06:05.469000+09:00,0.5,0.5,0.096062580867253,40.463,380.752,1,1,1
6,2021-10-01 10:00:52.106000+09:00,0.0,0.0,0.0,0.0,0.0,0,0,0
6,2021-10-01 14:06:08.629000+09:00,0.0,0.0,0.0,0.0,3.573,0,0,1
6,2021-10-01 18:53:12.115000+09:00,0.0,0.0,0.0,0.0,0.0,0,0,0
6,2021-10-04 10:32:58.806000+09:00,0.0,0.0,0.0,0.0,0.0,0,0,0
6,2021-10-04 14:29:46.280000+09:00,0.0,0.0,0.0,0.0,0.0,0,0,0
6,2021-10-04 18:33:37.793000+09:00,0.0,0.0,0.0,0.0,0.0,1,0,0
6,2021-10-07 10:01:40.726000+09:00,0.5,1.0,1.0,52.487,0.0,1,1,0
6,2021-10-07 14:06:59.699000+09:00,0.0,0.0,0.0,0.0,168.221,0,0,1
6,2021-10-07 18:11:51.985000+09:00,0.0,0.0,0.0,0.0,0.0,2,0,0
6,2021-10-10 14:00:47.371000+09:00,1.0,0.5,0.944137329066046,45.43,2.688,0,1,1
6,2021-10-10 18:00:38.484000+09:00,1.0,1.0,1.0,67.96600000000001,0.0,0,2,0
6,2021-10-13 10:00:31.252000+09:00,0.0,0.0,0.0,0.0,0.0,0,0,0
6,2021-10-13 14:46:47.777000+09:00,0.0,0.0,0.0,0.0,0.0,1,0,0
6,2021-10-13 18:03:31.353000+09:00,0.0,0.0,0.0,0.0,0.0,1,0,0
6,2021-10-16 10:42:47.029000+09:00,0.0,0.0,0.0,0.0,0.0,0,0,0
6,2021-10-16 14:03:03.700000+09:00,1.0,1.0,1.0,228.153,0.0,0,4,0
6,2021-10-16 18:24:47.910000+09:00,0.0,0.0,0.0,0.0,0.0,0,0,0
6,2021-10-19 10:51:54.763000+09:00,0.6666666666666666,0.6666666666666666,0.408414860100788,113.3,164.114,1,2,1
6,2021-10-19 14:01:13.817000+09:00,0.2,0.25,0.1848445316239476,39.39,173.70800000000003,4,1,3
6,2021-10-22 10:06:46.662000+09:00,0.0,0.0,0.0,0.0,0.0,0,0,0
6,2021-10-22 14:01:10.998000+09:00,0.0,0.0,0.0,0.0,0.0,1,0,0
6,2021-10-22 18:12:15.091000+09:00,0.0,0.0,0.0,0.0,0.0,2,0,0
6,2021-10-25 10:15:59.077000+09:00,0.0,0.0,0.0,0.0,0.0,0,0,0
6,2021-10-25 14:10:21.841000+09:00,0.0,0.0,0.0,0.0,0.0,0,0,0
6,2021-10-25 18:03:59.534000+09:00,0.0,0.0,0.0,0.0,0.0,1,0,0
6,2021-10-28 10:00:41.897000+09:00,0.0,0.0,0.0,0.0,0.0,0,0,0
6,2021-10-28 14:04:49.091000+09:00,0.0,0.0,0.0,0.0,0.0,3,0,0
6,2021-10-28 18:16:07.997000+09:00,0.6666666666666666,0.5,0.9529663663127844,53.409000000000006,2.636,1,2,2
6,2021-10-31 10:02:50.816000+09:00,0.0,0.0,0.0,0.0,0.0,0,0,0
6,2021-10-31 14:09:32.738000+09:00,1.0,0.75,0.9161667818208624,316.914,28.999,0,3,1
6,2021-11-03 10:47:49.804000+09:00,0.0,0.0,0.0,0.0,0.0,0,0,0
6,2021-11-03 14:06:39.352000+09:00,0.0,0.0,0.0,0.0,0.0,0,0,0
6,2021-11-03 18:00:46.501000+09:00,0.0,0.0,0.0,0.0,0.0,3,0,0
6,2021-11-06 14:52:25.016000+09:00,0.2,0.3333333333333333,0.2656062468368158,18.368,50.787,4,1,2
6,2021-11-06 18:00:40.894000+09:00,0.5,0.6666666666666666,0.3999463830928019,89.512,134.298,2,2,1
6,2021-11-09 10:08:34.066000+09:00,0.0,0.0,0.0,0.0,0.0,0,0,0
6,2021-11-09 18:00:24.568000+09:00,0.0,0.0,0.0,0.0,1552.721,2,0,3
6,2021-11-12 14:44:07.726000+09:00,0.0,0.0,0.0,0.0,16.609,0,0,2
6,2021-11-12 18:00:30.318000+09:00,0.0,0.0,0.0,0.0,0.0,1,0,0
6,2021-11-15 10:15:25.131000+09:00,0.0,0.0,0.0,0.0,0.0,0,0,0
6,2021-11-15 14:00:48.905000+09:00,0.0,0.0,0.0,0.0,0.0,1,0,0
6,2021-11-15 18:01:57.866000+09:00,0.0,0.0,0.0,0.0,0.0,0,0,0
6,2021-11-17 19:32:20.002000+09:00,0.0,0.0,0.0,0.0,0.0,2,0,0
6,2021-11-18 10:52:10.270000+09:00,0.0,0.0,0.0,0.0,0.0,1,0,0
6,2021-11-18 14:04:13.659000+09:00,0.0,0.0,0.0,0.0,0.0,3,0,0
6,2021-11-18 18:01:03.907000+09:00,0.5,0.5,0.3661936697764252,51.381,88.93,1,1,1
6,2021-11-21 14:03:01.998000+09:00,0.0,0.0,0.0,0.0,0.0,1,0,0
6,2021-11-21 18:04:02.344000+09:00,0.0,0.0,0.0,0.0,0.0,0,0,0
14,2021-09-13 20:26:52.218000+09:00,0.0,0.0,0.0,0.0,0.0,0,0,0
14,2021-09-16 12:09:20.221000+09:00,0.0,0.0,0.0,0.0,0.0,0,0,0
14,2021-09-16 16:27:39.925000+09:00,0.0,0.0,0.0,0.0,0.0,0,0,0
14,2021-09-16 20:11:52.898000+09:00,0.0,0.0,0.0,0.0,0.0,0,0,0
14,2021-09-19 12:00:53.323000+09:00,1.0,0.5,0.1865096413859334,7.38,32.189,0,1,1
14,2021-09-19 16:31:01.374000+09:00,1.0,1.0,1.0,28.739,0.0,0,1,0
14,2021-09-19 20:37:01.031000+09:00,0.0,0.0,0.0,0.0,0.0,0,0,0
14,2021-09-22 12:03:59.441000+09:00,0.0,0.0,0.0,0.0,0.0,0,0,0
14,2021-09-22 16:43:35.723000+09:00,0.0,0.0,0.0,0.0,0.0,0,0,0
14,2021-09-22 20:00:34.311000+09:00,0.0,0.0,0.0,0.0,0.0,0,0,0
14,2021-09-25 16:46:19.929000+09:00,0.0,0.0,0.0,0.0,0.0,0,0,0
14,2021-09-25 20:00:52.113000+09:00,0.0,0.0,0.0,0.0,0.0,0,0,0
14,2021-09-28 12:00:46.438000+09:00,1.0,1.0,1.0,22.859,0.0,0,1,0
14,2021-09-28 16:01:05.681000+09:00,1.0,1.0,1.0,125.798,0.0,0,1,0
14,2021-09-28 20:00:45.402000+09:00,0.0,0.0,0.0,0.0,0.0,0,0,0
14,2021-10-01 12:03:54.135000+09:00,1.0,0.6666666666666666,0.8468990463112592,101.146,18.285,0,2,1
14,2021-10-01 16:00:36.963000+09:00,0.0,0.0,0.0,0.0,0.0,0,0,0
14,2021-10-01 20:40:11.621000+09:00,0.0,0.0,0.0,0.0,131.308,0,0,1
14,2021-10-04 12:01:14.932000+09:00,0.0,0.0,0.0,0.0,0.0,0,0,0
14,2021-10-04 16:42:43.220000+09:00,0.0,0.0,0.0,0.0,0.0,0,0,0
14,2021-10-07 12:00:36.698000+09:00,0.0,0.0,0.0,0.0,0.0,0,0,0
14,2021-10-07 16:00:54.392000+09:00,0.0,0.0,0.0,0.0,0.0,0,0,0
14,2021-10-07 20:01:02.801000+09:00,0.0,0.0,0.0,0.0,0.0,0,0,0
14,2021-10-10 12:21:37.384000+09:00,0.0,0.0,0.0,0.0,0.0,0,0,0
14,2021-10-10 16:10:55.554000+09:00,1.0,1.0,1.0,287.81,0.0,0,4,0
14,2021-10-10 20:00:20.497000+09:00,1.0,0.5,0.0218219160498053,0.51,22.861,0,1,1
14,2021-10-13 12:16:01.070000+09:00,0.0,0.0,0.0,0.0,0.0,1,0,0
14,2021-10-13 16:01:00.597000+09:00,0.0,0.0,0.0,0.0,0.0,0,0,0
14,2021-10-13 20:00:48.546000+09:00,0.0,0.0,0.0,0.0,0.0,0,0,0
14,2021-10-16 16:31:45.816000+09:00,0.0,0.0,0.0,0.0,0.0,0,0,0
14,2021-10-16 20:00:36.036000+09:00,0.0,0.0,0.0,0.0,0.0,0,0,0
14,2021-10-19 16:00:25.633000+09:00,0.0,0.0,0.0,0.0,91.741,0,0,3
14,2021-10-19 20:00:34.341000+09:00,1.0,0.25,0.0833345355743105,17.329,190.616,0,1,3
14,2021-10-22 12:00:25.139000+09:00,0.0,0.0,0.0,0.0,0.0,0,0,0
14,2021-10-22 16:26:41.206000+09:00,0.0,0.0,0.0,0.0,0.0,0,0,0
14,2021-10-22 20:59:47.879000+09:00,0.0,0.0,0.0,0.0,0.0,1,0,0
14,2021-10-25 12:17:22.723000+09:00,0.0,0.0,0.0,0.0,0.0,1,0,0
14,2021-10-25 16:00:18.547000+09:00,0.0,0.0,0.0,0.0,44.146,0,0,1
14,2021-10-25 20:06:20.713000+09:00,0.0,0.0,0.0,0.0,0.0,0,0,0
14,2021-10-28 12:01:31.164000+09:00,0.0,0.0,0.0,0.0,34.78,0,0,1
14,2021-10-28 16:00:53.869000+09:00,0.0,0.0,0.0,0.0,49.515,1,0,1
14,2021-10-28 20:00:29.439000+09:00,0.0,0.0,0.0,0.0,0.0,1,0,0
14,2021-10-31 16:01:05.523000+09:00,1.0,1.0,1.0,14.598,0.0,0,1,0
14,2021-11-03 12:04:23.817000+09:00,0.0,0.0,0.0,0.0,0.0,0,0,0
14,2021-11-03 16:05:29.684000+09:00,0.0,0.0,0.0,0.0,0.0,0,0,0
14,2021-11-03 20:01:13.895000+09:00,0.0,0.0,0.0,0.0,0.0,0,0,0
14,2021-11-06 12:15:12.486000+09:00,0.0,0.0,0.0,0.0,0.0,0,0,0
14,2021-11-06 16:18:51.855000+09:00,0.0,0.0,0.0,0.0,0.0,0,0,0
14,2021-11-06 20:00:36.833000+09:00,1.0,1.0,1.0,92.571,0.0,0,1,0
14,2021-11-09 12:00:37.523000+09:00,1.0,1.0,1.0,9.685,0.0,0,1,0
14,2021-11-09 16:15:31.724000+09:00,0.0,0.0,0.0,0.0,0.0,0,0,0
14,2021-11-09 20:20:53.645000+09:00,0.0,0.0,0.0,0.0,0.0,0,0,0
14,2021-11-12 12:01:20.022000+09:00,0.0,0.0,0.0,0.0,0.0,0,0,0
14,2021-11-12 16:12:05.830000+09:00,0.0,0.0,0.0,0.0,0.0,0,0,0
14,2021-11-12 20:11:39.272000+09:00,1.0,0.6,0.9336352888530994,874.201,62.14,0,3,2
14,2021-11-15 16:10:37.537000+09:00,1.0,0.4,0.5844615161617626,60.483,43.002,0,2,3
14,2021-11-15 20:03:14.310000+09:00,0.0,0.0,0.0,0.0,0.0,1,0,0
14,2021-11-18 12:01:37.009000+09:00,0.0,0.0,0.0,0.0,0.0,0,0,0
14,2021-11-18 16:54:51.845000+09:00,0.0,0.0,0.0,0.0,0.0,1,0,0
14,2021-11-18 20:20:58.366000+09:00,0.0,0.0,0.0,0.0,0.0,1,0,0
14,2021-11-21 12:55:52.399000+09:00,0.0,0.0,0.0,0.0,0.0,0,0,0
14,2021-11-21 16:02:23.526000+09:00,0.0,0.0,0.0,0.0,0.0,0,0,0
20,2021-08-20 12:26:04.482000+09:00,0.0,0.0,0.0,0.0,0.0,0,0,0
20,2021-08-20 16:01:02.607000+09:00,0.0,0.0,0.0,0.0,0.0,1,0,0
20,2021-08-20 20:14:09.943000+09:00,0.5,0.3333333333333333,0.0286289465673407,9.969,338.245,1,1,2
20,2021-08-23 12:35:11.227000+09:00,0.0,0.0,0.0,0.0,0.0,0,0,0
20,2021-08-23 16:00:39.340000+09:00,0.0,0.0,0.0,0.0,0.0,0,0,0
20,2021-08-23 20:18:58.423000+09:00,1.0,1.0,1.0,68.169,0.0,0,1,0
20,2021-08-26 12:02:52.812000+09:00,0.0,0.0,0.0,0.0,0.0,0,0,0
20,2021-08-26 16:25:05.397000+09:00,0.0,0.0,0.0,0.0,0.0,0,0,0
20,2021-08-26 20:09:32.838000+09:00,1.0,0.3333333333333333,0.3602727233247926,16.592,29.462,0,1,2
20,2021-08-29 12:12:01.249000+09:00,1.0,1.0,1.0,256.4,0.0,0,1,0
20,2021-08-29 16:02:35.431000+09:00,0.0,0.0,0.0,0.0,10.93,0,0,2
20,2021-08-29 20:01:44.392000+09:00,0.0,0.0,0.0,0.0,0.0,0,0,0
20,2021-09-01 12:19:21.392000+09:00,0.0,0.0,0.0,0.0,0.0,0,0,0
20,2021-09-01 16:02:11.022000+09:00,0.0,0.0,0.0,0.0,0.0,0,0,0
20,2021-09-01 20:00:39.294000+09:00,0.0,0.0,0.0,0.0,330.771,2,0,2
20,2021-09-04 12:08:02.263000+09:00,0.0,0.0,0.0,0.0,60.692,1,0,1
20,2021-09-04 16:00:33.297000+09:00,0.0,0.0,0.0,0.0,0.0,0,0,0
20,2021-09-04 20:05:57.629000+09:00,0.0,0.0,0.0,0.0,0.0,0,0,0
20,2021-09-07 12:05:51.949000+09:00,0.0,0.0,0.0,0.0,0.0,0,0,0
20,2021-09-07 16:01:19.707000+09:00,0.0,0.0,0.0,0.0,0.0,0,0,0
20,2021-09-07 20:12:05.981000+09:00,0.0,0.0,0.0,0.0,19.749,0,0,2
20,2021-09-10 12:51:52.327000+09:00,0.0,0.0,0.0,0.0,0.0,0,0,0
20,2021-09-10 16:24:40.964000+09:00,0.0,0.0,0.0,0.0,0.0,0,0,0
20,2021-09-10 20:05:39.494000+09:00,0.0,0.0,0.0,0.0,612.398,1,0,2
20,2021-09-13 12:20:42.898000+09:00,0.0,0.0,0.0,0.0,0.0,0,0,0
20,2021-09-13 16:01:26.816000+09:00,0.0,0.0,0.0,0.0,0.0,0,0,0
20,2021-09-13 20:04:02.305000+09:00,0.0,0.0,0.0,0.0,461.299,0,0,1
20,2021-09-16 12:33:20.002000+09:00,0.0,0.0,0.0,0.0,0.0,0,0,0
20,2021-09-16 16:03:33.345000+09:00,0.0,0.0,0.0,0.0,0.0,0,0,0
20,2021-09-16 20:09:18.984000+09:00,0.0,0.0,0.0,0.0,96.895,1,0,3
20,2021-09-19 12:21:12.365000+09:00,1.0,1.0,1.0,85.161,0.0,0,1,0
20,2021-09-19 16:07:53.868000+09:00,0.0,0.0,0.0,0.0,0.0,0,0,0
20,2021-09-22 12:47:23.983000+09:00,0.0,0.0,0.0,0.0,180.386,0,0,1
20,2021-09-22 16:00:27.725000+09:00,0.0,0.0,0.0,0.0,41.652,1,0,3
20,2021-09-22 20:01:17.249000+09:00,0.0,0.0,0.0,0.0,0.0,0,0,0
20,2021-09-25 12:14:04.971000+09:00,1.0,1.0,1.0,23.096,0.0,0,1,0
20,2021-09-25 16:01:02.938000+09:00,1.0,0.5,0.165424348114931,49.801,251.249,0,2,2
20,2021-09-25 20:12:51.084000+09:00,0.0,0.0,0.0,0.0,0.0,0,0,0
20,2021-09-28 12:28:43.580000+09:00,0.0,0.0,0.0,0.0,0.0,0,0,0
20,2021-09-28 16:02:00.557000+09:00,0.0,0.0,0.0,0.0,0.0,0,0,0
20,2021-09-28 20:22:19.980000+09:00,1.0,1.0,1.0,49.71600000000001,0.0,0,2,0
20,2021-10-01 12:00:32.661000+09:00,0.0,0.0,0.0,0.0,283.819,0,0,1
20,2021-10-01 16:00:36.330000+09:00,0.0,0.0,0.0,0.0,0.0,0,0,0
20,2021-10-01 20:04:09.134000+09:00,0.0,0.0,0.0,0.0,187.009,0,0,2
20,2021-10-04 12:01:31.322000+09:00,0.5,0.5,0.3806678124490836,72.427,117.836,1,1,1
20,2021-10-04 16:07:33.416000+09:00,1.0,1.0,1.0,4019.0,0.0,0,2,0
20,2021-10-04 20:01:32.775000+09:00,1.0,0.6666666666666666,0.7032873472605439,44.606,18.819,0,2,1
20,2021-10-07 12:01:51.314000+09:00,0.0,0.0,0.0,0.0,0.0,0,0,0
20,2021-10-07 16:00:18.786000+09:00,0.0,0.0,0.0,0.0,0.0,0,0,0
20,2021-10-07 20:11:36.334000+09:00,0.5,0.3333333333333333,0.2840762998176219,19.003,47.891,1,1,2
20,2021-10-10 12:00:59.842000+09:00,1.0,1.0,1.0,126.984,0.0,0,2,0
20,2021-10-10 16:00:29.054000+09:00,0.0,0.0,0.0,0.0,0.0,0,0,0
20,2021-10-10 20:12:42.919000+09:00,0.6666666666666666,1.0,1.0,158.30700000000002,0.0,1,2,0
20,2021-10-13 12:02:58.104000+09:00,0.0,0.0,0.0,0.0,0.0,0,0,0
20,2021-10-13 16:01:00.574000+09:00,0.0,0.0,0.0,0.0,378.679,0,0,1
20,2021-10-13 20:00:37.601000+09:00,0.5,0.25,0.0392892013278656,3.018,73.797,1,1,3
20,2021-10-16 12:22:33.505000+09:00,0.4,0.4,0.1828152586806484,44.421,198.562,3,2,3
20,2021-10-16 16:13:24.616000+09:00,0.5,0.25,0.2400388156530381,61.346,194.221,1,1,3
20,2021-10-16 20:01:39.614000+09:00,1.0,0.5,0.2062885992347627,25.987,99.987,0,1,1
20,2021-10-19 12:23:45.266000+09:00,0.0,0.0,0.0,0.0,85.253,1,0,2
20,2021-10-19 16:10:03.534000+09:00,0.0,0.0,0.0,0.0,4.255,0,0,1
20,2021-10-19 20:00:42.360000+09:00,0.0,0.0,0.0,0.0,29.744,0,0,1
20,2021-10-22 12:21:01.488000+09:00,0.0,0.0,0.0,0.0,0.0,0,0,0
20,2021-10-22 20:31:35.980000+09:00,1.0,0.4,0.9279457050110655,2270.891,176.333,0,2,3
20,2021-10-25 12:07:11.871000+09:00,0.0,0.0,0.0,0.0,0.0,0,0,0
20,2021-10-25 16:02:32.182000+09:00,0.0,0.0,0.0,0.0,0.0,0,0,0
20,2021-10-25 20:00:15.969000+09:00,0.0,0.0,0.0,0.0,261.646,0,0,1
20,2021-10-28 12:29:38.257000+09:00,0.0,0.0,0.0,0.0,0.0,0,0,0
20,2021-10-28 16:09:57.144000+09:00,0.0,0.0,0.0,0.0,0.0,0,0,0
20,2021-10-28 20:00:38.841000+09:00,0.0,0.0,0.0,0.0,21.103,0,0,1
20,2021-10-31 12:00:42.235000+09:00,1.0,0.5,0.3063579172801499,80.108,181.377,0,1,1
20,2021-10-31 16:23:40.594000+09:00,1.0,1.0,1.0,23.083,0.0,0,1,0
20,2021-10-31 20:03:02.988000+09:00,1.0,0.25,0.0080846553712941,21.587,2648.533,0,1,3
20,2021-11-03 12:18:10.482000+09:00,1.0,1.0,1.0,72.233,0.0,0,1,0
20,2021-11-03 16:12:57.508000+09:00,0.0,0.0,0.0,0.0,0.0,0,0,0
20,2021-11-03 20:11:51.956000+09:00,1.0,0.6666666666666666,0.7457490020925284,42.41,14.459,0,2,1
20,2021-11-06 12:53:04.947000+09:00,1.0,1.0,1.0,103.986,0.0,0,1,0
20,2021-11-06 16:00:23.927000+09:00,0.0,0.0,0.0,0.0,50.142,0,0,1
20,2021-11-06 20:02:17.095000+09:00,0.0,0.0,0.0,0.0,109.486,0,0,3
20,2021-11-09 12:17:08.387000+09:00,0.0,0.0,0.0,0.0,0.0,0,0,0
20,2021-11-09 16:02:07.744000+09:00,0.0,0.0,0.0,0.0,0.0,0,0,0
20,2021-11-09 20:01:45.603000+09:00,1.0,0.4285714285714285,0.5253044663025421,175.81099999999998,158.873,0,3,4
20,2021-11-12 12:00:20.837000+09:00,0.0,0.0,0.0,0.0,6.155,0,0,1
20,2021-11-12 16:02:00.578000+09:00,0.0,0.0,0.0,0.0,3.963,0,0,1
20,2021-11-15 12:45:53.386000+09:00,0.0,0.0,0.0,0.0,0.0,0,0,0
20,2021-11-15 20:04:32.932000+09:00,0.0,0.0,0.0,0.0,459.595,0,0,2
20,2021-11-21 12:09:31.579000+09:00,1.0,1.0,1.0,772.289,0.0,0,1,0
20,2022-01-04 10:20:24.730000+09:00,0.0,0.0,0.0,0.0,0.0,0,0,0
20,2022-01-04 18:22:20.193000+09:00,1.0,0.6666666666666666,0.6334804577499951,63.438,36.704,0,2,1
21,2021-08-17 10:02:29.840000+09:00,0.0,0.0,0.0,0.0,0.0,0,0,0
21,2021-08-17 14:01:30.903000+09:00,0.0,0.0,0.0,0.0,0.0,0,0,0
21,2021-08-17 18:50:20.811000+09:00,0.0,0.0,0.0,0.0,20.139,1,0,1
21,2021-08-20 18:25:07.205000+09:00,0.0,0.0,0.0,0.0,0.0,0,0,0
21,2021-08-23 10:04:01.827000+09:00,0.0,0.0,0.0,0.0,358.889,0,0,1
21,2021-08-23 14:05:12.319000+09:00,0.0,0.0,0.0,0.0,0.0,0,0,0
21,2021-08-23 18:00:36.570000+09:00,0.0,0.0,0.0,0.0,0.0,0,0,0
21,2021-08-26 10:03:26.974000+09:00,0.0,0.0,0.0,0.0,0.0,0,0,0
21,2021-08-26 14:00:46.588000+09:00,0.0,0.0,0.0,0.0,0.0,1,0,0
21,2021-08-26 18:47:42.360000+09:00,1.0,0.5,0.906816335167844,561.371,57.686,0,1,1
21,2021-08-29 20:01:30.357000+09:00,0.0,0.0,0.0,0.0,317.483,2,0,1
21,2021-09-01 10:00:44.614000+09:00,0.0,0.0,0.0,0.0,0.0,0,0,0
21,2021-09-01 14:00:49.349000+09:00,0.0,0.0,0.0,0.0,0.0,0,0,0
21,2021-09-04 10:02:00.999000+09:00,1.0,1.0,1.0,125.905,0.0,0,2,0
21,2021-09-04 14:13:21.237000+09:00,1.0,0.2307692307692307,0.1655534978619338,186.3,939.016,0,3,10
21,2021-09-07 10:00:26.635000+09:00,0.0,0.0,0.0,0.0,0.0,0,0,0
21,2021-09-10 10:00:54.714000+09:00,0.0,0.0,0.0,0.0,0.0,0,0,0
21,2021-09-10 18:20:56.506000+09:00,0.0,0.0,0.0,0.0,0.0,0,0,0
21,2021-09-11 15:56:39.101000+09:00,0.0,0.0,0.0,0.0,77.122,0,0,1
21,2021-09-13 10:04:30.334000+09:00,0.0,0.0,0.0,0.0,0.0,0,0,0
21,2021-09-13 14:02:37.172000+09:00,0.0,0.0,0.0,0.0,0.0,0,0,0
21,2021-09-16 14:07:40.166000+09:00,0.0,0.0,0.0,0.0,0.0,0,0,0
21,2021-09-16 18:13:09.826000+09:00,0.0,0.0,0.0,0.0,0.0,0,0,0
21,2021-09-19 14:14:58.283000+09:00,0.5,0.5,0.5513345961770277,80.04,65.135,1,1,1
21,2021-09-19 18:24:28.317000+09:00,1.0,0.375,0.6441310257181868,258.998,143.09099999999998,0,3,5
21,2021-09-22 14:00:27.236000+09:00,0.0,0.0,0.0,0.0,0.0,0,0,0
21,2021-09-22 18:00:34.864000+09:00,1.0,1.0,1.0,18.795,0.0,0,1,0
21,2021-09-25 10:00:31.260000+09:00,0.0,0.0,0.0,0.0,0.0,0,0,0
21,2021-09-25 14:06:34.703000+09:00,0.0,0.0,0.0,0.0,0.0,0,0,0
21,2021-09-25 18:01:09.071000+09:00,0.0,0.0,0.0,0.0,0.0,0,0,0
21,2021-09-28 14:02:46.691000+09:00,0.0,0.0,0.0,0.0,0.0,0,0,0
21,2021-10-01 10:00:48.415000+09:00,0.0,0.0,0.0,0.0,109.153,0,0,1
21,2021-10-04 10:00:48.035000+09:00,0.0,0.0,0.0,0.0,0.0,0,0,0
21,2021-10-04 14:00:23.953000+09:00,0.0,0.0,0.0,0.0,0.0,0,0,0
21,2021-10-07 10:04:35.710000+09:00,0.0,0.0,0.0,0.0,0.0,0,0,0
21,2021-10-07 14:55:22.827000+09:00,1.0,1.0,1.0,19.308,0.0,0,2,0
21,2021-10-07 18:00:24.890000+09:00,1.0,1.0,1.0,39.637,0.0,0,1,0
21,2021-10-10 10:00:32.498000+09:00,0.0,0.0,0.0,0.0,64.559,0,0,1
21,2021-10-10 18:00:42.986000+09:00,0.0,0.0,0.0,0.0,0.0,0,0,0
21,2021-10-13 10:08:07.458000+09:00,1.0,1.0,1.0,10.116,0.0,0,1,0
21,2021-10-13 14:01:13.542000+09:00,0.0,0.0,0.0,0.0,661.23,0,0,1
21,2021-10-13 18:01:06.884000+09:00,1.0,0.3333333333333333,0.3436974345586072,416.01,794.3860000000001,0,2,4
21,2021-10-16 14:00:30.511000+09:00,0.8,0.3076923076923077,0.2625311270439048,230.464,647.3899999999999,1,4,9
21,2021-10-16 18:52:04.476000+09:00,0.0,0.0,0.0,0.0,0.0,0,0,0
21,2021-10-19 10:50:23.782000+09:00,0.0,0.0,0.0,0.0,0.0,0,0,0
21,2021-10-19 18:00:30.058000+09:00,0.0,0.0,0.0,0.0,0.0,0,0,0
21,2021-10-22 10:00:24.807000+09:00,0.0,0.0,0.0,0.0,0.0,0,0,0
21,2021-10-22 14:05:09.939000+09:00,0.0,0.0,0.0,0.0,0.0,0,0,0
21,2021-10-22 18:50:47.145000+09:00,1.0,1.0,1.0,105.387,0.0,0,2,0
21,2021-10-25 18:00:38.304000+09:00,1.0,0.5,0.3934861256321816,3103.804,4784.159,0,1,1
21,2021-10-28 10:00:30.941000+09:00,0.0,0.0,0.0,0.0,0.0,0,0,0
21,2021-10-28 14:00:34.098000+09:00,0.0,0.0,0.0,0.0,0.0,0,0,0
21,2021-10-28 18:00:22.316000+09:00,0.0,0.0,0.0,0.0,29.778,0,0,1
21,2021-10-31 10:00:49.047000+09:00,0.0,0.0,0.0,0.0,0.0,0,0,0
21,2021-10-31 14:53:59.642000+09:00,1.0,0.2,0.2390231667741572,46.697,148.66899999999998,0,1,4
21,2021-10-31 18:00:39.095000+09:00,0.0,0.0,0.0,0.0,0.0,0,0,0
21,2021-11-03 14:00:29.436000+09:00,1.0,0.4285714285714285,0.3844955417379571,82.923,132.744,0,3,4
21,2021-11-09 10:02:13.545000+09:00,0.0,0.0,0.0,0.0,0.0,0,0,0
21,2021-11-09 14:00:59.610000+09:00,0.0,0.0,0.0,0.0,442.637,0,0,3
21,2021-11-12 10:04:30.534000+09:00,0.0,0.0,0.0,0.0,0.0,0,0,0
21,2021-11-12 14:05:43.845000+09:00,0.0,0.0,0.0,0.0,284.626,0,0,2
21,2021-11-12 18:52:51.507000+09:00,0.0,0.0,0.0,0.0,83.377,0,0,1
21,2021-11-15 10:02:10.231000+09:00,1.0,1.0,1.0,942.273,0.0,0,1,0
21,2021-11-15 14:40:18.946000+09:00,0.0,0.0,0.0,0.0,0.0,0,0,0
21,2021-11-15 18:05:50.249000+09:00,0.0,0.0,0.0,0.0,0.0,0,0,0
21,2021-11-18 10:52:31.807000+09:00,0.0,0.0,0.0,0.0,0.0,0,0,0
21,2021-11-18 14:00:41.905000+09:00,0.0,0.0,0.0,0.0,0.0,0,0,0
26,2021-08-29 12:40:08.272000+09:00,0.8,0.4444444444444444,0.6949122745332442,415.044,182.217,1,4,5
26,2021-08-29 16:03:32.316000+09:00,1.0,0.25,0.1448579126633114,22.796,134.572,0,1,3
26,2021-08-29 20:33:56.704000+09:00,1.0,0.2,0.4831767135722022,110.187,117.86,0,1,4
26,2021-09-01 12:00:55.651000+09:00,0.0,0.0,0.0,0.0,0.0,0,0,0
26,2021-09-01 20:00:55.073000+09:00,0.0,0.0,0.0,0.0,0.0,0,0,0
26,2021-09-04 12:22:05.655000+09:00,0.0,0.0,0.0,0.0,85.016,0,0,2
26,2021-09-04 16:00:39.177000+09:00,1.0,0.5,0.8904072520633203,816.044,100.44,0,1,1
26,2021-09-07 12:02:22.995000+09:00,0.0,0.0,0.0,0.0,0.0,0,0,0
26,2021-09-07 16:04:08.884000+09:00,0.0,0.0,0.0,0.0,0.0,0,0,0
26,2021-09-07 20:09:25.147000+09:00,0.0,0.0,0.0,0.0,35.819,1,0,1
26,2021-09-10 12:03:32.020000+09:00,0.0,0.0,0.0,0.0,180.446,2,0,2
26,2021-09-10 16:24:25.724000+09:00,0.0,0.0,0.0,0.0,330.00199999999995,1,0,3
26,2021-09-10 20:00:55.705000+09:00,1.0,0.5,0.3175533620781812,53.469,114.909,0,1,1
26,2021-09-13 12:00:34.610000+09:00,0.0,0.0,0.0,0.0,0.0,0,0,0
26,2021-09-13 16:03:15.873000+09:00,0.0,0.0,0.0,0.0,0.0,1,0,0
26,2021-09-13 20:00:52.844000+09:00,1.0,0.25,0.2051532357140485,30.893,119.692,0,1,3
26,2021-09-16 12:00:33.603000+09:00,0.0,0.0,0.0,0.0,34.173,0,0,2
26,2021-09-16 16:07:11.775000+09:00,0.0,0.0,0.0,0.0,0.0,0,0,0
26,2021-09-16 20:00:59.067000+09:00,0.0,0.0,0.0,0.0,32.915,0,0,1
26,2021-09-19 12:00:32.048000+09:00,0.0,0.0,0.0,0.0,12.526,0,0,1
26,2021-09-19 16:01:35.290000+09:00,1.0,1.0,1.0,80.489,0.0,0,1,0
26,2021-09-19 20:00:48.957000+09:00,0.0,0.0,0.0,0.0,0.0,0,0,0
26,2021-09-22 12:03:46.211000+09:00,1.0,0.25,0.1580447120599934,40.211,214.217,0,1,3
26,2021-09-22 16:00:42.765000+09:00,0.0,0.0,0.0,0.0,348.256,0,0,2
26,2021-09-22 20:00:56.095000+09:00,0.0,0.0,0.0,0.0,0.0,0,0,0
26,2021-09-25 12:01:05.556000+09:00,0.0,0.0,0.0,0.0,0.0,0,0,0
26,2021-09-25 20:00:30.687000+09:00,0.0,0.0,0.0,0.0,0.0,0,0,0
26,2021-09-28 12:00:26.444000+09:00,0.0,0.0,0.0,0.0,0.0,0,0,0
26,2021-09-28 16:28:26.936000+09:00,0.0,0.0,0.0,0.0,0.0,1,0,0
26,2021-09-28 20:35:41.754000+09:00,1.0,0.75,0.7839840386432847,186.647,51.428,0,3,1
26,2021-10-01 12:02:12.184000+09:00,0.0,0.0,0.0,0.0,30.212,0,0,1
26,2021-10-01 20:00:28.098000+09:00,1.0,1.0,1.0,5.946,0.0,0,1,0
26,2021-10-04 12:26:39.995000+09:00,1.0,1.0,1.0,94.89,0.0,0,1,0
26,2021-10-04 16:00:29.607000+09:00,0.5,1.0,1.0,110.888,0.0,1,1,0
26,2021-10-04 20:00:40.360000+09:00,1.0,1.0,1.0,154.838,0.0,0,2,0
26,2021-10-07 12:02:02.716000+09:00,0.0,0.0,0.0,0.0,0.0,0,0,0
26,2021-10-07 16:10:37.878000+09:00,0.0,0.0,0.0,0.0,573.84,0,0,5
26,2021-10-07 20:00:26.957000+09:00,0.0,0.0,0.0,0.0,38.076,0,0,1
26,2021-10-10 12:00:22.836000+09:00,0.0,0.0,0.0,0.0,115.475,0,0,1
26,2021-10-10 16:00:52.277000+09:00,1.0,0.3333333333333333,0.410283296307221,418.674,601.777,0,8,16
26,2021-10-10 20:00:33.370000+09:00,0.5,0.3333333333333333,0.2916452044916039,16.986,41.256,1,1,2
26,2021-10-13 12:01:37.409000+09:00,0.0,0.0,0.0,0.0,0.0,0,0,0
26,2021-10-13 16:02:42.473000+09:00,0.0,0.0,0.0,0.0,0.0,0,0,0
26,2021-10-13 20:00:22.793000+09:00,0.0,0.0,0.0,0.0,0.0,0,0,0
26,2021-10-16 12:17:07.168000+09:00,1.0,1.0,1.0,250.777,0.0,0,2,0
26,2021-10-16 16:01:19.491000+09:00,1.0,0.25,0.1795884996366919,153.979,703.4200000000001,0,1,3
26,2021-10-16 20:01:03.098000+09:00,1.0,0.5,0.7861639081609084,268.894,73.139,0,1,1
26,2021-10-19 12:03:21.932000+09:00,0.0,0.0,0.0,0.0,0.0,0,0,0
26,2021-10-19 16:00:39.104000+09:00,1.0,1.0,1.0,800.791,0.0,0,1,0
26,2021-10-19 20:00:28.013000+09:00,0.0,0.0,0.0,0.0,0.0,0,0,0
26,2021-10-22 12:01:22.759000+09:00,0.0,0.0,0.0,0.0,0.0,0,0,0
26,2021-10-22 16:00:36.974000+09:00,0.0,0.0,0.0,0.0,0.0,0,0,0
26,2021-10-22 20:00:40.374000+09:00,0.0,0.0,0.0,0.0,0.0,0,0,0
26,2021-10-25 12:01:24.574000+09:00,0.0,0.0,0.0,0.0,0.0,0,0,0
26,2021-10-25 16:02:51.449000+09:00,0.0,0.0,0.0,0.0,0.0,0,0,0
26,2021-10-25 20:01:02.220000+09:00,0.0,0.0,0.0,0.0,39.799,0,0,1
26,2021-10-28 12:00:35.426000+09:00,0.0,0.0,0.0,0.0,176.005,1,0,4
26,2021-10-28 16:01:09.091000+09:00,0.0,0.0,0.0,0.0,110.276,1,0,1
26,2021-10-28 20:00:19.548000+09:00,0.0,0.0,0.0,0.0,0.0,0,0,0
26,2021-10-31 12:00:52.154000+09:00,0.0,0.0,0.0,0.0,548.136,0,0,1
26,2021-10-31 16:00:52.383000+09:00,1.0,0.3333333333333333,0.8637336876350693,259.387,40.922,0,1,2
26,2021-10-31 20:00:38.472000+09:00,0.0,0.0,0.0,0.0,0.0,0,0,0
26,2021-11-03 12:01:13.758000+09:00,0.0,0.0,0.0,0.0,0.0,1,0,0
26,2021-11-03 16:01:18.109000+09:00,0.0,0.0,0.0,0.0,0.0,0,0,0
26,2021-11-03 20:00:55.346000+09:00,0.0,0.0,0.0,0.0,0.0,0,0,0
26,2021-11-06 12:00:37.396000+09:00,1.0,1.0,1.0,213.507,0.0,0,2,0
26,2021-11-06 16:00:48.168000+09:00,1.0,1.0,1.0,582.6199999999999,0.0,0,3,0
26,2021-11-06 20:00:52.552000+09:00,0.75,0.6,0.8561788572783071,169.764,28.517,1,3,2
26,2021-11-09 12:01:24.515000+09:00,1.0,1.0,1.0,14.828,0.0,0,1,0
26,2021-11-09 16:02:13.676000+09:00,0.0,0.0,0.0,0.0,73.40800000000002,1,0,3
26,2021-11-09 20:04:11.544000+09:00,0.8571428571428571,0.8571428571428571,0.6578560778140248,1075.646,559.432,1,6,1
26,2021-11-12 16:01:13.893000+09:00,0.0,0.0,0.0,0.0,40.844,0,0,1
26,2021-11-12 20:00:30.234000+09:00,1.0,0.5,0.2325265649013303,24.662,81.399,0,1,1
26,2021-11-15 12:01:29.226000+09:00,0.0,0.0,0.0,0.0,0.0,1,0,0
26,2021-11-15 16:00:47.992000+09:00,0.0,0.0,0.0,0.0,0.0,1,0,0
26,2021-11-15 20:03:36.896000+09:00,0.0,0.0,0.0,0.0,24.417,0,0,1
26,2021-11-18 12:01:33.097000+09:00,0.5,0.5,0.5918607005466694,14.616,10.079,1,1,1
26,2021-11-18 16:01:34.737000+09:00,0.0,0.0,0.0,0.0,0.0,0,0,0
26,2021-11-18 20:00:40.441000+09:00,1.0,0.6666666666666666,0.5538812405483314,226.348,182.31,0,2,1
26,2021-11-21 12:26:28.462000+09:00,0.3333333333333333,1.0,1.0,68.979,0.0,2,1,0
26,2021-11-21 20:01:08.227000+09:00,0.0,0.0,0.0,0.0,279.85,0,0,3
26,2021-11-24 12:03:40.697000+09:00,1.0,0.6666666666666666,0.7350568031399993,127.722,46.036,0,2,1
26,2021-11-24 16:02:12.326000+09:00,0.5,0.1428571428571428,0.0496051509078233,53.437,1023.81,1,1,6
26,2021-11-24 20:01:04.982000+09:00,0.75,1.0,1.0,526.352,0.0,1,3,0
26,2021-11-27 12:07:26.053000+09:00,0.0,0.0,0.0,0.0,0.0,0,0,0
26,2021-11-27 16:03:55.655000+09:00,0.0,0.0,0.0,0.0,0.0,0,0,0
26,2021-11-27 20:19:33.794000+09:00,1.0,0.5,0.9556270990364047,213.123,9.896,0,1,1
26,2021-11-30 12:00:38.848000+09:00,1.0,1.0,1.0,33.869,0.0,0,1,0
26,2021-11-30 20:03:24.071000+09:00,1.0,1.0,1.0,27.191,0.0,0,1,0
26,2021-12-03 12:00:53.361000+09:00,0.0,0.0,0.0,0.0,444.336,0,0,4
26,2021-12-03 16:01:28.464000+09:00,0.0,0.0,0.0,0.0,593.595,0,0,2
26,2021-12-03 20:01:45.884000+09:00,1.0,0.5,0.5495988850971073,61.521,50.417,0,1,1
26,2021-12-06 12:03:23.352000+09:00,0.0,0.0,0.0,0.0,24.262,2,0,1
26,2021-12-06 16:00:35.668000+09:00,0.0,0.0,0.0,0.0,0.0,0,0,0
26,2021-12-06 20:00:46.022000+09:00,1.0,1.0,1.0,410.112,0.0,0,1,0
26,2021-12-09 12:03:18.279000+09:00,0.0,0.0,0.0,0.0,0.0,0,0,0
26,2021-12-09 16:03:00.684000+09:00,0.0,0.0,0.0,0.0,0.0,0,0,0
26,2021-12-09 20:00:40.880000+09:00,0.0,0.0,0.0,0.0,0.0,0,0,0
26,2021-12-12 12:00:31.192000+09:00,0.0,0.0,0.0,0.0,0.0,0,0,0
26,2021-12-12 16:01:13.109000+09:00,0.0,0.0,0.0,0.0,0.0,0,0,0
26,2021-12-12 20:07:45.108000+09:00,1.0,0.3333333333333333,0.1276603937851593,76.249,521.0310000000001,0,2,4
26,2021-12-15 12:01:29.350000+09:00,0.0,0.0,0.0,0.0,0.0,0,0,0
26,2021-12-15 16:22:06.402000+09:00,0.0,0.0,0.0,0.0,0.0,1,0,0
26,2021-12-15 20:02:15.080000+09:00,0.0,0.0,0.0,0.0,170.97,0,0,5
26,2021-12-18 12:02:01.400000+09:00,0.0,0.0,0.0,0.0,0.0,0,0,0
26,2021-12-18 16:17:43.001000+09:00,1.0,0.4,0.8706235411803934,39.165,5.82,0,2,3
26,2021-12-18 20:00:46.277000+09:00,0.0,0.0,0.0,0.0,0.0,0,0,0
26,2021-12-21 12:01:18.080000+09:00,0.0,0.0,0.0,0.0,0.0,0,0,0
26,2021-12-21 16:00:27.661000+09:00,0.0,0.0,0.0,0.0,0.0,0,0,0
26,2021-12-21 20:00:55.686000+09:00,0.8,0.8,0.8923872440656453,209.512,25.265,1,4,1
26,2021-12-24 12:03:41.220000+09:00,0.0,0.0,0.0,0.0,0.0,0,0,0
26,2021-12-24 16:00:41.061000+09:00,0.0,0.0,0.0,0.0,0.0,0,0,0
26,2021-12-24 20:01:21.778000+09:00,0.0,0.0,0.0,0.0,0.0,0,0,0
26,2021-12-27 12:00:50.453000+09:00,0.0,0.0,0.0,0.0,0.82,2,0,1
26,2021-12-27 16:02:08.335000+09:00,0.0,0.0,0.0,0.0,0.0,2,0,0
26,2021-12-27 20:00:29.959000+09:00,1.0,1.0,1.0,428.744,0.0,0,2,0
26,2021-12-30 12:03:29.979000+09:00,0.0,0.0,0.0,0.0,0.0,0,0,0
26,2021-12-30 16:00:17.969000+09:00,0.0,0.0,0.0,0.0,0.0,0,0,0
26,2021-12-30 20:01:07.989000+09:00,1.0,1.0,1.0,0.285,0.0,0,1,0
26,2022-01-04 12:03:29.450000+09:00,0.0,0.0,0.0,0.0,0.0,0,0,0
26,2022-01-04 16:01:21.740000+09:00,0.0,0.0,0.0,0.0,79.347,0,0,1
26,2022-01-04 20:00:31.931000+09:00,0.0,0.0,0.0,0.0,0.0,0,0,0
26,2022-01-07 12:04:31.690000+09:00,0.0,0.0,0.0,0.0,0.0,0,0,0
26,2022-01-07 20:20:00.461000+09:00,1.0,0.8,0.9132294388969878,275.009,26.13,0,4,1
26,2022-01-10 12:00:53.019000+09:00,0.0,0.0,0.0,0.0,0.0,0,0,0
26,2022-01-10 16:00:40.372000+09:00,0.0,0.0,0.0,0.0,0.0,0,0,0
26,2022-01-10 20:42:35.907000+09:00,0.0,0.0,0.0,0.0,0.0,1,0,0
26,2022-01-13 12:52:00.560000+09:00,0.0,0.0,0.0,0.0,568.123,0,0,1
26,2022-01-13 16:02:50.826000+09:00,0.0,0.0,0.0,0.0,568.123,0,0,1
26,2022-01-13 20:39:04.809000+09:00,0.1666666666666666,0.6666666666666666,0.9466360990498828,280.369,15.805,10,2,1
26,2022-01-16 12:22:13.467000+09:00,0.0,0.0,0.0,0.0,11.408,0,0,1
26,2022-01-16 16:01:35.660000+09:00,0.0,0.0,0.0,0.0,122.885,0,0,1
26,2022-01-16 20:01:17.570000+09:00,1.0,1.0,1.0,1126.818,0.0,0,4,0
26,2022-01-19 12:51:20.515000+09:00,0.0,0.0,0.0,0.0,11.125,0,0,1
26,2022-01-19 20:01:33.503000+09:00,1.0,0.5,0.8577591871953554,450.321,74.676,0,1,1
26,2022-01-22 12:01:25.686000+09:00,1.0,1.0,1.0,75.502,0.0,0,1,0
26,2022-01-22 16:35:26.909000+09:00,1.0,0.75,0.6535986488364386,122.287,64.811,0,3,1
26,2022-01-22 20:00:28.029000+09:00,0.0,0.0,0.0,0.0,276.779,0,0,1
26,2022-01-25 12:01:22.583000+09:00,0.0,0.0,0.0,0.0,0.0,0,0,0
26,2022-01-25 16:00:39.306000+09:00,0.0,0.0,0.0,0.0,149.264,1,0,2
26,2022-01-25 20:00:23.004000+09:00,0.0,0.0,0.0,0.0,0.0,1,0,0
26,2022-01-28 12:51:53.052000+09:00,0.0,0.0,0.0,0.0,0.0,1,0,0
26,2022-01-31 12:51:18.541000+09:00,0.0,0.0,0.0,0.0,46.838,0,0,1
26,2022-01-31 16:07:06.218000+09:00,1.0,0.5,0.4708288141720896,41.674,46.838,0,1,1
26,2022-02-03 12:59:36.573000+09:00,0.0,0.0,0.0,0.0,0.0,0,0,0
26,2022-02-03 20:28:14.585000+09:00,0.0,0.0,0.0,0.0,168.656,0,0,1
26,2022-02-06 12:05:20.156000+09:00,1.0,1.0,1.0,95.689,0.0,0,1,0
26,2022-02-09 16:54:08.282000+09:00,0.0,0.0,0.0,0.0,0.0,0,0,0
26,2022-02-09 20:03:36.031000+09:00,0.5,1.0,1.0,123.345,0.0,1,1,0
28,2021-08-17 12:00:33.170000+09:00,0.0,0.0,0.0,0.0,0.0,1,0,0
28,2021-08-17 16:00:25.788000+09:00,0.0,0.0,0.0,0.0,0.0,0,0,0
28,2021-08-17 20:00:22.256000+09:00,1.0,1.0,1.0,28.218,0.0,0,1,0
28,2021-08-20 10:00:23.022000+09:00,0.0,0.0,0.0,0.0,0.0,0,0,0
28,2021-08-20 14:00:33.223000+09:00,1.0,1.0,1.0,33.319,0.0,0,1,0
28,2021-08-20 18:12:43.135000+09:00,0.0,0.0,0.0,0.0,0.0,0,0,0
28,2021-08-23 10:00:25.593000+09:00,0.0,0.0,0.0,0.0,0.0,0,0,0
28,2021-08-23 14:00:41.595000+09:00,1.0,1.0,1.0,103.556,0.0,0,2,0
28,2021-08-23 18:00:31.100000+09:00,1.0,0.5,0.4002867186426032,20.383,30.538,0,1,1
28,2021-08-26 10:16:28.681000+09:00,0.0,0.0,0.0,0.0,0.0,0,0,0
28,2021-08-26 14:09:36.767000+09:00,0.0,0.0,0.0,0.0,0.0,0,0,0
28,2021-08-26 18:01:40.718000+09:00,1.0,1.0,1.0,40.964,0.0,0,1,0
28,2021-08-29 10:00:24.773000+09:00,0.0,0.0,0.0,0.0,0.0,0,0,0
28,2021-08-29 14:12:56.135000+09:00,1.0,1.0,1.0,83.986,0.0,0,2,0
28,2021-08-29 18:02:42.025000+09:00,0.0,0.0,0.0,0.0,0.0,0,0,0
28,2021-09-01 14:07:21.032000+09:00,0.0,0.0,0.0,0.0,0.0,0,0,0
28,2021-09-01 18:03:29.190000+09:00,0.0,0.0,0.0,0.0,0.0,0,0,0
28,2021-09-04 10:47:40.025000+09:00,0.0,0.0,0.0,0.0,0.0,0,0,0
28,2021-09-04 14:00:33.928000+09:00,0.0,0.0,0.0,0.0,0.0,0,0,0
28,2021-09-04 18:00:25.094000+09:00,0.0,0.0,0.0,0.0,0.0,0,0,0
28,2021-09-07 10:01:12.751000+09:00,0.0,0.0,0.0,0.0,0.0,0,0,0
28,2021-09-07 14:02:28.026000+09:00,0.0,0.0,0.0,0.0,0.0,0,0,0
28,2021-09-07 18:02:50.447000+09:00,0.0,0.0,0.0,0.0,0.0,0,0,0
28,2021-09-10 10:00:54.336000+09:00,0.0,0.0,0.0,0.0,0.0,0,0,0
28,2021-09-10 14:28:42.945000+09:00,0.5,1.0,1.0,63.608,0.0,1,1,0
28,2021-09-10 18:00:26.452000+09:00,0.0,0.0,0.0,0.0,0.0,0,0,0
28,2021-09-13 10:15:12.113000+09:00,0.0,0.0,0.0,0.0,0.0,0,0,0
28,2021-09-16 10:12:14.442000+09:00,0.0,0.0,0.0,0.0,0.0,0,0,0
28,2021-09-16 14:23:40.802000+09:00,0.0,0.0,0.0,0.0,0.0,0,0,0
28,2021-09-16 18:01:27.854000+09:00,0.0,0.0,0.0,0.0,0.0,0,0,0
28,2021-09-19 14:00:28.164000+09:00,1.0,1.0,1.0,32.785,0.0,0,1,0
28,2021-09-19 18:00:37.064000+09:00,0.0,0.0,0.0,0.0,0.0,0,0,0
28,2021-09-22 16:00:29.777000+09:00,0.0,0.0,0.0,0.0,0.0,0,0,0
28,2021-09-22 20:00:30.705000+09:00,0.0,0.0,0.0,0.0,0.0,0,0,0
28,2021-09-25 16:39:15.813000+09:00,0.0,0.0,0.0,0.0,63.937,2,0,2
28,2021-09-25 20:00:32.659000+09:00,0.0,0.0,0.0,0.0,33.92,0,0,1
28,2021-09-28 16:00:26.987000+09:00,0.0,0.0,0.0,0.0,0.0,0,0,0
28,2021-09-28 20:02:31.071000+09:00,1.0,1.0,1.0,73.047,0.0,0,1,0
28,2021-10-01 12:00:57.346000+09:00,0.0,0.0,0.0,0.0,0.0,0,0,0
28,2021-10-01 16:00:42.107000+09:00,1.0,1.0,1.0,2.252,0.0,0,1,0
28,2021-10-01 20:00:28.226000+09:00,0.0,0.0,0.0,0.0,701.286,0,0,1
28,2021-10-04 12:00:49.773000+09:00,0.0,0.0,0.0,0.0,0.0,0,0,0
28,2021-10-04 16:04:29.042000+09:00,0.0,0.0,0.0,0.0,0.0,0,0,0
28,2021-10-04 20:00:31.506000+09:00,0.0,0.0,0.0,0.0,0.0,0,0,0
28,2021-10-07 12:47:17.543000+09:00,0.0,0.0,0.0,0.0,0.0,1,0,0
28,2021-10-07 16:05:48.711000+09:00,0.0,0.0,0.0,0.0,0.0,0,0,0
28,2021-10-10 16:05:54.344000+09:00,0.0,0.0,0.0,0.0,0.0,1,0,0
28,2021-10-10 20:14:15.872000+09:00,0.5,0.5,0.1780676295896328,10.553,48.711,1,1,1
28,2021-10-13 20:00:42.758000+09:00,0.0,0.0,0.0,0.0,0.0,0,0,0
28,2021-10-16 16:07:16.788000+09:00,0.3333333333333333,0.5,0.1919179849925919,8.031,33.815,2,1,1
28,2021-10-16 20:03:07.348000+09:00,0.0,0.0,0.0,0.0,0.0,0,0,0
28,2021-10-19 12:35:00.286000+09:00,0.0,0.0,0.0,0.0,0.0,0,0,0
28,2021-10-19 16:00:27.973000+09:00,0.0,0.0,0.0,0.0,0.0,0,0,0
28,2021-10-19 20:00:26.662000+09:00,0.0,0.0,0.0,0.0,0.0,0,0,0
28,2021-10-22 12:00:31.011000+09:00,0.0,0.0,0.0,0.0,0.0,0,0,0
28,2021-10-22 16:00:27.888000+09:00,0.0,0.0,0.0,0.0,0.0,0,0,0
28,2021-10-25 12:00:40.520000+09:00,0.0,0.0,0.0,0.0,0.0,0,0,0
28,2021-10-25 16:00:30.782000+09:00,0.0,0.0,0.0,0.0,0.0,0,0,0
28,2021-10-25 20:00:29.501000+09:00,0.5,0.5,0.3990063827654194,35.82,53.953,1,1,1
28,2021-10-28 12:06:57.085000+09:00,0.0,0.0,0.0,0.0,0.0,0,0,0
28,2021-10-31 12:01:58.328000+09:00,0.0,0.0,0.0,0.0,0.0,0,0,0
28,2021-10-31 16:07:57.733000+09:00,1.0,1.0,1.0,16.749,0.0,0,1,0
28,2021-10-31 20:10:15.355000+09:00,0.0,0.0,0.0,0.0,0.0,0,0,0
28,2021-11-03 12:03:47.081000+09:00,0.0,0.0,0.0,0.0,0.0,0,0,0
28,2021-11-03 16:03:05.171000+09:00,0.0,0.0,0.0,0.0,0.0,0,0,0
28,2021-11-03 20:00:57.489000+09:00,0.0,0.0,0.0,0.0,0.0,0,0,0
28,2021-11-06 12:03:10.677000+09:00,0.0,0.0,0.0,0.0,0.0,0,0,0
28,2021-11-06 16:34:19.660000+09:00,0.0,0.0,0.0,0.0,0.0,0,0,0
28,2021-11-09 12:04:00.673000+09:00,0.0,0.0,0.0,0.0,0.0,6,0,0
28,2021-11-09 16:00:27.721000+09:00,0.0,0.0,0.0,0.0,0.0,0,0,0
28,2021-11-09 20:05:57.846000+09:00,1.0,1.0,1.0,101.969,0.0,0,1,0
28,2021-11-12 12:31:01.855000+09:00,0.0,0.0,0.0,0.0,0.0,0,0,0
30,2021-08-29 16:00:52.519000+09:00,1.0,1.0,1.0,86.561,0.0,0,1,0
30,2021-08-29 20:01:08.239000+09:00,0.0,0.0,0.0,0.0,0.0,0,0,0
30,2021-09-01 12:10:28.759000+09:00,0.0,0.0,0.0,0.0,0.0,0,0,0
30,2021-09-01 20:05:05.375000+09:00,0.0,0.0,0.0,0.0,0.0,0,0,0
30,2021-09-04 12:07:57.189000+09:00,0.0,0.0,0.0,0.0,0.0,0,0,0
30,2021-09-04 16:01:39.037000+09:00,0.0,0.0,0.0,0.0,0.0,0,0,0
30,2021-09-04 20:04:35.601000+09:00,0.0,0.0,0.0,0.0,0.0,0,0,0
30,2021-09-07 12:08:30.565000+09:00,0.0,0.0,0.0,0.0,0.0,0,0,0
30,2021-09-07 16:01:45.486000+09:00,0.0,0.0,0.0,0.0,0.0,0,0,0
30,2021-09-10 12:01:25.886000+09:00,0.0,0.0,0.0,0.0,0.0,0,0,0
30,2021-09-10 16:01:15.424000+09:00,0.0,0.0,0.0,0.0,95.02,0,0,6
30,2021-09-10 20:21:41.536000+09:00,0.0,0.0,0.0,0.0,0.0,0,0,0
30,2021-09-13 12:00:57.821000+09:00,0.0,0.0,0.0,0.0,22.027,0,0,1
30,2021-09-13 16:47:56.661000+09:00,0.0,0.0,0.0,0.0,0.0,0,0,0
30,2021-09-16 12:00:33.910000+09:00,0.0,0.0,0.0,0.0,0.0,1,0,0
30,2021-09-16 16:53:05.477000+09:00,0.0,0.0,0.0,0.0,0.0,0,0,0
30,2021-09-16 20:40:34.107000+09:00,0.0,0.0,0.0,0.0,0.0,0,0,0
30,2021-09-19 12:04:41.111000+09:00,0.0,0.0,0.0,0.0,0.0,0,0,0
30,2021-09-19 20:45:47.721000+09:00,0.0,0.0,0.0,0.0,0.0,0,0,0
30,2021-09-22 12:04:42.776000+09:00,0.0,0.0,0.0,0.0,0.0,0,0,0
30,2021-09-22 16:40:26.622000+09:00,0.0,0.0,0.0,0.0,0.0,0,0,0
30,2021-09-22 20:05:03.614000+09:00,0.0,0.0,0.0,0.0,0.0,0,0,0
30,2021-09-25 12:16:43.628000+09:00,0.0,0.0,0.0,0.0,48.908,0,0,2
30,2021-09-25 16:02:37.771000+09:00,0.0,0.0,0.0,0.0,0.0,0,0,0
30,2021-09-28 10:00:55.377000+09:00,0.0,0.0,0.0,0.0,0.0,0,0,0
30,2021-09-28 14:00:30.898000+09:00,0.0,0.0,0.0,0.0,39.211,0,0,1
30,2021-09-28 18:18:42.957000+09:00,1.0,0.5,0.76384519003202,109.734,33.926,0,1,1
30,2021-10-01 10:00:27.991000+09:00,0.0,0.0,0.0,0.0,0.0,0,0,0
30,2021-10-01 14:00:42.710000+09:00,1.0,0.5,0.6872461318118852,58.541,26.641,0,1,1
30,2021-10-01 18:00:39.430000+09:00,1.0,1.0,1.0,26.617,0.0,0,1,0
30,2021-10-04 10:37:43.005000+09:00,0.0,0.0,0.0,0.0,0.0,0,0,0
30,2021-10-04 14:00:27.877000+09:00,0.0,0.0,0.0,0.0,0.0,0,0,0
30,2021-10-04 18:12:58.335000+09:00,0.0,0.0,0.0,0.0,0.0,0,0,0
30,2021-10-07 10:03:26.123000+09:00,0.0,0.0,0.0,0.0,0.0,0,0,0
30,2021-10-07 14:39:47.477000+09:00,0.0,0.0,0.0,0.0,0.0,0,0,0
30,2021-10-07 18:00:31.041000+09:00,0.0,0.0,0.0,0.0,0.0,0,0,0
30,2021-10-10 10:00:37.925000+09:00,0.0,0.0,0.0,0.0,44.161,0,0,1
30,2021-10-10 14:50:26.144000+09:00,0.0,0.0,0.0,0.0,0.0,0,0,0
30,2021-10-10 18:00:30.220000+09:00,0.0,0.0,0.0,0.0,0.0,0,0,0
30,2021-10-13 10:08:17.315000+09:00,0.0,0.0,0.0,0.0,0.0,0,0,0
30,2021-10-13 14:00:35.544000+09:00,0.0,0.0,0.0,0.0,107.41,0,0,2
30,2021-10-13 18:50:32.401000+09:00,0.0,0.0,0.0,0.0,40.786,0,0,1
30,2021-10-16 10:03:20.571000+09:00,0.0,0.0,0.0,0.0,0.0,0,0,0
30,2021-10-16 18:00:47.650000+09:00,1.0,1.0,1.0,61.855,0.0,0,1,0
30,2021-10-19 14:35:28.823000+09:00,0.0,0.0,0.0,0.0,0.0,0,0,0
30,2021-10-19 18:07:06.889000+09:00,0.5,1.0,1.0,3.113,0.0,1,1,0
30,2021-10-22 10:00:41.206000+09:00,0.0,0.0,0.0,0.0,0.0,0,0,0
30,2021-10-22 14:20:51.054000+09:00,1.0,0.5,0.5151976681922428,203.975,191.941,0,1,1
30,2021-10-22 18:39:03.045000+09:00,0.0,0.0,0.0,0.0,0.0,0,0,0
30,2021-10-25 10:01:22.058000+09:00,0.0,0.0,0.0,0.0,0.0,0,0,0
30,2021-10-25 14:19:45.699000+09:00,0.0,0.0,0.0,0.0,0.0,1,0,0
30,2021-10-25 18:50:26.344000+09:00,0.0,0.0,0.0,0.0,0.0,0,0,0
30,2021-10-28 10:12:44.660000+09:00,0.0,0.0,0.0,0.0,0.0,0,0,0
30,2021-10-28 14:12:19.590000+09:00,0.0,0.0,0.0,0.0,0.0,0,0,0
30,2021-10-28 18:03:57.366000+09:00,0.0,0.0,0.0,0.0,0.0,0,0,0
30,2021-10-31 10:00:47.510000+09:00,0.0,0.0,0.0,0.0,0.0,0,0,0
30,2021-10-31 14:01:28.671000+09:00,1.0,1.0,1.0,141.597,0.0,0,1,0
30,2021-10-31 18:01:09.815000+09:00,0.0,0.0,0.0,0.0,262.634,0,0,3
30,2021-11-03 10:00:53.048000+09:00,0.0,0.0,0.0,0.0,0.0,0,0,0
30,2021-11-03 14:01:55.333000+09:00,0.0,0.0,0.0,0.0,53.486,0,0,1
30,2021-11-03 18:06:12.513000+09:00,0.0,0.0,0.0,0.0,0.0,0,0,0
30,2021-11-06 10:20:51.268000+09:00,0.0,0.0,0.0,0.0,0.0,0,0,0
30,2021-11-06 14:01:36.801000+09:00,1.0,0.3333333333333333,0.5330740550269992,33.17,29.054,0,1,2
30,2021-11-06 18:22:01.161000+09:00,0.0,0.0,0.0,0.0,0.0,0,0,0
30,2021-11-09 10:15:58.671000+09:00,0.0,0.0,0.0,0.0,0.0,0,0,0
30,2021-11-09 14:27:18.957000+09:00,0.0,0.0,0.0,0.0,147.144,0,0,3
30,2021-11-09 18:11:23.531000+09:00,0.0,0.0,0.0,0.0,211.525,1,0,2
30,2021-11-12 10:03:22.789000+09:00,0.0,0.0,0.0,0.0,0.0,0,0,0
30,2021-11-12 14:07:32.205000+09:00,0.0,0.0,0.0,0.0,0.0,0,0,0
30,2021-11-12 18:06:49.485000+09:00,0.0,0.0,0.0,0.0,186.022,1,0,1
30,2021-11-15 10:00:26.710000+09:00,0.0,0.0,0.0,0.0,0.0,0,0,0
30,2021-11-15 14:11:22.865000+09:00,0.0,0.0,0.0,0.0,87.90299999999999,1,0,2
30,2021-11-15 18:12:13.909000+09:00,0.0,0.0,0.0,0.0,34.951,0,0,1
30,2021-11-18 10:00:27.515000+09:00,0.0,0.0,0.0,0.0,0.0,0,0,0
30,2021-11-18 14:00:31.080000+09:00,1.0,1.0,1.0,52.677,0.0,0,1,0
30,2021-11-18 18:00:46.062000+09:00,0.0,0.0,0.0,0.0,0.0,0,0,0
30,2021-11-21 10:54:44.950000+09:00,0.0,0.0,0.0,0.0,0.0,0,0,0
30,2021-11-21 14:29:47.402000+09:00,0.0,0.0,0.0,0.0,0.0,0,0,0
30,2021-11-21 18:25:30.191000+09:00,0.0,0.0,0.0,0.0,0.0,0,0,0
30,2021-11-24 10:00:40.962000+09:00,0.0,0.0,0.0,0.0,0.0,0,0,0
30,2021-11-24 14:34:43.262000+09:00,0.0,0.0,0.0,0.0,101.6,0,0,1
30,2021-11-24 18:15:29.388000+09:00,0.0,0.0,0.0,0.0,243.265,0,0,6
36,2021-08-17 18:01:56.601000+09:00,1.0,1.0,1.0,373.263,0.0,0,1,0
36,2021-08-20 14:04:02.288000+09:00,0.0,0.0,0.0,0.0,0.0,0,0,0
36,2021-08-20 18:30:24.288000+09:00,1.0,1.0,1.0,790.713,0.0,0,2,0
36,2021-08-23 10:01:18.654000+09:00,0.0,0.0,0.0,0.0,0.0,0,0,0
36,2021-08-23 18:01:35.972000+09:00,1.0,1.0,1.0,24.089,0.0,0,1,0
36,2021-08-26 10:13:27.592000+09:00,0.0,0.0,0.0,0.0,0.0,0,0,0
36,2021-08-26 14:32:33.065000+09:00,0.0,0.0,0.0,0.0,0.0,0,0,0
36,2021-08-26 18:35:29.690000+09:00,1.0,1.0,1.0,226.271,0.0,0,4,0
36,2021-08-29 10:02:02.806000+09:00,0.0,0.0,0.0,0.0,0.0,0,0,0
36,2021-08-29 18:21:14.262000+09:00,1.0,1.0,1.0,1208.996,0.0,0,2,0
36,2021-09-01 10:22:27.237000+09:00,0.0,0.0,0.0,0.0,78.598,0,0,1
36,2021-09-01 14:45:59.991000+09:00,1.0,0.3333333333333333,0.3171382310472374,112.233,241.66,0,1,2
36,2021-09-01 18:12:23.881000+09:00,0.0,0.0,0.0,0.0,10.939,0,0,4
36,2021-09-04 12:02:03.370000+09:00,1.0,1.0,1.0,82.429,0.0,0,1,0
36,2021-09-04 16:02:20.220000+09:00,1.0,0.6,0.9330916802734844,1854.962,133.012,0,3,2
36,2021-09-04 20:01:25.411000+09:00,0.0,0.0,0.0,0.0,0.0,0,0,0
36,2021-09-07 12:02:53.730000+09:00,0.0,0.0,0.0,0.0,0.0,0,0,0
36,2021-09-07 16:01:42.526000+09:00,0.0,0.0,0.0,0.0,0.0,0,0,0
36,2021-09-07 20:04:46.434000+09:00,1.0,1.0,1.0,41.931,0.0,0,1,0
36,2021-09-10 12:01:52.502000+09:00,0.0,0.0,0.0,0.0,528.505,0,0,4
36,2021-09-10 16:22:52.690000+09:00,0.0,0.0,0.0,0.0,0.0,0,0,0
36,2021-09-10 20:01:20.846000+09:00,0.0,0.0,0.0,0.0,0.0,0,0,0
36,2021-09-13 12:04:32.156000+09:00,0.0,0.0,0.0,0.0,0.0,0,0,0
36,2021-09-13 16:04:05.695000+09:00,1.0,1.0,1.0,160.956,0.0,0,5,0
36,2021-09-13 20:01:14.149000+09:00,1.0,1.0,1.0,21.727,0.0,0,1,0
36,2021-09-16 12:03:07.171000+09:00,0.0,0.0,0.0,0.0,0.0,0,0,0
36,2021-09-16 16:51:27.445000+09:00,1.0,0.1666666666666666,0.1462833622640551,74.918,437.225,0,1,5
36,2021-09-16 20:01:11.356000+09:00,1.0,0.375,0.2451378580573813,148.959,458.695,0,3,5
36,2021-09-19 12:02:03.048000+09:00,0.0,0.0,0.0,0.0,22.156,0,0,1
36,2021-09-19 16:12:39.308000+09:00,0.0,0.0,0.0,0.0,0.0,0,0,0
36,2021-09-19 20:05:00.179000+09:00,0.0,0.0,0.0,0.0,0.0,0,0,0
36,2021-09-22 12:01:02.422000+09:00,0.0,0.0,0.0,0.0,0.0,0,0,0
36,2021-09-22 16:20:26.572000+09:00,1.0,0.5,0.9980208682806082,1415.996,2.808,0,1,1
36,2021-09-22 20:04:14.750000+09:00,1.0,1.0,1.0,1415.996,0.0,0,1,0
36,2021-09-25 12:01:42.616000+09:00,0.0,0.0,0.0,0.0,13.902,0,0,1
36,2021-09-25 16:01:12.701000+09:00,0.0,0.0,0.0,0.0,0.0,0,0,0
36,2021-09-25 20:18:50.729000+09:00,0.0,0.0,0.0,0.0,0.0,0,0,0
36,2021-09-28 12:01:14.657000+09:00,0.0,0.0,0.0,0.0,788.058,0,0,4
36,2021-09-28 16:05:45.344000+09:00,0.0,0.0,0.0,0.0,68.236,0,0,1
36,2021-09-28 20:01:34.635000+09:00,0.0,0.0,0.0,0.0,0.0,0,0,0
36,2021-10-01 12:01:07.207000+09:00,0.0,0.0,0.0,0.0,421.566,0,0,3
36,2021-10-01 16:01:00.084000+09:00,0.5,0.1428571428571428,0.1635670225537023,307.383,1571.865,1,1,6
36,2021-10-04 12:01:11.865000+09:00,1.0,1.0,1.0,104.072,0.0,0,1,0
36,2021-10-04 16:06:37.083000+09:00,0.0,0.0,0.0,0.0,8.547,0,0,1
36,2021-10-04 20:02:09.459000+09:00,1.0,1.0,1.0,607.524,0.0,0,1,0
36,2021-10-07 12:00:58.110000+09:00,0.0,0.0,0.0,0.0,408.155,0,0,2
36,2021-10-07 16:01:13.528000+09:00,1.0,1.0,1.0,4.237,0.0,0,1,0
36,2021-10-07 20:00:55.221000+09:00,0.0,0.0,0.0,0.0,418.861,0,0,2
36,2021-10-10 12:03:38.919000+09:00,0.0,0.0,0.0,0.0,0.0,0,0,0
36,2021-10-10 16:01:20.719000+09:00,0.0,0.0,0.0,0.0,0.0,0,0,0
36,2021-10-10 20:29:31.311000+09:00,1.0,0.25,0.4463017834181249,47.898,59.424,0,1,3
36,2021-10-13 12:01:25.388000+09:00,0.0,0.0,0.0,0.0,0.0,0,0,0
36,2021-10-13 16:01:02.395000+09:00,0.0,0.0,0.0,0.0,123.668,0,0,1
36,2021-10-13 20:13:28.616000+09:00,0.0,0.0,0.0,0.0,0.0,0,0,0
36,2021-10-16 12:12:02.749000+09:00,0.0,0.0,0.0,0.0,0.0,0,0,0
36,2021-10-16 16:02:03.696000+09:00,0.0,0.0,0.0,0.0,0.0,1,0,0
36,2021-10-16 20:04:10.942000+09:00,0.0,0.0,0.0,0.0,0.0,0,0,0
36,2021-10-19 12:01:23.640000+09:00,0.0,0.0,0.0,0.0,3.738,0,0,1
36,2021-10-19 16:02:17.082000+09:00,0.0,0.0,0.0,0.0,0.0,0,0,0
36,2021-10-19 20:03:31.528000+09:00,0.0,0.0,0.0,0.0,0.0,0,0,0
36,2021-10-22 12:05:44.955000+09:00,0.0,0.0,0.0,0.0,0.0,0,0,0
36,2021-10-22 16:01:10.523000+09:00,0.0,0.0,0.0,0.0,25.677,0,0,1
36,2021-10-22 20:02:13.628000+09:00,1.0,1.0,1.0,1181.869,0.0,0,1,0
36,2021-10-25 12:01:37.960000+09:00,0.0,0.0,0.0,0.0,0.0,0,0,0
36,2021-10-25 16:05:59.855000+09:00,0.0,0.0,0.0,0.0,180.424,0,0,1
36,2021-10-25 20:26:04.788000+09:00,0.0,0.0,0.0,0.0,935.437,0,0,3
36,2021-10-28 12:02:37.619000+09:00,0.0,0.0,0.0,0.0,0.0,0,0,0
36,2021-10-28 16:06:02.121000+09:00,0.0,0.0,0.0,0.0,0.0,0,0,0
36,2021-10-28 20:01:09.991000+09:00,0.0,0.0,0.0,0.0,0.0,0,0,0
36,2021-10-31 12:01:24.018000+09:00,0.0,0.0,0.0,0.0,0.0,0,0,0
36,2021-10-31 16:24:43.698000+09:00,1.0,0.5,0.9566915709556428,664.959,30.102,0,1,1
36,2021-10-31 20:23:34.556000+09:00,0.0,0.0,0.0,0.0,0.0,0,0,0
36,2021-11-03 12:53:32.245000+09:00,0.0,0.0,0.0,0.0,0.0,0,0,0
36,2021-11-03 16:06:07.443000+09:00,0.0,0.0,0.0,0.0,198.13,0,0,2
36,2021-11-03 20:13:01.607000+09:00,0.0,0.0,0.0,0.0,0.0,0,0,0
36,2021-11-06 12:01:58.480000+09:00,0.0,0.0,0.0,0.0,0.0,0,0,0
36,2021-11-06 16:01:33.405000+09:00,0.0,0.0,0.0,0.0,36.423,0,0,1
36,2021-11-06 20:15:26.940000+09:00,1.0,0.5,0.3764025059285739,21.269,35.237,0,1,1
36,2021-11-09 12:11:25.537000+09:00,0.0,0.0,0.0,0.0,121.168,0,0,1
36,2021-11-09 16:01:23.258000+09:00,0.0,0.0,0.0,0.0,0.0,0,0,0
36,2021-11-09 20:04:43.891000+09:00,0.0,0.0,0.0,0.0,0.0,0,0,0
36,2021-11-12 12:02:33.911000+09:00,0.0,0.0,0.0,0.0,0.0,0,0,0
36,2021-11-12 16:01:08.345000+09:00,0.0,0.0,0.0,0.0,0.0,0,0,0
36,2021-11-12 20:02:58.052000+09:00,0.0,0.0,0.0,0.0,0.0,0,0,0
36,2021-11-15 12:02:03.905000+09:00,0.0,0.0,0.0,0.0,0.0,0,0,0
36,2021-11-15 16:04:40.001000+09:00,0.0,0.0,0.0,0.0,0.0,0,0,0
36,2021-11-15 20:04:33.427000+09:00,0.0,0.0,0.0,0.0,0.0,0,0,0
37,2021-08-17 12:00:26.740000+09:00,0.0,0.0,0.0,0.0,0.0,0,0,0
37,2021-08-17 16:37:59.079000+09:00,0.0,0.0,0.0,0.0,0.0,1,0,0
37,2021-08-17 20:03:25.803000+09:00,0.0,0.0,0.0,0.0,0.0,0,0,0
37,2021-08-20 12:01:14.629000+09:00,0.0,0.0,0.0,0.0,0.0,0,0,0
37,2021-08-20 16:24:17.784000+09:00,0.0,0.0,0.0,0.0,0.0,0,0,0
37,2021-08-20 20:00:34.014000+09:00,0.0,0.0,0.0,0.0,0.0,0,0,0
37,2021-08-23 12:01:46.518000+09:00,0.0,0.0,0.0,0.0,0.0,0,0,0
37,2021-08-23 16:04:38.425000+09:00,0.0,0.0,0.0,0.0,0.0,0,0,0
37,2021-08-23 20:00:28.376000+09:00,0.0,0.0,0.0,0.0,0.0,0,0,0
37,2021-08-26 12:03:34.012000+09:00,1.0,1.0,1.0,41.744,0.0,0,1,0
37,2021-08-26 16:07:06.894000+09:00,0.0,0.0,0.0,0.0,29.639,0,0,2
37,2021-08-26 20:00:56.193000+09:00,0.0,0.0,0.0,0.0,0.0,0,0,0
37,2021-08-29 12:52:40.067000+09:00,0.0,0.0,0.0,0.0,0.0,0,0,0
37,2021-08-29 16:01:38.919000+09:00,0.0,0.0,0.0,0.0,0.0,0,0,0
37,2021-08-29 20:02:00.850000+09:00,0.0,0.0,0.0,0.0,0.0,0,0,0
37,2021-09-01 12:01:27.364000+09:00,0.0,0.0,0.0,0.0,0.0,0,0,0
37,2021-09-01 16:33:08.140000+09:00,0.0,0.0,0.0,0.0,0.0,0,0,0
37,2021-09-01 20:00:34.509000+09:00,0.0,0.0,0.0,0.0,0.0,0,0,0
37,2021-09-04 12:07:11.933000+09:00,0.0,0.0,0.0,0.0,0.0,0,0,0
37,2021-09-04 16:01:39.067000+09:00,0.0,0.0,0.0,0.0,0.0,0,0,0
37,2021-09-04 20:07:42.348000+09:00,0.0,0.0,0.0,0.0,0.0,0,0,0
37,2021-09-07 12:01:14.893000+09:00,0.0,0.0,0.0,0.0,0.0,0,0,0
37,2021-09-07 16:00:33.071000+09:00,0.0,0.0,0.0,0.0,0.0,1,0,0
37,2021-09-07 20:01:04.955000+09:00,0.0,0.0,0.0,0.0,0.0,0,0,0
37,2021-09-10 12:01:54.181000+09:00,0.0,0.0,0.0,0.0,0.0,0,0,0
37,2021-09-10 16:00:39.671000+09:00,0.0,0.0,0.0,0.0,0.0,0,0,0
37,2021-09-10 20:01:05.808000+09:00,0.0,0.0,0.0,0.0,0.0,0,0,0
37,2021-09-13 12:05:27.491000+09:00,0.0,0.0,0.0,0.0,0.0,0,0,0
37,2021-09-13 16:00:38.337000+09:00,0.0,0.0,0.0,0.0,0.0,0,0,0
37,2021-09-13 20:00:22.754000+09:00,0.0,0.0,0.0,0.0,0.0,0,0,0
37,2021-09-16 12:00:51.327000+09:00,0.0,0.0,0.0,0.0,0.0,0,0,0
37,2021-09-16 16:27:38.138000+09:00,0.0,0.0,0.0,0.0,0.0,0,0,0
37,2021-09-16 20:00:23.431000+09:00,0.0,0.0,0.0,0.0,0.0,0,0,0
37,2021-09-19 12:00:30.163000+09:00,0.0,0.0,0.0,0.0,0.0,0,0,0
37,2021-09-19 16:00:28.318000+09:00,0.0,0.0,0.0,0.0,0.0,0,0,0
37,2021-09-19 20:12:04.729000+09:00,0.0,0.0,0.0,0.0,0.0,0,0,0
37,2021-09-22 12:01:24.112000+09:00,0.0,0.0,0.0,0.0,0.0,0,0,0
37,2021-09-22 16:00:35.304000+09:00,0.0,0.0,0.0,0.0,0.0,0,0,0
37,2021-09-22 20:00:29.049000+09:00,0.0,0.0,0.0,0.0,0.0,0,0,0
37,2021-09-25 12:00:29.929000+09:00,0.0,0.0,0.0,0.0,0.0,0,0,0
37,2021-09-25 16:00:33.631000+09:00,0.0,0.0,0.0,0.0,0.0,0,0,0
37,2021-09-25 20:00:56.252000+09:00,0.0,0.0,0.0,0.0,0.0,0,0,0
37,2021-09-28 12:00:26.648000+09:00,0.0,0.0,0.0,0.0,0.0,0,0,0
37,2021-09-28 16:02:06.052000+09:00,0.0,0.0,0.0,0.0,3.1,0,0,1
37,2021-09-28 20:00:45.206000+09:00,0.0,0.0,0.0,0.0,0.0,0,0,0
37,2021-10-01 12:00:22.955000+09:00,0.0,0.0,0.0,0.0,0.0,0,0,0
37,2021-10-01 16:02:45.632000+09:00,0.0,0.0,0.0,0.0,0.0,0,0,0
37,2021-10-01 20:01:39.436000+09:00,1.0,0.5,0.9015108544320116,34.966,3.82,0,1,1
37,2021-10-04 12:00:37.699000+09:00,0.0,0.0,0.0,0.0,0.0,0,0,0
37,2021-10-04 16:00:28.752000+09:00,0.0,0.0,0.0,0.0,0.0,0,0,0
37,2021-10-04 20:00:28.076000+09:00,0.0,0.0,0.0,0.0,0.0,0,0,0
37,2021-10-07 12:00:34.536000+09:00,0.0,0.0,0.0,0.0,0.0,0,0,0
37,2021-10-07 16:00:24.814000+09:00,0.0,0.0,0.0,0.0,3.45,1,0,1
37,2021-10-07 20:00:28.628000+09:00,0.0,0.0,0.0,0.0,0.0,0,0,0
37,2021-10-10 12:00:29.178000+09:00,0.0,0.0,0.0,0.0,0.0,0,0,0
37,2021-10-10 20:02:03.292000+09:00,1.0,1.0,1.0,992.975,0.0,0,1,0
37,2021-10-13 12:00:19.438000+09:00,0.0,0.0,0.0,0.0,0.0,0,0,0
37,2021-10-13 16:00:49.850000+09:00,0.0,0.0,0.0,0.0,0.0,0,0,0
37,2021-10-13 20:00:31.931000+09:00,1.0,1.0,1.0,241.414,0.0,0,1,0
37,2021-10-16 12:02:31.279000+09:00,0.0,0.0,0.0,0.0,0.0,0,0,0
37,2021-10-16 16:04:58.992000+09:00,1.0,1.0,1.0,837.856,0.0,0,1,0
37,2021-10-16 20:00:22.002000+09:00,0.0,0.0,0.0,0.0,0.0,0,0,0
37,2021-10-19 12:00:21.216000+09:00,0.0,0.0,0.0,0.0,0.0,0,0,0
37,2021-10-19 16:26:00.268000+09:00,0.0,0.0,0.0,0.0,0.0,0,0,0
37,2021-10-19 20:00:40.502000+09:00,0.0,0.0,0.0,0.0,0.0,0,0,0
37,2021-10-22 12:00:22.463000+09:00,0.0,0.0,0.0,0.0,0.0,0,0,0
37,2021-10-22 16:01:19.240000+09:00,0.0,0.0,0.0,0.0,0.0,0,0,0
37,2021-10-22 20:01:50.488000+09:00,0.0,0.0,0.0,0.0,0.0,0,0,0
37,2021-10-25 12:03:05.677000+09:00,0.0,0.0,0.0,0.0,0.0,0,0,0
37,2021-10-25 16:00:26.270000+09:00,0.0,0.0,0.0,0.0,0.0,0,0,0
37,2021-10-25 20:00:37.975000+09:00,0.0,0.0,0.0,0.0,109.459,0,0,1
37,2021-10-28 12:00:35.954000+09:00,0.0,0.0,0.0,0.0,0.0,0,0,0
37,2021-10-28 16:19:05.452000+09:00,0.0,0.0,0.0,0.0,0.0,0,0,0
37,2021-10-28 20:01:25.903000+09:00,1.0,1.0,1.0,247.898,0.0,0,1,0
37,2021-10-31 12:00:24.654000+09:00,0.0,0.0,0.0,0.0,0.0,0,0,0
37,2021-10-31 16:00:32.486000+09:00,0.0,0.0,0.0,0.0,0.0,0,0,0
37,2021-10-31 20:00:34.697000+09:00,0.0,0.0,0.0,0.0,0.0,0,0,0
37,2021-11-03 12:00:51.229000+09:00,0.0,0.0,0.0,0.0,0.0,0,0,0
37,2021-11-03 16:08:22.047000+09:00,0.0,0.0,0.0,0.0,0.0,0,0,0
37,2021-11-03 20:00:42.041000+09:00,0.0,0.0,0.0,0.0,0.0,0,0,0
37,2021-11-06 12:00:31.823000+09:00,0.0,0.0,0.0,0.0,0.0,0,0,0
37,2021-11-06 16:03:21.213000+09:00,0.0,0.0,0.0,0.0,0.0,0,0,0
37,2021-11-06 20:00:45.381000+09:00,0.0,0.0,0.0,0.0,0.0,0,0,0
37,2021-11-09 12:00:39.441000+09:00,0.0,0.0,0.0,0.0,0.0,0,0,0
37,2021-11-09 16:00:25.820000+09:00,0.0,0.0,0.0,0.0,0.0,0,0,0
37,2021-11-09 20:00:26.122000+09:00,0.0,0.0,0.0,0.0,262.934,1,0,1
39,2021-08-17 12:00:43.706000+09:00,0.0,0.0,0.0,0.0,0.0,0,0,0
39,2021-08-17 16:00:29.641000+09:00,1.0,0.75,0.775051240588726,150.501,43.681,0,3,1
39,2021-08-17 20:00:27.902000+09:00,0.0,0.0,0.0,0.0,0.0,0,0,0
39,2021-08-20 12:06:23.465000+09:00,0.0,0.0,0.0,0.0,217.664,0,0,1
39,2021-08-26 12:51:33.714000+09:00,0.0,0.0,0.0,0.0,0.0,1,0,0
39,2021-08-26 20:00:29.975000+09:00,1.0,1.0,1.0,17.557,0.0,0,1,0
39,2021-09-13 12:04:22.377000+09:00,0.0,0.0,0.0,0.0,0.0,0,0,0
39,2021-09-13 16:51:12.796000+09:00,0.0,0.0,0.0,0.0,0.0,0,0,0
39,2021-09-13 20:06:35.936000+09:00,1.0,1.0,1.0,24.509,0.0,0,1,0
39,2021-09-16 12:00:30.962000+09:00,0.0,0.0,0.0,0.0,0.0,0,0,0
39,2021-09-16 16:59:40.406000+09:00,0.0,0.0,0.0,0.0,0.0,0,0,0
39,2021-09-16 20:07:28.704000+09:00,0.0,0.0,0.0,0.0,0.0,0,0,0
39,2021-09-22 12:01:54.475000+09:00,0.0,0.0,0.0,0.0,0.0,0,0,0
39,2021-09-22 16:04:02.532000+09:00,0.0,0.0,0.0,0.0,5.743,0,0,1
39,2021-09-22 20:00:34.370000+09:00,0.0,0.0,0.0,0.0,32.006,1,0,1
39,2021-09-25 12:11:38.974000+09:00,0.0,0.0,0.0,0.0,0.0,0,0,0
39,2021-09-25 20:07:49.053000+09:00,0.0,0.0,0.0,0.0,0.0,0,0,0
39,2021-09-28 12:01:01.643000+09:00,0.0,0.0,0.0,0.0,0.0,1,0,0
39,2021-09-28 20:09:05.433000+09:00,0.0,0.0,0.0,0.0,0.0,0,0,0
39,2021-10-01 12:00:22.857000+09:00,0.0,0.0,0.0,0.0,0.0,0,0,0
39,2021-10-01 16:09:02.777000+09:00,0.0,0.0,0.0,0.0,0.0,0,0,0
39,2021-10-01 20:00:32.583000+09:00,1.0,0.6666666666666666,0.4371985880247261,79.143,101.88,0,2,1
39,2021-10-04 12:08:32.144000+09:00,0.0,0.0,0.0,0.0,0.0,0,0,0
39,2021-10-04 16:00:21.818000+09:00,0.0,0.0,0.0,0.0,0.0,1,0,0
39,2021-10-07 12:05:38.094000+09:00,0.0,0.0,0.0,0.0,0.0,2,0,0
39,2021-10-10 16:00:21.743000+09:00,0.0,0.0,0.0,0.0,0.0,0,0,0
39,2021-10-10 20:03:06.252000+09:00,0.0,0.0,0.0,0.0,0.0,0,0,0
39,2021-10-13 12:00:45.063000+09:00,0.0,0.0,0.0,0.0,0.0,0,0,0
39,2021-10-13 16:21:49.064000+09:00,0.0,0.0,0.0,0.0,0.0,0,0,0
39,2021-10-16 12:47:10.236000+09:00,0.0,0.0,0.0,0.0,0.0,0,0,0
39,2021-10-19 12:32:01.200000+09:00,0.0,0.0,0.0,0.0,0.0,0,0,0
39,2021-10-19 16:00:26.036000+09:00,0.0,0.0,0.0,0.0,0.0,0,0,0
39,2021-10-22 12:10:08.839000+09:00,0.0,0.0,0.0,0.0,0.0,0,0,0
39,2021-10-25 16:15:49.338000+09:00,0.0,0.0,0.0,0.0,0.0,0,0,0
39,2021-10-25 20:00:25+09:00,1.0,0.5,0.712279117097237,124.594,50.329,0,1,1
39,2021-10-28 16:53:40.992000+09:00,0.0,0.0,0.0,0.0,0.0,0,0,0
39,2021-10-28 20:02:29.626000+09:00,0.0,0.0,0.0,0.0,2.301,0,0,1
39,2021-10-31 12:00:31.824000+09:00,0.0,0.0,0.0,0.0,0.0,0,0,0
39,2021-10-31 16:50:15.737000+09:00,0.0,0.0,0.0,0.0,0.0,0,0,0
39,2021-11-03 12:53:18.874000+09:00,0.0,0.0,0.0,0.0,0.0,0,0,0
39,2021-11-03 20:15:29.815000+09:00,0.0,0.0,0.0,0.0,0.0,0,0,0
39,2021-11-06 12:00:41.559000+09:00,1.0,1.0,1.0,15.372,0.0,0,1,0
39,2021-11-09 12:08:08.057000+09:00,0.0,0.0,0.0,0.0,0.0,0,0,0
39,2021-11-12 12:00:20.774000+09:00,0.5,0.5,0.7347413780137471,390.806,141.09,1,1,1
39,2021-11-12 20:13:09.468000+09:00,0.5,0.5,0.9809122677484446,233.823,4.55,1,1,1
39,2021-11-15 12:01:56.323000+09:00,0.0,0.0,0.0,0.0,0.0,0,0,0
39,2021-11-15 16:00:23.773000+09:00,0.0,0.0,0.0,0.0,0.0,0,0,0
39,2021-11-15 20:01:18.182000+09:00,0.0,0.0,0.0,0.0,0.0,0,0,0
39,2021-11-18 16:09:31.296000+09:00,0.0,0.0,0.0,0.0,0.0,0,0,0
39,2021-11-18 20:12:38.446000+09:00,0.0,0.0,0.0,0.0,0.0,0,0,0
39,2021-11-24 12:31:26.367000+09:00,0.0,0.0,0.0,0.0,0.0,0,0,0
39,2021-11-24 20:11:00.065000+09:00,0.0,0.0,0.0,0.0,0.0,3,0,0
39,2021-11-27 20:23:10.968000+09:00,0.0,0.0,0.0,0.0,0.0,0,0,0
39,2021-11-30 12:01:01.184000+09:00,0.0,0.0,0.0,0.0,0.0,0,0,0
39,2021-11-30 16:53:25.937000+09:00,0.0,0.0,0.0,0.0,0.0,0,0,0
39,2021-11-30 20:00:35.447000+09:00,0.0,0.0,0.0,0.0,0.0,0,0,0
39,2021-12-03 12:17:36.646000+09:00,0.0,0.0,0.0,0.0,0.0,0,0,0
39,2021-12-03 20:50:43.853000+09:00,0.0,0.0,0.0,0.0,0.0,0,0,0
39,2021-12-06 12:07:38.738000+09:00,0.0,0.0,0.0,0.0,0.0,0,0,0
39,2021-12-06 16:00:23.023000+09:00,1.0,0.5,0.3384669233461673,7.736,15.12,0,1,1
39,2021-12-06 20:10:40.478000+09:00,0.0,0.0,0.0,0.0,0.0,0,0,0
39,2021-12-09 12:55:26.034000+09:00,0.0,0.0,0.0,0.0,0.0,0,0,0
39,2021-12-09 20:00:54.697000+09:00,0.0,0.0,0.0,0.0,0.0,0,0,0
39,2021-12-12 12:06:42.439000+09:00,0.0,0.0,0.0,0.0,0.0,0,0,0
39,2021-12-12 20:11:56.427000+09:00,0.0,0.0,0.0,0.0,131.26600000000002,0,0,3
39,2021-12-15 12:05:22.475000+09:00,0.0,0.0,0.0,0.0,0.0,0,0,0
39,2021-12-18 20:03:13.313000+09:00,0.0,0.0,0.0,0.0,3.033,0,0,1
39,2021-12-21 12:58:30.968000+09:00,0.0,0.0,0.0,0.0,35.749,1,0,2
39,2021-12-24 20:00:28.248000+09:00,0.0,0.0,0.0,0.0,0.0,0,0,0
39,2021-12-27 20:00:19.853000+09:00,0.0,0.0,0.0,0.0,0.0,0,0,0
39,2021-12-30 16:03:42.930000+09:00,0.0,0.0,0.0,0.0,0.0,0,0,0
39,2021-12-30 20:01:30.294000+09:00,0.0,0.0,0.0,0.0,0.0,0,0,0
40,2021-08-17 12:18:18.966000+09:00,0.0,0.0,0.0,0.0,755.7900000000001,0,0,5
40,2021-08-17 16:53:54.058000+09:00,0.0,0.0,0.0,0.0,0.0,0,0,0
40,2021-08-17 20:56:24.852000+09:00,0.0,0.0,0.0,0.0,0.0,0,0,0
40,2021-08-20 12:10:44.659000+09:00,0.0,0.0,0.0,0.0,0.0,0,0,0
40,2021-08-20 16:51:35.592000+09:00,1.0,1.0,1.0,27.933,0.0,0,2,0
40,2021-08-20 20:48:41.828000+09:00,1.0,1.0,1.0,138.769,0.0,0,1,0
40,2021-08-23 12:25:21.629000+09:00,0.0,0.0,0.0,0.0,99.441,0,0,1
40,2021-08-23 16:24:12.669000+09:00,0.0,0.0,0.0,0.0,145.344,2,0,1
40,2021-08-26 12:15:33.552000+09:00,0.0,0.0,0.0,0.0,0.0,0,0,0
40,2021-08-26 16:20:55.016000+09:00,1.0,1.0,1.0,34.006,0.0,0,1,0
40,2021-08-26 20:28:56.890000+09:00,0.0,0.0,0.0,0.0,0.0,0,0,0
40,2021-08-29 12:45:28.331000+09:00,0.0,0.0,0.0,0.0,0.0,0,0,0
40,2021-08-29 20:50:20.964000+09:00,0.0,0.0,0.0,0.0,117.783,0,0,1
40,2021-09-01 12:25:38.863000+09:00,0.0,0.0,0.0,0.0,0.0,0,0,0
40,2021-09-01 16:50:34.998000+09:00,0.0,0.0,0.0,0.0,25.949,2,0,1
40,2021-09-04 16:00:34.624000+09:00,0.0,0.0,0.0,0.0,0.0,0,0,0
40,2021-09-04 20:01:15.025000+09:00,1.0,0.5,0.8827777128276031,2778.73,368.982,0,1,1
40,2021-09-07 12:11:37.414000+09:00,0.8,0.8,0.4525549916925522,400.942,485.01,1,4,1
40,2021-09-07 16:06:47.775000+09:00,0.0,0.0,0.0,0.0,0.0,0,0,0
40,2021-09-10 12:50:28.482000+09:00,0.0,0.0,0.0,0.0,0.0,2,0,0
40,2021-09-10 16:11:05.024000+09:00,0.0,0.0,0.0,0.0,126.583,2,0,1
40,2021-09-10 20:52:49.841000+09:00,0.0,0.0,0.0,0.0,0.0,0,0,0
40,2021-09-13 12:01:40.561000+09:00,0.0,0.0,0.0,0.0,0.0,1,0,0
40,2021-09-13 16:40:50.119000+09:00,0.0,0.0,0.0,0.0,0.0,1,0,0
40,2021-09-13 20:17:52.622000+09:00,1.0,1.0,1.0,0.169,0.0,0,1,0
40,2021-09-16 12:12:04.280000+09:00,0.0,0.0,0.0,0.0,55.693,0,0,1
40,2021-09-16 16:00:26.232000+09:00,0.0,0.0,0.0,0.0,83.07,1,0,2
40,2021-09-16 20:01:00.887000+09:00,0.0,0.0,0.0,0.0,0.0,0,0,0
40,2021-09-19 12:25:59.628000+09:00,0.0,0.0,0.0,0.0,0.0,0,0,0
40,2021-09-19 16:02:36.533000+09:00,0.0,0.0,0.0,0.0,0.0,0,0,0
40,2021-09-19 20:19:05.733000+09:00,0.0,0.0,0.0,0.0,0.0,0,0,0
40,2021-09-22 12:42:15.298000+09:00,0.0,0.0,0.0,0.0,0.0,0,0,0
40,2021-09-22 16:16:18.304000+09:00,0.0,0.0,0.0,0.0,315.751,0,0,1
40,2021-09-22 20:10:24.155000+09:00,0.0,0.0,0.0,0.0,0.0,0,0,0
40,2021-09-25 12:29:25.162000+09:00,0.0,0.0,0.0,0.0,74.51,0,0,1
40,2021-09-25 16:04:23.165000+09:00,0.0,0.0,0.0,0.0,0.0,0,0,0
40,2021-09-25 20:40:50.802000+09:00,0.0,0.0,0.0,0.0,0.0,0,0,0
40,2021-09-28 12:57:37.374000+09:00,0.0,0.0,0.0,0.0,0.0,2,0,0
40,2021-09-28 16:24:21.059000+09:00,0.0,0.0,0.0,0.0,0.0,0,0,0
40,2021-09-28 20:41:47.942000+09:00,0.0,0.0,0.0,0.0,179.963,0,0,1
40,2021-10-01 12:09:56.464000+09:00,0.0,0.0,0.0,0.0,258.733,0,0,1
40,2021-10-01 16:26:17.651000+09:00,0.0,0.0,0.0,0.0,0.0,1,0,0
40,2021-10-01 20:18:48.711000+09:00,0.0,0.0,0.0,0.0,0.0,0,0,0
40,2021-10-04 12:17:09.027000+09:00,0.0,0.0,0.0,0.0,0.0,0,0,0
40,2021-10-04 16:14:19.745000+09:00,0.0,0.0,0.0,0.0,90.866,0,0,1
40,2021-10-04 20:35:55.458000+09:00,0.5,1.0,1.0,21.734,0.0,1,1,0
40,2021-10-07 12:27:12.085000+09:00,0.0,0.0,0.0,0.0,0.0,2,0,0
40,2021-10-07 16:41:00.246000+09:00,0.0,0.0,0.0,0.0,0.0,0,0,0
40,2021-10-07 20:16:54.263000+09:00,0.0,0.0,0.0,0.0,0.0,0,0,0
40,2021-10-10 12:12:59.214000+09:00,0.0,0.0,0.0,0.0,0.0,0,0,0
40,2021-10-10 16:02:11.574000+09:00,0.0,0.0,0.0,0.0,0.0,0,0,0
40,2021-10-10 20:19:03.894000+09:00,0.0,0.0,0.0,0.0,0.0,0,0,0
40,2021-10-13 12:26:51.477000+09:00,0.0,0.0,0.0,0.0,0.0,0,0,0
40,2021-10-13 16:31:15.903000+09:00,0.5,1.0,1.0,44.587,0.0,1,1,0
40,2021-10-13 20:33:34.978000+09:00,0.0,0.0,0.0,0.0,0.0,0,0,0
40,2021-10-16 12:57:11.679000+09:00,0.0,0.0,0.0,0.0,0.0,0,0,0
40,2021-10-16 16:41:41.620000+09:00,0.0,0.0,0.0,0.0,4.04,0,0,2
40,2021-10-16 20:10:11.064000+09:00,0.0,0.0,0.0,0.0,145.212,0,0,1
40,2021-10-19 12:24:17.558000+09:00,0.0,0.0,0.0,0.0,0.0,0,0,0
40,2021-10-19 16:11:21.226000+09:00,1.0,1.0,1.0,123.378,0.0,0,2,0
40,2021-10-19 20:09:19.589000+09:00,0.0,0.0,0.0,0.0,0.0,0,0,0
40,2021-10-22 12:17:21.028000+09:00,1.0,1.0,1.0,45.056,0.0,0,3,0
40,2021-10-22 16:40:49.131000+09:00,0.0,0.0,0.0,0.0,0.0,0,0,0
40,2021-10-22 20:19:13.419000+09:00,0.0,0.0,0.0,0.0,0.0,0,0,0
40,2021-10-25 12:30:45.222000+09:00,1.0,0.6,0.7726076885681877,324.214,95.422,0,3,2
40,2021-10-25 16:06:27.031000+09:00,0.0,0.0,0.0,0.0,0.0,0,0,0
40,2021-10-28 16:50:44.757000+09:00,0.0,0.0,0.0,0.0,0.0,0,0,0
40,2021-10-28 20:54:13.351000+09:00,0.0,0.0,0.0,0.0,0.0,0,0,0
40,2021-10-31 12:06:29.330000+09:00,0.0,0.0,0.0,0.0,0.0,0,0,0
40,2021-10-31 16:50:17.789000+09:00,0.0,0.0,0.0,0.0,3.382,0,0,1
40,2021-11-03 12:21:12.079000+09:00,1.0,1.0,1.0,61.413,0.0,0,2,0
40,2021-11-03 16:48:38.473000+09:00,0.75,1.0,1.0,209.731,0.0,1,3,0
40,2021-11-03 20:34:15.738000+09:00,0.0,0.0,0.0,0.0,702.761,0,0,1
40,2021-11-06 12:08:17.943000+09:00,0.0,0.0,0.0,0.0,0.0,0,0,0
40,2021-11-06 16:05:06.517000+09:00,0.0,0.0,0.0,0.0,0.0,0,0,0
40,2021-11-06 20:37:00.185000+09:00,0.0,0.0,0.0,0.0,0.0,0,0,0
40,2021-11-09 12:19:53.551000+09:00,0.0,0.0,0.0,0.0,0.0,0,0,0
40,2021-11-09 16:31:04.774000+09:00,0.0,0.0,0.0,0.0,0.0,1,0,0
40,2021-11-09 20:20:18.295000+09:00,1.0,1.0,1.0,13.293,0.0,0,1,0
40,2021-11-12 12:16:36.591000+09:00,0.0,0.0,0.0,0.0,0.0,0,0,0
40,2021-11-12 16:06:49.623000+09:00,0.0,0.0,0.0,0.0,0.0,0,0,0
40,2021-11-12 20:54:08.421000+09:00,0.0,0.0,0.0,0.0,39.841,0,0,2
40,2021-11-15 12:01:16.340000+09:00,0.0,0.0,0.0,0.0,0.0,0,0,0
40,2021-11-15 16:30:36.495000+09:00,0.0,0.0,0.0,0.0,54.238,0,0,2
40,2021-11-15 20:31:50.247000+09:00,0.0,0.0,0.0,0.0,440.716,0,0,1
40,2021-11-18 12:04:54.855000+09:00,1.0,1.0,1.0,734.067,0.0,0,1,0
40,2021-11-18 16:05:25.009000+09:00,0.0,0.0,0.0,0.0,0.0,0,0,0
40,2021-11-18 20:39:24.691000+09:00,0.0,0.0,0.0,0.0,199.122,2,0,2
40,2021-11-21 12:04:03.807000+09:00,0.0,0.0,0.0,0.0,0.0,0,0,0
40,2021-11-21 16:50:57.327000+09:00,0.6666666666666666,1.0,1.0,25.883,0.0,1,2,0
40,2021-11-21 20:31:10.428000+09:00,0.0,0.0,0.0,0.0,175.675,0,0,2
40,2021-11-24 12:56:08.778000+09:00,0.0,0.0,0.0,0.0,0.0,0,0,0
40,2021-11-24 16:23:23.447000+09:00,0.0,0.0,0.0,0.0,0.0,0,0,0
40,2021-11-24 20:09:21.830000+09:00,0.0,0.0,0.0,0.0,28.222,0,0,1
40,2021-11-27 12:12:59.044000+09:00,0.0,0.0,0.0,0.0,34.19,1,0,2
40,2021-11-27 16:02:04.795000+09:00,0.0,0.0,0.0,0.0,69.124,0,0,2
40,2021-11-27 20:00:21.811000+09:00,0.0,0.0,0.0,0.0,3.356,0,0,1
40,2021-11-30 12:00:19.325000+09:00,0.0,0.0,0.0,0.0,0.0,1,0,0
40,2021-11-30 16:00:26.726000+09:00,0.0,0.0,0.0,0.0,22.655,1,0,1
40,2021-11-30 20:14:28.361000+09:00,0.0,0.0,0.0,0.0,0.0,1,0,0
40,2021-12-03 12:32:44.859000+09:00,0.0,0.0,0.0,0.0,0.0,1,0,0
40,2021-12-03 16:09:50.322000+09:00,1.0,0.3333333333333333,0.5460834774635853,52.412,43.566,0,1,2
40,2021-12-03 20:58:32.572000+09:00,0.0,0.0,0.0,0.0,195.517,2,0,3
40,2021-12-06 12:50:30.239000+09:00,1.0,0.25,0.1940267583238303,241.606,1003.614,0,2,6
40,2021-12-06 16:36:24.803000+09:00,0.5,1.0,1.0,6.548,0.0,1,1,0
40,2021-12-06 20:20:14.112000+09:00,0.0,0.0,0.0,0.0,0.0,0,0,0
40,2021-12-09 12:07:18.420000+09:00,0.0,0.0,0.0,0.0,0.0,0,0,0
40,2021-12-09 16:26:19.049000+09:00,0.5,0.6666666666666666,0.4355938284894152,99.548,128.986,2,2,1
40,2021-12-09 20:46:21.031000+09:00,1.0,0.125,0.0318517908413999,22.043,670.006,0,1,7
40,2021-12-12 12:09:03.891000+09:00,0.0,0.0,0.0,0.0,0.0,0,0,0
40,2021-12-12 16:00:33.309000+09:00,0.0,0.0,0.0,0.0,3.081,1,0,1
40,2021-12-12 20:02:58.604000+09:00,0.0,0.0,0.0,0.0,0.0,1,0,0
42,2021-08-20 10:01:26.361000+09:00,0.0,0.0,0.0,0.0,0.0,0,0,0
42,2021-08-20 14:13:00.938000+09:00,0.0,0.0,0.0,0.0,131.637,0,0,2
42,2021-08-20 18:00:56.013000+09:00,0.0,0.0,0.0,0.0,216.50600000000003,4,0,2
42,2021-08-23 10:04:20.013000+09:00,0.0,0.0,0.0,0.0,0.0,0,0,0
42,2021-08-23 14:00:36.442000+09:00,0.5,0.3333333333333333,0.0319447834458818,11.779,356.951,1,1,2
42,2021-08-23 18:06:14.665000+09:00,1.0,1.0,1.0,32.103,0.0,0,1,0
42,2021-08-26 14:00:40.358000+09:00,0.0,0.0,0.0,0.0,0.0,0,0,0
42,2021-08-26 18:03:52.742000+09:00,1.0,0.3333333333333333,0.3788076527920473,27.284,44.742,0,1,2
42,2021-08-29 10:03:36.697000+09:00,0.0,0.0,0.0,0.0,0.0,0,0,0
42,2021-08-29 14:03:10.234000+09:00,0.0,0.0,0.0,0.0,0.0,0,0,0
42,2021-08-29 18:08:31.089000+09:00,1.0,0.5,0.4338541948762389,64.082,83.622,0,1,1
42,2021-09-01 10:01:38.989000+09:00,0.0,0.0,0.0,0.0,0.0,0,0,0
42,2021-09-01 14:04:15.381000+09:00,0.0,0.0,0.0,0.0,290.623,0,0,4
42,2021-09-01 18:00:46.446000+09:00,0.0,0.0,0.0,0.0,68.956,0,0,1
42,2021-09-04 10:15:54.417000+09:00,0.0,0.0,0.0,0.0,0.0,0,0,0
42,2021-09-04 14:19:34.692000+09:00,0.0,0.0,0.0,0.0,0.0,0,0,0
42,2021-09-04 18:00:20.447000+09:00,0.0,0.0,0.0,0.0,533.893,0,0,3
42,2021-09-07 10:01:17.421000+09:00,0.0,0.0,0.0,0.0,74.154,0,0,2
42,2021-09-07 14:00:37.051000+09:00,1.0,1.0,1.0,266.324,0.0,0,1,0
42,2021-09-07 18:01:42.674000+09:00,0.5,0.5,0.4850035868873072,60.171,63.892,1,1,1
42,2021-09-10 10:05:07.158000+09:00,0.0,0.0,0.0,0.0,0.0,0,0,0
42,2021-09-10 14:00:24.246000+09:00,0.0,0.0,0.0,0.0,0.0,1,0,0
42,2021-09-10 18:00:40.366000+09:00,0.0,0.0,0.0,0.0,0.0,0,0,0
42,2021-09-13 10:06:02.710000+09:00,0.0,0.0,0.0,0.0,0.0,0,0,0
42,2021-09-13 14:00:37.902000+09:00,0.5,0.2,0.0500838994843251,19.58,371.364,1,1,4
42,2021-09-16 14:00:42.456000+09:00,0.0,0.0,0.0,0.0,4.436,0,0,1
42,2021-09-16 18:04:20.158000+09:00,0.0,0.0,0.0,0.0,0.0,0,0,0
42,2021-09-19 10:24:20.702000+09:00,0.0,0.0,0.0,0.0,0.0,0,0,0
42,2021-09-19 14:54:36.364000+09:00,0.0,0.0,0.0,0.0,55.938,0,0,2
42,2021-09-19 18:00:46.452000+09:00,1.0,0.5,0.5933958117484538,75.601,51.803,0,2,2
42,2021-09-22 10:41:21.044000+09:00,0.0,0.0,0.0,0.0,0.0,0,0,0
42,2021-09-22 14:20:19.761000+09:00,0.0,0.0,0.0,0.0,0.0,0,0,0
42,2021-09-22 18:03:29.787000+09:00,0.0,0.0,0.0,0.0,0.0,0,0,0
42,2021-09-25 10:10:11.283000+09:00,0.0,0.0,0.0,0.0,0.0,0,0,0
42,2021-09-25 18:00:19.339000+09:00,0.0,0.0,0.0,0.0,0.0,1,0,0
42,2021-09-28 10:23:19.386000+09:00,0.0,0.0,0.0,0.0,0.0,0,0,0
42,2021-09-28 14:01:30.670000+09:00,0.0,0.0,0.0,0.0,0.0,0,0,0
42,2021-09-28 18:03:43.335000+09:00,0.0,0.0,0.0,0.0,0.0,0,0,0
42,2021-10-01 10:06:18.158000+09:00,0.0,0.0,0.0,0.0,0.0,0,0,0
42,2021-10-01 14:00:25.270000+09:00,0.5,0.25,0.5436840337964769,59.908,50.281000000000006,1,1,3
42,2021-10-01 18:34:37.103000+09:00,1.0,0.5,0.3863839285714285,17.31,27.49,0,1,1
42,2021-10-04 10:00:26.374000+09:00,0.0,0.0,0.0,0.0,0.0,0,0,0
42,2021-10-04 14:57:16.607000+09:00,0.0,0.0,0.0,0.0,0.0,0,0,0
42,2021-10-04 18:00:44.845000+09:00,0.0,0.0,0.0,0.0,0.0,0,0,0
42,2021-10-07 14:00:34.796000+09:00,0.0,0.0,0.0,0.0,3.82,0,0,1
42,2021-10-07 18:22:00.268000+09:00,1.0,0.8,0.6936620376427489,111.339,49.17,0,4,1
42,2021-10-10 10:00:26.817000+09:00,0.0,0.0,0.0,0.0,0.0,0,0,0
42,2021-10-10 14:49:04.890000+09:00,1.0,1.0,1.0,185.658,0.0,0,1,0
42,2021-10-10 18:17:15.945000+09:00,0.0,0.0,0.0,0.0,0.0,0,0,0
42,2021-10-13 10:02:39.373000+09:00,0.0,0.0,0.0,0.0,0.0,0,0,0
42,2021-10-13 14:00:31.784000+09:00,0.0,0.0,0.0,0.0,0.0,1,0,0
42,2021-10-13 18:03:29.673000+09:00,0.0,0.0,0.0,0.0,0.0,0,0,0
42,2021-10-16 14:17:39.654000+09:00,0.0,0.0,0.0,0.0,0.0,0,0,0
42,2021-10-16 18:17:50.120000+09:00,0.0,0.0,0.0,0.0,0.0,0,0,0
42,2021-10-19 10:01:51.706000+09:00,0.0,0.0,0.0,0.0,0.0,0,0,0
42,2021-10-19 14:29:48.219000+09:00,0.0,0.0,0.0,0.0,0.0,0,0,0
42,2021-10-19 18:05:46.203000+09:00,0.0,0.0,0.0,0.0,0.0,0,0,0
42,2021-10-22 10:30:08.985000+09:00,1.0,1.0,1.0,155.602,0.0,0,1,0
42,2021-10-22 14:07:25.695000+09:00,1.0,1.0,1.0,155.602,0.0,0,1,0
42,2021-10-22 18:00:24.073000+09:00,1.0,1.0,1.0,12.725,0.0,0,1,0
42,2021-10-25 10:19:35.511000+09:00,0.0,0.0,0.0,0.0,0.0,0,0,0
42,2021-10-28 10:42:36.470000+09:00,1.0,0.5,0.0383441233503679,41.11,1031.023,0,1,1
42,2021-10-28 14:15:12.551000+09:00,1.0,1.0,1.0,41.11,0.0,0,1,0
42,2021-10-28 18:04:40.555000+09:00,1.0,1.0,1.0,12.835,0.0,0,1,0
42,2021-10-31 10:22:35.510000+09:00,0.0,0.0,0.0,0.0,0.0,0,0,0
42,2021-10-31 14:02:54.336000+09:00,0.0,0.0,0.0,0.0,0.0,0,0,0
42,2021-10-31 18:11:30.881000+09:00,0.0,0.0,0.0,0.0,0.0,0,0,0
42,2021-11-03 10:00:38.543000+09:00,0.0,0.0,0.0,0.0,0.0,0,0,0
42,2021-11-03 14:22:26.242000+09:00,0.0,0.0,0.0,0.0,61.356,0,0,1
42,2021-11-03 18:06:41.746000+09:00,1.0,1.0,1.0,160.402,0.0,0,1,0
42,2021-11-06 10:01:23.299000+09:00,0.0,0.0,0.0,0.0,0.0,0,0,0
42,2021-11-06 14:20:32.965000+09:00,0.0,0.0,0.0,0.0,0.0,0,0,0
42,2021-11-09 14:06:07.455000+09:00,0.0,0.0,0.0,0.0,0.0,0,0,0
42,2021-11-09 18:01:29.235000+09:00,0.0,0.0,0.0,0.0,0.0,0,0,0
42,2021-11-12 14:05:20.170000+09:00,0.0,0.0,0.0,0.0,0.0,0,0,0
42,2021-11-12 18:52:54.721000+09:00,1.0,1.0,1.0,21.14,0.0,0,1,0
42,2021-11-15 14:00:27.064000+09:00,0.0,0.0,0.0,0.0,1327.864,0,0,3
42,2021-11-15 18:56:47.721000+09:00,0.0,0.0,0.0,0.0,0.0,0,0,0
42,2021-11-18 10:02:05.620000+09:00,0.0,0.0,0.0,0.0,0.0,0,0,0
42,2021-11-18 14:51:31.567000+09:00,0.0,0.0,0.0,0.0,309.898,0,0,1
42,2021-11-21 10:01:03.705000+09:00,0.0,0.0,0.0,0.0,0.0,0,0,0
