pid,timestamp,TYPING#SOCIAL#count#4HR,TYPING#SOCIAL#total#4HR,TYPING#SOCIAL#mean#4HR,TYPING#SOCIAL#std#4HR,TYPING#SOCIAL#min#4HR,TYPING#SOCIAL#max#4HR,TYPING#SOCIAL#kurtosis#4HR,TYPING#SOCIAL#skewness#4HR,TYPING#NON-SOCIAL#count#4HR,TYPING#NON-SOCIAL#total#4HR,TYPING#NON-SOCIAL#mean#4HR,TYPING#NON-SOCIAL#std#4HR,TYPING#NON-SOCIAL#min#4HR,TYPING#NON-SOCIAL#max#4HR,TYPING#NON-SOCIAL#kurtosis#4HR,TYPING#NON-SOCIAL#skewness#4HR
6,2021-08-20 12:00:35.909000+09:00,0,0,0,,0,0,,,0,0,0,,0,0,,
6,2021-08-20 16:00:50.097000+09:00,0,0,0,,0,0,,,0,0,0,,0,0,,
6,2021-08-20 20:00:38.884000+09:00,0,0,0,,0,0,,,0,0,0,,0,0,,
6,2021-08-23 12:00:30.315000+09:00,0,0,0,,0,0,,,0,0,0,,0,0,,
6,2021-08-23 16:00:37.721000+09:00,0,0,0,,0,0,,,0,0,0,,0,0,,
6,2021-08-23 20:00:57.442000+09:00,0,0,0,,0,0,,,0,0,0,,0,0,,
6,2021-08-26 12:00:49.929000+09:00,0,0,0,,0,0,,,0,0,0,,0,0,,
6,2021-08-26 16:10:12.979000+09:00,0,0,0,,0,0,,,0,0,0,,0,0,,
6,2021-08-29 10:00:52.708000+09:00,0,0,0,,0,0,,,0,0,0,,0,0,,
6,2021-08-29 14:02:33.617000+09:00,0,0,0,,0,0,,,0,0,0,,0,0,,
6,2021-08-29 18:00:27.743000+09:00,0,0,0,,0,0,,,0,0,0,,0,0,,
6,2021-09-01 10:26:50.709000+09:00,0,0,0,,0,0,,,0,0,0,,0,0,,
6,2021-09-01 14:23:10.563000+09:00,0,0,0,,0,0,,,0,0,0,,0,0,,
6,2021-09-01 18:01:40.953000+09:00,0,0,0,,0,0,,,0,0,0,,0,0,,
6,2021-09-04 10:08:27.567000+09:00,0,0,0,,0,0,,,0,0,0,,0,0,,
6,2021-09-04 14:00:56.412000+09:00,0,0,0,,0,0,,,0,0,0,,0,0,,
6,2021-09-04 18:03:17.624000+09:00,0,0,0,,0,0,,,0,0,0,,0,0,,
6,2021-09-07 10:01:17.259000+09:00,0,0,0,,0,0,,,0,0,0,,0,0,,
6,2021-09-07 14:00:38.511000+09:00,0,0,0,,0,0,,,0,0,0,,0,0,,
6,2021-09-07 18:00:31.508000+09:00,0,0,0,,0,0,,,0,0,0,,0,0,,
6,2021-09-10 10:14:24.916000+09:00,0,0,0,,0,0,,,0,0,0,,0,0,,
6,2021-09-10 14:01:53.146000+09:00,0,0,0,,0,0,,,0,0,0,,0,0,,
6,2021-09-10 18:55:05.097000+09:00,0,0,0,,0,0,,,0,0,0,,0,0,,
6,2021-09-13 10:00:54.595000+09:00,0,0,0,,0,0,,,0,0,0,,0,0,,
6,2021-09-13 14:06:09.193000+09:00,0,0,0,,0,0,,,0,0,0,,0,0,,
6,2021-09-13 18:06:58.054000+09:00,0,0,0,,0,0,,,0,0,0,,0,0,,
6,2021-09-16 10:00:39.984000+09:00,0,0,0,,0,0,,,0,0,0,,0,0,,
6,2021-09-16 14:00:38.651000+09:00,0,0,0,,0,0,,,0,0,0,,0,0,,
6,2021-09-16 18:00:47.630000+09:00,0,0,0,,0,0,,,0,0,0,,0,0,,
6,2021-09-19 10:50:22.638000+09:00,0,0,0,,0,0,,,0,0,0,,0,0,,
6,2021-09-19 14:31:05.593000+09:00,0,0,0,,0,0,,,0,0,0,,0,0,,
6,2021-09-19 18:01:23.837000+09:00,0,0,0,,0,0,,,0,0,0,,0,0,,
6,2021-09-22 10:32:10.942000+09:00,0,0,0,,0,0,,,0,0,0,,0,0,,
6,2021-09-22 14:15:11.747000+09:00,0,0,0,,0,0,,,0,0,0,,0,0,,
6,2021-09-22 18:00:25.372000+09:00,0,0,0,,0,0,,,0,0,0,,0,0,,
6,2021-09-25 10:30:41.959000+09:00,0,0,0,,0,0,,,0,0,0,,0,0,,
6,2021-09-25 14:16:13.899000+09:00,0,0,0,,0,0,,,0,0,0,,0,0,,
6,2021-09-25 18:56:00.374000+09:00,0,0,0,,0,0,,,0,0,0,,0,0,,
6,2021-09-28 10:01:19.329000+09:00,0,0,0,,0,0,,,0,0,0,,0,0,,
6,2021-09-28 14:07:20.208000+09:00,0,0,0,,0,0,,,0,0,0,,0,0,,
6,2021-09-28 18:06:05.469000+09:00,0,0,0,,0,0,,,0,0,0,,0,0,,
6,2021-10-01 10:00:52.106000+09:00,0,0,0,,0,0,,,0,0,0,,0,0,,
6,2021-10-01 14:06:08.629000+09:00,0,0,0,,0,0,,,0,0,0,,0,0,,
6,2021-10-01 18:53:12.115000+09:00,0,0,0,,0,0,,,0,0,0,,0,0,,
6,2021-10-04 10:32:58.806000+09:00,0,0,0,,0,0,,,0,0,0,,0,0,,
6,2021-10-04 14:29:46.280000+09:00,0,0,0,,0,0,,,0,0,0,,0,0,,
6,2021-10-04 18:33:37.793000+09:00,0,0,0,,0,0,,,0,0,0,,0,0,,
6,2021-10-07 10:01:40.726000+09:00,0,0,0,,0,0,,,0,0,0,,0,0,,
6,2021-10-07 14:06:59.699000+09:00,0,0,0,,0,0,,,0,0,0,,0,0,,
6,2021-10-07 18:11:51.985000+09:00,0,0,0,,0,0,,,0,0,0,,0,0,,
6,2021-10-10 14:00:47.371000+09:00,0,0,0,,0,0,,,0,0,0,,0,0,,
6,2021-10-10 18:00:38.484000+09:00,0,0,0,,0,0,,,0,0,0,,0,0,,
6,2021-10-13 10:00:31.252000+09:00,0,0,0,,0,0,,,0,0,0,,0,0,,
6,2021-10-13 14:46:47.777000+09:00,0,0,0,,0,0,,,0,0,0,,0,0,,
6,2021-10-13 18:03:31.353000+09:00,0,0,0,,0,0,,,0,0,0,,0,0,,
6,2021-10-16 10:42:47.029000+09:00,0,0,0,,0,0,,,0,0,0,,0,0,,
6,2021-10-16 14:03:03.700000+09:00,0,0,0,,0,0,,,0,0,0,,0,0,,
6,2021-10-16 18:24:47.910000+09:00,0,0,0,,0,0,,,0,0,0,,0,0,,
6,2021-10-19 10:51:54.763000+09:00,0,0,0,,0,0,,,0,0,0,,0,0,,
6,2021-10-19 14:01:13.817000+09:00,0,0,0,,0,0,,,0,0,0,,0,0,,
6,2021-10-22 10:06:46.662000+09:00,0,0,0,,0,0,,,0,0,0,,0,0,,
6,2021-10-22 14:01:10.998000+09:00,0,0,0,,0,0,,,0,0,0,,0,0,,
6,2021-10-22 18:12:15.091000+09:00,0,0,0,,0,0,,,0,0,0,,0,0,,
6,2021-10-25 10:15:59.077000+09:00,0,0,0,,0,0,,,0,0,0,,0,0,,
6,2021-10-25 14:10:21.841000+09:00,0,0,0,,0,0,,,0,0,0,,0,0,,
6,2021-10-25 18:03:59.534000+09:00,0,0,0,,0,0,,,0,0,0,,0,0,,
6,2021-10-28 10:00:41.897000+09:00,0,0,0,,0,0,,,0,0,0,,0,0,,
6,2021-10-28 14:04:49.091000+09:00,0,0,0,,0,0,,,0,0,0,,0,0,,
6,2021-10-28 18:16:07.997000+09:00,0,0,0,,0,0,,,0,0,0,,0,0,,
6,2021-10-31 10:02:50.816000+09:00,0,0,0,,0,0,,,0,0,0,,0,0,,
6,2021-10-31 14:09:32.738000+09:00,0,0,0,,0,0,,,0,0,0,,0,0,,
6,2021-11-03 10:47:49.804000+09:00,0,0,0,,0,0,,,0,0,0,,0,0,,
6,2021-11-03 14:06:39.352000+09:00,0,0,0,,0,0,,,0,0,0,,0,0,,
6,2021-11-03 18:00:46.501000+09:00,0,0,0,,0,0,,,0,0,0,,0,0,,
6,2021-11-06 14:52:25.016000+09:00,0,0,0,,0,0,,,0,0,0,,0,0,,
6,2021-11-06 18:00:40.894000+09:00,0,0,0,,0,0,,,0,0,0,,0,0,,
6,2021-11-09 10:08:34.066000+09:00,0,0,0,,0,0,,,0,0,0,,0,0,,
6,2021-11-09 18:00:24.568000+09:00,0,0,0,,0,0,,,0,0,0,,0,0,,
6,2021-11-12 14:44:07.726000+09:00,0,0,0,,0,0,,,0,0,0,,0,0,,
6,2021-11-12 18:00:30.318000+09:00,0,0,0,,0,0,,,0,0,0,,0,0,,
6,2021-11-15 10:15:25.131000+09:00,0,0,0,,0,0,,,0,0,0,,0,0,,
6,2021-11-15 14:00:48.905000+09:00,0,0,0,,0,0,,,0,0,0,,0,0,,
6,2021-11-15 18:01:57.866000+09:00,0,0,0,,0,0,,,0,0,0,,0,0,,
6,2021-11-17 19:32:20.002000+09:00,0,0,0,,0,0,,,0,0,0,,0,0,,
6,2021-11-18 10:52:10.270000+09:00,0,0,0,,0,0,,,0,0,0,,0,0,,
6,2021-11-18 14:04:13.659000+09:00,0,0,0,,0,0,,,0,0,0,,0,0,,
6,2021-11-18 18:01:03.907000+09:00,0,0,0,,0,0,,,0,0,0,,0,0,,
6,2021-11-21 14:03:01.998000+09:00,0,0,0,,0,0,,,0,0,0,,0,0,,
6,2021-11-21 18:04:02.344000+09:00,0,0,0,,0,0,,,0,0,0,,0,0,,
14,2021-09-13 20:26:52.218000+09:00,0,0,0,,0,0,,,0,0,0,,0,0,,
14,2021-09-16 12:09:20.221000+09:00,0,0,0,,0,0,,,0,0,0,,0,0,,
14,2021-09-16 16:27:39.925000+09:00,0,0,0,,0,0,,,0,0,0,,0,0,,
14,2021-09-16 20:11:52.898000+09:00,0,0,0,,0,0,,,0,0,0,,0,0,,
14,2021-09-19 12:00:53.323000+09:00,0,0,0,,0,0,,,0,0,0,,0,0,,
14,2021-09-19 16:31:01.374000+09:00,0,0,0,,0,0,,,0,0,0,,0,0,,
14,2021-09-19 20:37:01.031000+09:00,0,0,0,,0,0,,,0,0,0,,0,0,,
14,2021-09-22 12:03:59.441000+09:00,0,0,0,,0,0,,,0,0,0,,0,0,,
14,2021-09-22 16:43:35.723000+09:00,0,0,0,,0,0,,,0,0,0,,0,0,,
14,2021-09-22 20:00:34.311000+09:00,0,0,0,,0,0,,,0,0,0,,0,0,,
14,2021-09-25 16:46:19.929000+09:00,0,0,0,,0,0,,,0,0,0,,0,0,,
14,2021-09-25 20:00:52.113000+09:00,0,0,0,,0,0,,,0,0,0,,0,0,,
14,2021-09-28 12:00:46.438000+09:00,0,0,0,,0,0,,,0,0,0,,0,0,,
14,2021-09-28 16:01:05.681000+09:00,0,0,0,,0,0,,,0,0,0,,0,0,,
14,2021-09-28 20:00:45.402000+09:00,0,0,0,,0,0,,,0,0,0,,0,0,,
14,2021-10-01 12:03:54.135000+09:00,0,0,0,,0,0,,,0,0,0,,0,0,,
14,2021-10-01 16:00:36.963000+09:00,0,0,0,,0,0,,,0,0,0,,0,0,,
14,2021-10-01 20:40:11.621000+09:00,0,0,0,,0,0,,,0,0,0,,0,0,,
14,2021-10-04 12:01:14.932000+09:00,0,0,0,,0,0,,,0,0,0,,0,0,,
14,2021-10-04 16:42:43.220000+09:00,0,0,0,,0,0,,,0,0,0,,0,0,,
14,2021-10-07 12:00:36.698000+09:00,0,0,0,,0,0,,,0,0,0,,0,0,,
14,2021-10-07 16:00:54.392000+09:00,0,0,0,,0,0,,,0,0,0,,0,0,,
14,2021-10-07 20:01:02.801000+09:00,0,0,0,,0,0,,,0,0,0,,0,0,,
14,2021-10-10 12:21:37.384000+09:00,0,0,0,,0,0,,,0,0,0,,0,0,,
14,2021-10-10 16:10:55.554000+09:00,0,0,0,,0,0,,,0,0,0,,0,0,,
14,2021-10-10 20:00:20.497000+09:00,0,0,0,,0,0,,,0,0,0,,0,0,,
14,2021-10-13 12:16:01.070000+09:00,0,0,0,,0,0,,,0,0,0,,0,0,,
14,2021-10-13 16:01:00.597000+09:00,0,0,0,,0,0,,,0,0,0,,0,0,,
14,2021-10-13 20:00:48.546000+09:00,0,0,0,,0,0,,,0,0,0,,0,0,,
14,2021-10-16 16:31:45.816000+09:00,0,0,0,,0,0,,,0,0,0,,0,0,,
14,2021-10-16 20:00:36.036000+09:00,0,0,0,,0,0,,,0,0,0,,0,0,,
14,2021-10-19 16:00:25.633000+09:00,0,0,0,,0,0,,,0,0,0,,0,0,,
14,2021-10-19 20:00:34.341000+09:00,0,0,0,,0,0,,,0,0,0,,0,0,,
14,2021-10-22 12:00:25.139000+09:00,0,0,0,,0,0,,,0,0,0,,0,0,,
14,2021-10-22 16:26:41.206000+09:00,0,0,0,,0,0,,,0,0,0,,0,0,,
14,2021-10-22 20:59:47.879000+09:00,0,0,0,,0,0,,,0,0,0,,0,0,,
14,2021-10-25 12:17:22.723000+09:00,0,0,0,,0,0,,,0,0,0,,0,0,,
14,2021-10-25 16:00:18.547000+09:00,0,0,0,,0,0,,,0,0,0,,0,0,,
14,2021-10-25 20:06:20.713000+09:00,0,0,0,,0,0,,,0,0,0,,0,0,,
14,2021-10-28 12:01:31.164000+09:00,0,0,0,,0,0,,,0,0,0,,0,0,,
14,2021-10-28 16:00:53.869000+09:00,0,0,0,,0,0,,,0,0,0,,0,0,,
14,2021-10-28 20:00:29.439000+09:00,0,0,0,,0,0,,,0,0,0,,0,0,,
14,2021-10-31 16:01:05.523000+09:00,0,0,0,,0,0,,,0,0,0,,0,0,,
14,2021-11-03 12:04:23.817000+09:00,0,0,0,,0,0,,,0,0,0,,0,0,,
14,2021-11-03 16:05:29.684000+09:00,0,0,0,,0,0,,,0,0,0,,0,0,,
14,2021-11-03 20:01:13.895000+09:00,0,0,0,,0,0,,,0,0,0,,0,0,,
14,2021-11-06 12:15:12.486000+09:00,0,0,0,,0,0,,,0,0,0,,0,0,,
14,2021-11-06 16:18:51.855000+09:00,0,0,0,,0,0,,,0,0,0,,0,0,,
14,2021-11-06 20:00:36.833000+09:00,0,0,0,,0,0,,,0,0,0,,0,0,,
14,2021-11-09 12:00:37.523000+09:00,0,0,0,,0,0,,,0,0,0,,0,0,,
14,2021-11-09 16:15:31.724000+09:00,0,0,0,,0,0,,,0,0,0,,0,0,,
14,2021-11-09 20:20:53.645000+09:00,0,0,0,,0,0,,,0,0,0,,0,0,,
14,2021-11-12 12:01:20.022000+09:00,0,0,0,,0,0,,,0,0,0,,0,0,,
14,2021-11-12 16:12:05.830000+09:00,0,0,0,,0,0,,,0,0,0,,0,0,,
14,2021-11-12 20:11:39.272000+09:00,0,0,0,,0,0,,,0,0,0,,0,0,,
14,2021-11-15 16:10:37.537000+09:00,0,0,0,,0,0,,,0,0,0,,0,0,,
14,2021-11-15 20:03:14.310000+09:00,0,0,0,,0,0,,,0,0,0,,0,0,,
14,2021-11-18 12:01:37.009000+09:00,0,0,0,,0,0,,,0,0,0,,0,0,,
14,2021-11-18 16:54:51.845000+09:00,0,0,0,,0,0,,,0,0,0,,0,0,,
14,2021-11-18 20:20:58.366000+09:00,0,0,0,,0,0,,,0,0,0,,0,0,,
14,2021-11-21 12:55:52.399000+09:00,0,0,0,,0,0,,,0,0,0,,0,0,,
14,2021-11-21 16:02:23.526000+09:00,0,0,0,,0,0,,,0,0,0,,0,0,,
20,2021-08-20 12:26:04.482000+09:00,0,0,0,,0,0,,,0,0,0,,0,0,,
20,2021-08-20 16:01:02.607000+09:00,0,0,0,,0,0,,,0,0,0,,0,0,,
20,2021-08-20 20:14:09.943000+09:00,0,0,0,,0,0,,,0,0,0,,0,0,,
20,2021-08-23 12:35:11.227000+09:00,0,0,0,,0,0,,,0,0,0,,0,0,,
20,2021-08-23 16:00:39.340000+09:00,0,0,0,,0,0,,,0,0,0,,0,0,,
20,2021-08-23 20:18:58.423000+09:00,0,0,0,,0,0,,,0,0,0,,0,0,,
20,2021-08-26 12:02:52.812000+09:00,0,0,0,,0,0,,,0,0,0,,0,0,,
20,2021-08-26 16:25:05.397000+09:00,0,0,0,,0,0,,,0,0,0,,0,0,,
20,2021-08-26 20:09:32.838000+09:00,0,0,0,,0,0,,,0,0,0,,0,0,,
20,2021-08-29 12:12:01.249000+09:00,0,0,0,,0,0,,,0,0,0,,0,0,,
20,2021-08-29 16:02:35.431000+09:00,0,0,0,,0,0,,,0,0,0,,0,0,,
20,2021-08-29 20:01:44.392000+09:00,0,0,0,,0,0,,,0,0,0,,0,0,,
20,2021-09-01 12:19:21.392000+09:00,0,0,0,,0,0,,,0,0,0,,0,0,,
20,2021-09-01 16:02:11.022000+09:00,0,0,0,,0,0,,,0,0,0,,0,0,,
20,2021-09-01 20:00:39.294000+09:00,0,0,0,,0,0,,,0,0,0,,0,0,,
20,2021-09-04 12:08:02.263000+09:00,0,0,0,,0,0,,,0,0,0,,0,0,,
20,2021-09-04 16:00:33.297000+09:00,0,0,0,,0,0,,,0,0,0,,0,0,,
20,2021-09-04 20:05:57.629000+09:00,0,0,0,,0,0,,,0,0,0,,0,0,,
20,2021-09-07 12:05:51.949000+09:00,0,0,0,,0,0,,,0,0,0,,0,0,,
20,2021-09-07 16:01:19.707000+09:00,0,0,0,,0,0,,,0,0,0,,0,0,,
20,2021-09-07 20:12:05.981000+09:00,0,0,0,,0,0,,,0,0,0,,0,0,,
20,2021-09-10 12:51:52.327000+09:00,0,0,0,,0,0,,,0,0,0,,0,0,,
20,2021-09-10 16:24:40.964000+09:00,0,0,0,,0,0,,,0,0,0,,0,0,,
20,2021-09-10 20:05:39.494000+09:00,0,0,0,,0,0,,,0,0,0,,0,0,,
20,2021-09-13 12:20:42.898000+09:00,0,0,0,,0,0,,,0,0,0,,0,0,,
20,2021-09-13 16:01:26.816000+09:00,0,0,0,,0,0,,,0,0,0,,0,0,,
20,2021-09-13 20:04:02.305000+09:00,0,0,0,,0,0,,,0,0,0,,0,0,,
20,2021-09-16 12:33:20.002000+09:00,0,0,0,,0,0,,,0,0,0,,0,0,,
20,2021-09-16 16:03:33.345000+09:00,0,0,0,,0,0,,,0,0,0,,0,0,,
20,2021-09-16 20:09:18.984000+09:00,0,0,0,,0,0,,,0,0,0,,0,0,,
20,2021-09-19 12:21:12.365000+09:00,0,0,0,,0,0,,,0,0,0,,0,0,,
20,2021-09-19 16:07:53.868000+09:00,0,0,0,,0,0,,,0,0,0,,0,0,,
20,2021-09-22 12:47:23.983000+09:00,0,0,0,,0,0,,,0,0,0,,0,0,,
20,2021-09-22 16:00:27.725000+09:00,0,0,0,,0,0,,,0,0,0,,0,0,,
20,2021-09-22 20:01:17.249000+09:00,0,0,0,,0,0,,,0,0,0,,0,0,,
20,2021-09-25 12:14:04.971000+09:00,0,0,0,,0,0,,,0,0,0,,0,0,,
20,2021-09-25 16:01:02.938000+09:00,0,0,0,,0,0,,,0,0,0,,0,0,,
20,2021-09-25 20:12:51.084000+09:00,0,0,0,,0,0,,,0,0,0,,0,0,,
20,2021-09-28 12:28:43.580000+09:00,0,0,0,,0,0,,,0,0,0,,0,0,,
20,2021-09-28 16:02:00.557000+09:00,0,0,0,,0,0,,,0,0,0,,0,0,,
20,2021-09-28 20:22:19.980000+09:00,0,0,0,,0,0,,,0,0,0,,0,0,,
20,2021-10-01 12:00:32.661000+09:00,0,0,0,,0,0,,,0,0,0,,0,0,,
20,2021-10-01 16:00:36.330000+09:00,0,0,0,,0,0,,,0,0,0,,0,0,,
20,2021-10-01 20:04:09.134000+09:00,0,0,0,,0,0,,,0,0,0,,0,0,,
20,2021-10-04 12:01:31.322000+09:00,0,0,0,,0,0,,,0,0,0,,0,0,,
20,2021-10-04 16:07:33.416000+09:00,0,0,0,,0,0,,,0,0,0,,0,0,,
20,2021-10-04 20:01:32.775000+09:00,0,0,0,,0,0,,,0,0,0,,0,0,,
20,2021-10-07 12:01:51.314000+09:00,0,0,0,,0,0,,,0,0,0,,0,0,,
20,2021-10-07 16:00:18.786000+09:00,0,0,0,,0,0,,,0,0,0,,0,0,,
20,2021-10-07 20:11:36.334000+09:00,0,0,0,,0,0,,,0,0,0,,0,0,,
20,2021-10-10 12:00:59.842000+09:00,0,0,0,,0,0,,,0,0,0,,0,0,,
20,2021-10-10 16:00:29.054000+09:00,0,0,0,,0,0,,,0,0,0,,0,0,,
20,2021-10-10 20:12:42.919000+09:00,0,0,0,,0,0,,,0,0,0,,0,0,,
20,2021-10-13 12:02:58.104000+09:00,0,0,0,,0,0,,,0,0,0,,0,0,,
20,2021-10-13 16:01:00.574000+09:00,0,0,0,,0,0,,,0,0,0,,0,0,,
20,2021-10-13 20:00:37.601000+09:00,0,0,0,,0,0,,,0,0,0,,0,0,,
20,2021-10-16 12:22:33.505000+09:00,0,0,0,,0,0,,,0,0,0,,0,0,,
20,2021-10-16 16:13:24.616000+09:00,0,0,0,,0,0,,,0,0,0,,0,0,,
20,2021-10-16 20:01:39.614000+09:00,0,0,0,,0,0,,,0,0,0,,0,0,,
20,2021-10-19 12:23:45.266000+09:00,0,0,0,,0,0,,,0,0,0,,0,0,,
20,2021-10-19 16:10:03.534000+09:00,0,0,0,,0,0,,,0,0,0,,0,0,,
20,2021-10-19 20:00:42.360000+09:00,0,0,0,,0,0,,,0,0,0,,0,0,,
20,2021-10-22 12:21:01.488000+09:00,0,0,0,,0,0,,,0,0,0,,0,0,,
20,2021-10-22 20:31:35.980000+09:00,0,0,0,,0,0,,,0,0,0,,0,0,,
20,2021-10-25 12:07:11.871000+09:00,0,0,0,,0,0,,,0,0,0,,0,0,,
20,2021-10-25 16:02:32.182000+09:00,0,0,0,,0,0,,,0,0,0,,0,0,,
20,2021-10-25 20:00:15.969000+09:00,0,0,0,,0,0,,,0,0,0,,0,0,,
20,2021-10-28 12:29:38.257000+09:00,0,0,0,,0,0,,,0,0,0,,0,0,,
20,2021-10-28 16:09:57.144000+09:00,0,0,0,,0,0,,,0,0,0,,0,0,,
20,2021-10-28 20:00:38.841000+09:00,0,0,0,,0,0,,,0,0,0,,0,0,,
20,2021-10-31 12:00:42.235000+09:00,0,0,0,,0,0,,,0,0,0,,0,0,,
20,2021-10-31 16:23:40.594000+09:00,0,0,0,,0,0,,,0,0,0,,0,0,,
20,2021-10-31 20:03:02.988000+09:00,0,0,0,,0,0,,,0,0,0,,0,0,,
20,2021-11-03 12:18:10.482000+09:00,0,0,0,,0,0,,,0,0,0,,0,0,,
20,2021-11-03 16:12:57.508000+09:00,0,0,0,,0,0,,,0,0,0,,0,0,,
20,2021-11-03 20:11:51.956000+09:00,0,0,0,,0,0,,,0,0,0,,0,0,,
20,2021-11-06 12:53:04.947000+09:00,0,0,0,,0,0,,,0,0,0,,0,0,,
20,2021-11-06 16:00:23.927000+09:00,0,0,0,,0,0,,,0,0,0,,0,0,,
20,2021-11-06 20:02:17.095000+09:00,0,0,0,,0,0,,,0,0,0,,0,0,,
20,2021-11-09 12:17:08.387000+09:00,0,0,0,,0,0,,,0,0,0,,0,0,,
20,2021-11-09 16:02:07.744000+09:00,0,0,0,,0,0,,,0,0,0,,0,0,,
20,2021-11-09 20:01:45.603000+09:00,0,0,0,,0,0,,,0,0,0,,0,0,,
20,2021-11-12 12:00:20.837000+09:00,0,0,0,,0,0,,,0,0,0,,0,0,,
20,2021-11-12 16:02:00.578000+09:00,0,0,0,,0,0,,,0,0,0,,0,0,,
20,2021-11-15 12:45:53.386000+09:00,0,0,0,,0,0,,,0,0,0,,0,0,,
20,2021-11-15 20:04:32.932000+09:00,0,0,0,,0,0,,,0,0,0,,0,0,,
20,2021-11-21 12:09:31.579000+09:00,0,0,0,,0,0,,,0,0,0,,0,0,,
20,2022-01-04 10:20:24.730000+09:00,0,0,0,,0,0,,,0,0,0,,0,0,,
20,2022-01-04 18:22:20.193000+09:00,0,0,0,,0,0,,,0,0,0,,0,0,,
21,2021-08-17 10:02:29.840000+09:00,0,0,0,,0,0,,,0,0,0,,0,0,,
21,2021-08-17 14:01:30.903000+09:00,0,0,0,,0,0,,,0,0,0,,0,0,,
21,2021-08-17 18:50:20.811000+09:00,0,0,0,,0,0,,,0,0,0,,0,0,,
21,2021-08-20 18:25:07.205000+09:00,0,0,0,,0,0,,,0,0,0,,0,0,,
21,2021-08-23 10:04:01.827000+09:00,0,0,0,,0,0,,,0,0,0,,0,0,,
21,2021-08-23 14:05:12.319000+09:00,0,0,0,,0,0,,,0,0,0,,0,0,,
21,2021-08-23 18:00:36.570000+09:00,0,0,0,,0,0,,,0,0,0,,0,0,,
21,2021-08-26 10:03:26.974000+09:00,0,0,0,,0,0,,,0,0,0,,0,0,,
21,2021-08-26 14:00:46.588000+09:00,0,0,0,,0,0,,,0,0,0,,0,0,,
21,2021-08-26 18:47:42.360000+09:00,0,0,0,,0,0,,,0,0,0,,0,0,,
21,2021-08-29 20:01:30.357000+09:00,0,0,0,,0,0,,,0,0,0,,0,0,,
21,2021-09-01 10:00:44.614000+09:00,0,0,0,,0,0,,,0,0,0,,0,0,,
21,2021-09-01 14:00:49.349000+09:00,0,0,0,,0,0,,,0,0,0,,0,0,,
21,2021-09-04 10:02:00.999000+09:00,0,0,0,,0,0,,,0,0,0,,0,0,,
21,2021-09-04 14:13:21.237000+09:00,0,0,0,,0,0,,,0,0,0,,0,0,,
21,2021-09-07 10:00:26.635000+09:00,0,0,0,,0,0,,,0,0,0,,0,0,,
21,2021-09-10 10:00:54.714000+09:00,0,0,0,,0,0,,,0,0,0,,0,0,,
21,2021-09-10 18:20:56.506000+09:00,0,0,0,,0,0,,,0,0,0,,0,0,,
21,2021-09-11 15:56:39.101000+09:00,0,0,0,,0,0,,,0,0,0,,0,0,,
21,2021-09-13 10:04:30.334000+09:00,0,0,0,,0,0,,,0,0,0,,0,0,,
21,2021-09-13 14:02:37.172000+09:00,0,0,0,,0,0,,,0,0,0,,0,0,,
21,2021-09-16 14:07:40.166000+09:00,0,0,0,,0,0,,,0,0,0,,0,0,,
21,2021-09-16 18:13:09.826000+09:00,0,0,0,,0,0,,,0,0,0,,0,0,,
21,2021-09-19 14:14:58.283000+09:00,0,0,0,,0,0,,,0,0,0,,0,0,,
21,2021-09-19 18:24:28.317000+09:00,0,0,0,,0,0,,,0,0,0,,0,0,,
21,2021-09-22 14:00:27.236000+09:00,0,0,0,,0,0,,,0,0,0,,0,0,,
21,2021-09-22 18:00:34.864000+09:00,0,0,0,,0,0,,,0,0,0,,0,0,,
21,2021-09-25 10:00:31.260000+09:00,0,0,0,,0,0,,,0,0,0,,0,0,,
21,2021-09-25 14:06:34.703000+09:00,0,0,0,,0,0,,,0,0,0,,0,0,,
21,2021-09-25 18:01:09.071000+09:00,0,0,0,,0,0,,,0,0,0,,0,0,,
21,2021-09-28 14:02:46.691000+09:00,0,0,0,,0,0,,,0,0,0,,0,0,,
21,2021-10-01 10:00:48.415000+09:00,0,0,0,,0,0,,,0,0,0,,0,0,,
21,2021-10-04 10:00:48.035000+09:00,0,0,0,,0,0,,,0,0,0,,0,0,,
21,2021-10-04 14:00:23.953000+09:00,0,0,0,,0,0,,,0,0,0,,0,0,,
21,2021-10-07 10:04:35.710000+09:00,0,0,0,,0,0,,,0,0,0,,0,0,,
21,2021-10-07 14:55:22.827000+09:00,0,0,0,,0,0,,,0,0,0,,0,0,,
21,2021-10-07 18:00:24.890000+09:00,0,0,0,,0,0,,,0,0,0,,0,0,,
21,2021-10-10 10:00:32.498000+09:00,0,0,0,,0,0,,,0,0,0,,0,0,,
21,2021-10-10 18:00:42.986000+09:00,0,0,0,,0,0,,,0,0,0,,0,0,,
21,2021-10-13 10:08:07.458000+09:00,0,0,0,,0,0,,,0,0,0,,0,0,,
21,2021-10-13 14:01:13.542000+09:00,0,0,0,,0,0,,,0,0,0,,0,0,,
21,2021-10-13 18:01:06.884000+09:00,0,0,0,,0,0,,,0,0,0,,0,0,,
21,2021-10-16 14:00:30.511000+09:00,0,0,0,,0,0,,,0,0,0,,0,0,,
21,2021-10-16 18:52:04.476000+09:00,0,0,0,,0,0,,,0,0,0,,0,0,,
21,2021-10-19 10:50:23.782000+09:00,0,0,0,,0,0,,,0,0,0,,0,0,,
21,2021-10-19 18:00:30.058000+09:00,0,0,0,,0,0,,,0,0,0,,0,0,,
21,2021-10-22 10:00:24.807000+09:00,0,0,0,,0,0,,,0,0,0,,0,0,,
21,2021-10-22 14:05:09.939000+09:00,0,0,0,,0,0,,,0,0,0,,0,0,,
21,2021-10-22 18:50:47.145000+09:00,0,0,0,,0,0,,,0,0,0,,0,0,,
21,2021-10-25 18:00:38.304000+09:00,0,0,0,,0,0,,,0,0,0,,0,0,,
21,2021-10-28 10:00:30.941000+09:00,0,0,0,,0,0,,,0,0,0,,0,0,,
21,2021-10-28 14:00:34.098000+09:00,0,0,0,,0,0,,,0,0,0,,0,0,,
21,2021-10-28 18:00:22.316000+09:00,0,0,0,,0,0,,,0,0,0,,0,0,,
21,2021-10-31 10:00:49.047000+09:00,0,0,0,,0,0,,,0,0,0,,0,0,,
21,2021-10-31 14:53:59.642000+09:00,0,0,0,,0,0,,,0,0,0,,0,0,,
21,2021-10-31 18:00:39.095000+09:00,0,0,0,,0,0,,,0,0,0,,0,0,,
21,2021-11-03 14:00:29.436000+09:00,0,0,0,,0,0,,,0,0,0,,0,0,,
21,2021-11-09 10:02:13.545000+09:00,0,0,0,,0,0,,,0,0,0,,0,0,,
21,2021-11-09 14:00:59.610000+09:00,0,0,0,,0,0,,,0,0,0,,0,0,,
21,2021-11-12 10:04:30.534000+09:00,0,0,0,,0,0,,,0,0,0,,0,0,,
21,2021-11-12 14:05:43.845000+09:00,0,0,0,,0,0,,,0,0,0,,0,0,,
21,2021-11-12 18:52:51.507000+09:00,0,0,0,,0,0,,,0,0,0,,0,0,,
21,2021-11-15 10:02:10.231000+09:00,0,0,0,,0,0,,,0,0,0,,0,0,,
21,2021-11-15 14:40:18.946000+09:00,0,0,0,,0,0,,,0,0,0,,0,0,,
21,2021-11-15 18:05:50.249000+09:00,0,0,0,,0,0,,,0,0,0,,0,0,,
21,2021-11-18 10:52:31.807000+09:00,0,0,0,,0,0,,,0,0,0,,0,0,,
21,2021-11-18 14:00:41.905000+09:00,0,0,0,,0,0,,,0,0,0,,0,0,,
26,2021-08-29 12:40:08.272000+09:00,0,0,0,,0,0,,,0,0,0,,0,0,,
26,2021-08-29 16:03:32.316000+09:00,0,0,0,,0,0,,,0,0,0,,0,0,,
26,2021-08-29 20:33:56.704000+09:00,0,0,0,,0,0,,,0,0,0,,0,0,,
26,2021-09-01 12:00:55.651000+09:00,0,0,0,,0,0,,,0,0,0,,0,0,,
26,2021-09-01 20:00:55.073000+09:00,0,0,0,,0,0,,,0,0,0,,0,0,,
26,2021-09-04 12:22:05.655000+09:00,0,0,0,,0,0,,,0,0,0,,0,0,,
26,2021-09-04 16:00:39.177000+09:00,0,0,0,,0,0,,,0,0,0,,0,0,,
26,2021-09-07 12:02:22.995000+09:00,0,0,0,,0,0,,,0,0,0,,0,0,,
26,2021-09-07 16:04:08.884000+09:00,0,0,0,,0,0,,,0,0,0,,0,0,,
26,2021-09-07 20:09:25.147000+09:00,0,0,0,,0,0,,,0,0,0,,0,0,,
26,2021-09-10 12:03:32.020000+09:00,0,0,0,,0,0,,,0,0,0,,0,0,,
26,2021-09-10 16:24:25.724000+09:00,0,0,0,,0,0,,,0,0,0,,0,0,,
26,2021-09-10 20:00:55.705000+09:00,0,0,0,,0,0,,,0,0,0,,0,0,,
26,2021-09-13 12:00:34.610000+09:00,0,0,0,,0,0,,,0,0,0,,0,0,,
26,2021-09-13 16:03:15.873000+09:00,0,0,0,,0,0,,,0,0,0,,0,0,,
26,2021-09-13 20:00:52.844000+09:00,0,0,0,,0,0,,,0,0,0,,0,0,,
26,2021-09-16 12:00:33.603000+09:00,0,0,0,,0,0,,,0,0,0,,0,0,,
26,2021-09-16 16:07:11.775000+09:00,0,0,0,,0,0,,,0,0,0,,0,0,,
26,2021-09-16 20:00:59.067000+09:00,0,0,0,,0,0,,,0,0,0,,0,0,,
26,2021-09-19 12:00:32.048000+09:00,0,0,0,,0,0,,,0,0,0,,0,0,,
26,2021-09-19 16:01:35.290000+09:00,0,0,0,,0,0,,,0,0,0,,0,0,,
26,2021-09-19 20:00:48.957000+09:00,0,0,0,,0,0,,,0,0,0,,0,0,,
26,2021-09-22 12:03:46.211000+09:00,0,0,0,,0,0,,,0,0,0,,0,0,,
26,2021-09-22 16:00:42.765000+09:00,0,0,0,,0,0,,,0,0,0,,0,0,,
26,2021-09-22 20:00:56.095000+09:00,0,0,0,,0,0,,,0,0,0,,0,0,,
26,2021-09-25 12:01:05.556000+09:00,0,0,0,,0,0,,,0,0,0,,0,0,,
26,2021-09-25 20:00:30.687000+09:00,0,0,0,,0,0,,,0,0,0,,0,0,,
26,2021-09-28 12:00:26.444000+09:00,0,0,0,,0,0,,,0,0,0,,0,0,,
26,2021-09-28 16:28:26.936000+09:00,0,0,0,,0,0,,,0,0,0,,0,0,,
26,2021-09-28 20:35:41.754000+09:00,0,0,0,,0,0,,,0,0,0,,0,0,,
26,2021-10-01 12:02:12.184000+09:00,0,0,0,,0,0,,,0,0,0,,0,0,,
26,2021-10-01 20:00:28.098000+09:00,0,0,0,,0,0,,,0,0,0,,0,0,,
26,2021-10-04 12:26:39.995000+09:00,0,0,0,,0,0,,,0,0,0,,0,0,,
26,2021-10-04 16:00:29.607000+09:00,0,0,0,,0,0,,,0,0,0,,0,0,,
26,2021-10-04 20:00:40.360000+09:00,0,0,0,,0,0,,,0,0,0,,0,0,,
26,2021-10-07 12:02:02.716000+09:00,0,0,0,,0,0,,,0,0,0,,0,0,,
26,2021-10-07 16:10:37.878000+09:00,0,0,0,,0,0,,,0,0,0,,0,0,,
26,2021-10-07 20:00:26.957000+09:00,0,0,0,,0,0,,,0,0,0,,0,0,,
26,2021-10-10 12:00:22.836000+09:00,0,0,0,,0,0,,,0,0,0,,0,0,,
26,2021-10-10 16:00:52.277000+09:00,0,0,0,,0,0,,,0,0,0,,0,0,,
26,2021-10-10 20:00:33.370000+09:00,0,0,0,,0,0,,,0,0,0,,0,0,,
26,2021-10-13 12:01:37.409000+09:00,0,0,0,,0,0,,,0,0,0,,0,0,,
26,2021-10-13 16:02:42.473000+09:00,0,0,0,,0,0,,,0,0,0,,0,0,,
26,2021-10-13 20:00:22.793000+09:00,0,0,0,,0,0,,,0,0,0,,0,0,,
26,2021-10-16 12:17:07.168000+09:00,0,0,0,,0,0,,,0,0,0,,0,0,,
26,2021-10-16 16:01:19.491000+09:00,0,0,0,,0,0,,,0,0,0,,0,0,,
26,2021-10-16 20:01:03.098000+09:00,0,0,0,,0,0,,,0,0,0,,0,0,,
26,2021-10-19 12:03:21.932000+09:00,0,0,0,,0,0,,,0,0,0,,0,0,,
26,2021-10-19 16:00:39.104000+09:00,0,0,0,,0,0,,,0,0,0,,0,0,,
26,2021-10-19 20:00:28.013000+09:00,0,0,0,,0,0,,,0,0,0,,0,0,,
26,2021-10-22 12:01:22.759000+09:00,0,0,0,,0,0,,,0,0,0,,0,0,,
26,2021-10-22 16:00:36.974000+09:00,0,0,0,,0,0,,,0,0,0,,0,0,,
26,2021-10-22 20:00:40.374000+09:00,0,0,0,,0,0,,,0,0,0,,0,0,,
26,2021-10-25 12:01:24.574000+09:00,0,0,0,,0,0,,,0,0,0,,0,0,,
26,2021-10-25 16:02:51.449000+09:00,0,0,0,,0,0,,,0,0,0,,0,0,,
26,2021-10-25 20:01:02.220000+09:00,0,0,0,,0,0,,,0,0,0,,0,0,,
26,2021-10-28 12:00:35.426000+09:00,0,0,0,,0,0,,,0,0,0,,0,0,,
26,2021-10-28 16:01:09.091000+09:00,0,0,0,,0,0,,,0,0,0,,0,0,,
26,2021-10-28 20:00:19.548000+09:00,0,0,0,,0,0,,,0,0,0,,0,0,,
26,2021-10-31 12:00:52.154000+09:00,0,0,0,,0,0,,,0,0,0,,0,0,,
26,2021-10-31 16:00:52.383000+09:00,0,0,0,,0,0,,,0,0,0,,0,0,,
26,2021-10-31 20:00:38.472000+09:00,0,0,0,,0,0,,,0,0,0,,0,0,,
26,2021-11-03 12:01:13.758000+09:00,0,0,0,,0,0,,,0,0,0,,0,0,,
26,2021-11-03 16:01:18.109000+09:00,0,0,0,,0,0,,,0,0,0,,0,0,,
26,2021-11-03 20:00:55.346000+09:00,0,0,0,,0,0,,,0,0,0,,0,0,,
26,2021-11-06 12:00:37.396000+09:00,0,0,0,,0,0,,,0,0,0,,0,0,,
26,2021-11-06 16:00:48.168000+09:00,0,0,0,,0,0,,,0,0,0,,0,0,,
26,2021-11-06 20:00:52.552000+09:00,0,0,0,,0,0,,,0,0,0,,0,0,,
26,2021-11-09 12:01:24.515000+09:00,0,0,0,,0,0,,,0,0,0,,0,0,,
26,2021-11-09 16:02:13.676000+09:00,0,0,0,,0,0,,,0,0,0,,0,0,,
26,2021-11-09 20:04:11.544000+09:00,0,0,0,,0,0,,,0,0,0,,0,0,,
26,2021-11-12 16:01:13.893000+09:00,0,0,0,,0,0,,,0,0,0,,0,0,,
26,2021-11-12 20:00:30.234000+09:00,0,0,0,,0,0,,,0,0,0,,0,0,,
26,2021-11-15 12:01:29.226000+09:00,0,0,0,,0,0,,,0,0,0,,0,0,,
26,2021-11-15 16:00:47.992000+09:00,0,0,0,,0,0,,,0,0,0,,0,0,,
26,2021-11-15 20:03:36.896000+09:00,0,0,0,,0,0,,,0,0,0,,0,0,,
26,2021-11-18 12:01:33.097000+09:00,0,0,0,,0,0,,,0,0,0,,0,0,,
26,2021-11-18 16:01:34.737000+09:00,0,0,0,,0,0,,,0,0,0,,0,0,,
26,2021-11-18 20:00:40.441000+09:00,0,0,0,,0,0,,,0,0,0,,0,0,,
26,2021-11-21 12:26:28.462000+09:00,0,0,0,,0,0,,,0,0,0,,0,0,,
26,2021-11-21 20:01:08.227000+09:00,0,0,0,,0,0,,,0,0,0,,0,0,,
26,2021-11-24 12:03:40.697000+09:00,0,0,0,,0,0,,,0,0,0,,0,0,,
26,2021-11-24 16:02:12.326000+09:00,0,0,0,,0,0,,,0,0,0,,0,0,,
26,2021-11-24 20:01:04.982000+09:00,0,0,0,,0,0,,,0,0,0,,0,0,,
26,2021-11-27 12:07:26.053000+09:00,0,0,0,,0,0,,,0,0,0,,0,0,,
26,2021-11-27 16:03:55.655000+09:00,0,0,0,,0,0,,,0,0,0,,0,0,,
26,2021-11-27 20:19:33.794000+09:00,0,0,0,,0,0,,,0,0,0,,0,0,,
26,2021-11-30 12:00:38.848000+09:00,0,0,0,,0,0,,,0,0,0,,0,0,,
26,2021-11-30 20:03:24.071000+09:00,0,0,0,,0,0,,,0,0,0,,0,0,,
26,2021-12-03 12:00:53.361000+09:00,0,0,0,,0,0,,,0,0,0,,0,0,,
26,2021-12-03 16:01:28.464000+09:00,0,0,0,,0,0,,,0,0,0,,0,0,,
26,2021-12-03 20:01:45.884000+09:00,0,0,0,,0,0,,,0,0,0,,0,0,,
26,2021-12-06 12:03:23.352000+09:00,0,0,0,,0,0,,,0,0,0,,0,0,,
26,2021-12-06 16:00:35.668000+09:00,0,0,0,,0,0,,,0,0,0,,0,0,,
26,2021-12-06 20:00:46.022000+09:00,0,0,0,,0,0,,,0,0,0,,0,0,,
26,2021-12-09 12:03:18.279000+09:00,0,0,0,,0,0,,,0,0,0,,0,0,,
26,2021-12-09 16:03:00.684000+09:00,0,0,0,,0,0,,,0,0,0,,0,0,,
26,2021-12-09 20:00:40.880000+09:00,0,0,0,,0,0,,,0,0,0,,0,0,,
26,2021-12-12 12:00:31.192000+09:00,0,0,0,,0,0,,,0,0,0,,0,0,,
26,2021-12-12 16:01:13.109000+09:00,0,0,0,,0,0,,,0,0,0,,0,0,,
26,2021-12-12 20:07:45.108000+09:00,0,0,0,,0,0,,,0,0,0,,0,0,,
26,2021-12-15 12:01:29.350000+09:00,0,0,0,,0,0,,,0,0,0,,0,0,,
26,2021-12-15 16:22:06.402000+09:00,0,0,0,,0,0,,,0,0,0,,0,0,,
26,2021-12-15 20:02:15.080000+09:00,0,0,0,,0,0,,,0,0,0,,0,0,,
26,2021-12-18 12:02:01.400000+09:00,0,0,0,,0,0,,,0,0,0,,0,0,,
26,2021-12-18 16:17:43.001000+09:00,0,0,0,,0,0,,,0,0,0,,0,0,,
26,2021-12-18 20:00:46.277000+09:00,0,0,0,,0,0,,,0,0,0,,0,0,,
26,2021-12-21 12:01:18.080000+09:00,0,0,0,,0,0,,,0,0,0,,0,0,,
26,2021-12-21 16:00:27.661000+09:00,0,0,0,,0,0,,,0,0,0,,0,0,,
26,2021-12-21 20:00:55.686000+09:00,0,0,0,,0,0,,,0,0,0,,0,0,,
26,2021-12-24 12:03:41.220000+09:00,0,0,0,,0,0,,,0,0,0,,0,0,,
26,2021-12-24 16:00:41.061000+09:00,0,0,0,,0,0,,,0,0,0,,0,0,,
26,2021-12-24 20:01:21.778000+09:00,0,0,0,,0,0,,,0,0,0,,0,0,,
26,2021-12-27 12:00:50.453000+09:00,0,0,0,,0,0,,,0,0,0,,0,0,,
26,2021-12-27 16:02:08.335000+09:00,0,0,0,,0,0,,,0,0,0,,0,0,,
26,2021-12-27 20:00:29.959000+09:00,0,0,0,,0,0,,,0,0,0,,0,0,,
26,2021-12-30 12:03:29.979000+09:00,0,0,0,,0,0,,,0,0,0,,0,0,,
26,2021-12-30 16:00:17.969000+09:00,0,0,0,,0,0,,,0,0,0,,0,0,,
26,2021-12-30 20:01:07.989000+09:00,0,0,0,,0,0,,,0,0,0,,0,0,,
26,2022-01-04 12:03:29.450000+09:00,0,0,0,,0,0,,,0,0,0,,0,0,,
26,2022-01-04 16:01:21.740000+09:00,0,0,0,,0,0,,,0,0,0,,0,0,,
26,2022-01-04 20:00:31.931000+09:00,0,0,0,,0,0,,,0,0,0,,0,0,,
26,2022-01-07 12:04:31.690000+09:00,0,0,0,,0,0,,,0,0,0,,0,0,,
26,2022-01-07 20:20:00.461000+09:00,0,0,0,,0,0,,,0,0,0,,0,0,,
26,2022-01-10 12:00:53.019000+09:00,0,0,0,,0,0,,,0,0,0,,0,0,,
26,2022-01-10 16:00:40.372000+09:00,0,0,0,,0,0,,,0,0,0,,0,0,,
26,2022-01-10 20:42:35.907000+09:00,0,0,0,,0,0,,,0,0,0,,0,0,,
26,2022-01-13 12:52:00.560000+09:00,0,0,0,,0,0,,,0,0,0,,0,0,,
26,2022-01-13 16:02:50.826000+09:00,0,0,0,,0,0,,,0,0,0,,0,0,,
26,2022-01-13 20:39:04.809000+09:00,0,0,0,,0,0,,,0,0,0,,0,0,,
26,2022-01-16 12:22:13.467000+09:00,0,0,0,,0,0,,,0,0,0,,0,0,,
26,2022-01-16 16:01:35.660000+09:00,0,0,0,,0,0,,,0,0,0,,0,0,,
26,2022-01-16 20:01:17.570000+09:00,0,0,0,,0,0,,,0,0,0,,0,0,,
26,2022-01-19 12:51:20.515000+09:00,0,0,0,,0,0,,,0,0,0,,0,0,,
26,2022-01-19 20:01:33.503000+09:00,0,0,0,,0,0,,,0,0,0,,0,0,,
26,2022-01-22 12:01:25.686000+09:00,0,0,0,,0,0,,,0,0,0,,0,0,,
26,2022-01-22 16:35:26.909000+09:00,0,0,0,,0,0,,,0,0,0,,0,0,,
26,2022-01-22 20:00:28.029000+09:00,0,0,0,,0,0,,,0,0,0,,0,0,,
26,2022-01-25 12:01:22.583000+09:00,0,0,0,,0,0,,,0,0,0,,0,0,,
26,2022-01-25 16:00:39.306000+09:00,0,0,0,,0,0,,,0,0,0,,0,0,,
26,2022-01-25 20:00:23.004000+09:00,0,0,0,,0,0,,,0,0,0,,0,0,,
26,2022-01-28 12:51:53.052000+09:00,0,0,0,,0,0,,,0,0,0,,0,0,,
26,2022-01-31 12:51:18.541000+09:00,0,0,0,,0,0,,,0,0,0,,0,0,,
26,2022-01-31 16:07:06.218000+09:00,0,0,0,,0,0,,,0,0,0,,0,0,,
26,2022-02-03 12:59:36.573000+09:00,0,0,0,,0,0,,,0,0,0,,0,0,,
26,2022-02-03 20:28:14.585000+09:00,0,0,0,,0,0,,,0,0,0,,0,0,,
26,2022-02-06 12:05:20.156000+09:00,0,0,0,,0,0,,,0,0,0,,0,0,,
26,2022-02-09 16:54:08.282000+09:00,0,0,0,,0,0,,,0,0,0,,0,0,,
26,2022-02-09 20:03:36.031000+09:00,0,0,0,,0,0,,,0,0,0,,0,0,,
28,2021-08-17 12:00:33.170000+09:00,0,0,0,,0,0,,,0,0,0,,0,0,,
28,2021-08-17 16:00:25.788000+09:00,0,0,0,,0,0,,,0,0,0,,0,0,,
28,2021-08-17 20:00:22.256000+09:00,0,0,0,,0,0,,,0,0,0,,0,0,,
28,2021-08-20 10:00:23.022000+09:00,0,0,0,,0,0,,,0,0,0,,0,0,,
28,2021-08-20 14:00:33.223000+09:00,0,0,0,,0,0,,,0,0,0,,0,0,,
28,2021-08-20 18:12:43.135000+09:00,0,0,0,,0,0,,,0,0,0,,0,0,,
28,2021-08-23 10:00:25.593000+09:00,0,0,0,,0,0,,,0,0,0,,0,0,,
28,2021-08-23 14:00:41.595000+09:00,0,0,0,,0,0,,,0,0,0,,0,0,,
28,2021-08-23 18:00:31.100000+09:00,0,0,0,,0,0,,,0,0,0,,0,0,,
28,2021-08-26 10:16:28.681000+09:00,0,0,0,,0,0,,,0,0,0,,0,0,,
28,2021-08-26 14:09:36.767000+09:00,0,0,0,,0,0,,,0,0,0,,0,0,,
28,2021-08-26 18:01:40.718000+09:00,0,0,0,,0,0,,,0,0,0,,0,0,,
28,2021-08-29 10:00:24.773000+09:00,0,0,0,,0,0,,,0,0,0,,0,0,,
28,2021-08-29 14:12:56.135000+09:00,0,0,0,,0,0,,,0,0,0,,0,0,,
28,2021-08-29 18:02:42.025000+09:00,0,0,0,,0,0,,,0,0,0,,0,0,,
28,2021-09-01 14:07:21.032000+09:00,0,0,0,,0,0,,,0,0,0,,0,0,,
28,2021-09-01 18:03:29.190000+09:00,0,0,0,,0,0,,,0,0,0,,0,0,,
28,2021-09-04 10:47:40.025000+09:00,0,0,0,,0,0,,,0,0,0,,0,0,,
28,2021-09-04 14:00:33.928000+09:00,0,0,0,,0,0,,,0,0,0,,0,0,,
28,2021-09-04 18:00:25.094000+09:00,0,0,0,,0,0,,,0,0,0,,0,0,,
28,2021-09-07 10:01:12.751000+09:00,0,0,0,,0,0,,,0,0,0,,0,0,,
28,2021-09-07 14:02:28.026000+09:00,0,0,0,,0,0,,,0,0,0,,0,0,,
28,2021-09-07 18:02:50.447000+09:00,0,0,0,,0,0,,,0,0,0,,0,0,,
28,2021-09-10 10:00:54.336000+09:00,0,0,0,,0,0,,,0,0,0,,0,0,,
28,2021-09-10 14:28:42.945000+09:00,0,0,0,,0,0,,,0,0,0,,0,0,,
28,2021-09-10 18:00:26.452000+09:00,0,0,0,,0,0,,,0,0,0,,0,0,,
28,2021-09-13 10:15:12.113000+09:00,0,0,0,,0,0,,,0,0,0,,0,0,,
28,2021-09-16 10:12:14.442000+09:00,0,0,0,,0,0,,,0,0,0,,0,0,,
28,2021-09-16 14:23:40.802000+09:00,0,0,0,,0,0,,,0,0,0,,0,0,,
28,2021-09-16 18:01:27.854000+09:00,0,0,0,,0,0,,,0,0,0,,0,0,,
28,2021-09-19 14:00:28.164000+09:00,0,0,0,,0,0,,,0,0,0,,0,0,,
28,2021-09-19 18:00:37.064000+09:00,0,0,0,,0,0,,,0,0,0,,0,0,,
28,2021-09-22 16:00:29.777000+09:00,0,0,0,,0,0,,,0,0,0,,0,0,,
28,2021-09-22 20:00:30.705000+09:00,0,0,0,,0,0,,,0,0,0,,0,0,,
28,2021-09-25 16:39:15.813000+09:00,0,0,0,,0,0,,,0,0,0,,0,0,,
28,2021-09-25 20:00:32.659000+09:00,0,0,0,,0,0,,,0,0,0,,0,0,,
28,2021-09-28 16:00:26.987000+09:00,0,0,0,,0,0,,,0,0,0,,0,0,,
28,2021-09-28 20:02:31.071000+09:00,0,0,0,,0,0,,,0,0,0,,0,0,,
28,2021-10-01 12:00:57.346000+09:00,0,0,0,,0,0,,,0,0,0,,0,0,,
28,2021-10-01 16:00:42.107000+09:00,0,0,0,,0,0,,,0,0,0,,0,0,,
28,2021-10-01 20:00:28.226000+09:00,0,0,0,,0,0,,,0,0,0,,0,0,,
28,2021-10-04 12:00:49.773000+09:00,0,0,0,,0,0,,,0,0,0,,0,0,,
28,2021-10-04 16:04:29.042000+09:00,0,0,0,,0,0,,,0,0,0,,0,0,,
28,2021-10-04 20:00:31.506000+09:00,0,0,0,,0,0,,,0,0,0,,0,0,,
28,2021-10-07 12:47:17.543000+09:00,0,0,0,,0,0,,,0,0,0,,0,0,,
28,2021-10-07 16:05:48.711000+09:00,0,0,0,,0,0,,,0,0,0,,0,0,,
28,2021-10-10 16:05:54.344000+09:00,0,0,0,,0,0,,,0,0,0,,0,0,,
28,2021-10-10 20:14:15.872000+09:00,0,0,0,,0,0,,,0,0,0,,0,0,,
28,2021-10-13 20:00:42.758000+09:00,0,0,0,,0,0,,,0,0,0,,0,0,,
28,2021-10-16 16:07:16.788000+09:00,0,0,0,,0,0,,,0,0,0,,0,0,,
28,2021-10-16 20:03:07.348000+09:00,0,0,0,,0,0,,,0,0,0,,0,0,,
28,2021-10-19 12:35:00.286000+09:00,0,0,0,,0,0,,,0,0,0,,0,0,,
28,2021-10-19 16:00:27.973000+09:00,0,0,0,,0,0,,,0,0,0,,0,0,,
28,2021-10-19 20:00:26.662000+09:00,0,0,0,,0,0,,,0,0,0,,0,0,,
28,2021-10-22 12:00:31.011000+09:00,0,0,0,,0,0,,,0,0,0,,0,0,,
28,2021-10-22 16:00:27.888000+09:00,0,0,0,,0,0,,,0,0,0,,0,0,,
28,2021-10-25 12:00:40.520000+09:00,0,0,0,,0,0,,,0,0,0,,0,0,,
28,2021-10-25 16:00:30.782000+09:00,0,0,0,,0,0,,,0,0,0,,0,0,,
28,2021-10-25 20:00:29.501000+09:00,0,0,0,,0,0,,,0,0,0,,0,0,,
28,2021-10-28 12:06:57.085000+09:00,0,0,0,,0,0,,,0,0,0,,0,0,,
28,2021-10-31 12:01:58.328000+09:00,0,0,0,,0,0,,,0,0,0,,0,0,,
28,2021-10-31 16:07:57.733000+09:00,0,0,0,,0,0,,,0,0,0,,0,0,,
28,2021-10-31 20:10:15.355000+09:00,0,0,0,,0,0,,,0,0,0,,0,0,,
28,2021-11-03 12:03:47.081000+09:00,0,0,0,,0,0,,,0,0,0,,0,0,,
28,2021-11-03 16:03:05.171000+09:00,0,0,0,,0,0,,,0,0,0,,0,0,,
28,2021-11-03 20:00:57.489000+09:00,0,0,0,,0,0,,,0,0,0,,0,0,,
28,2021-11-06 12:03:10.677000+09:00,0,0,0,,0,0,,,0,0,0,,0,0,,
28,2021-11-06 16:34:19.660000+09:00,0,0,0,,0,0,,,0,0,0,,0,0,,
28,2021-11-09 12:04:00.673000+09:00,0,0,0,,0,0,,,0,0,0,,0,0,,
28,2021-11-09 16:00:27.721000+09:00,0,0,0,,0,0,,,0,0,0,,0,0,,
28,2021-11-09 20:05:57.846000+09:00,0,0,0,,0,0,,,0,0,0,,0,0,,
28,2021-11-12 12:31:01.855000+09:00,0,0,0,,0,0,,,0,0,0,,0,0,,
30,2021-08-29 16:00:52.519000+09:00,0,0,0,,0,0,,,0,0,0,,0,0,,
30,2021-08-29 20:01:08.239000+09:00,0,0,0,,0,0,,,0,0,0,,0,0,,
30,2021-09-01 12:10:28.759000+09:00,0,0,0,,0,0,,,0,0,0,,0,0,,
30,2021-09-01 20:05:05.375000+09:00,0,0,0,,0,0,,,0,0,0,,0,0,,
30,2021-09-04 12:07:57.189000+09:00,0,0,0,,0,0,,,0,0,0,,0,0,,
30,2021-09-04 16:01:39.037000+09:00,0,0,0,,0,0,,,0,0,0,,0,0,,
30,2021-09-04 20:04:35.601000+09:00,0,0,0,,0,0,,,0,0,0,,0,0,,
30,2021-09-07 12:08:30.565000+09:00,0,0,0,,0,0,,,0,0,0,,0,0,,
30,2021-09-07 16:01:45.486000+09:00,0,0,0,,0,0,,,0,0,0,,0,0,,
30,2021-09-10 12:01:25.886000+09:00,0,0,0,,0,0,,,0,0,0,,0,0,,
30,2021-09-10 16:01:15.424000+09:00,0,0,0,,0,0,,,0,0,0,,0,0,,
30,2021-09-10 20:21:41.536000+09:00,0,0,0,,0,0,,,0,0,0,,0,0,,
30,2021-09-13 12:00:57.821000+09:00,0,0,0,,0,0,,,0,0,0,,0,0,,
30,2021-09-13 16:47:56.661000+09:00,0,0,0,,0,0,,,0,0,0,,0,0,,
30,2021-09-16 12:00:33.910000+09:00,0,0,0,,0,0,,,0,0,0,,0,0,,
30,2021-09-16 16:53:05.477000+09:00,0,0,0,,0,0,,,0,0,0,,0,0,,
30,2021-09-16 20:40:34.107000+09:00,0,0,0,,0,0,,,0,0,0,,0,0,,
30,2021-09-19 12:04:41.111000+09:00,0,0,0,,0,0,,,0,0,0,,0,0,,
30,2021-09-19 20:45:47.721000+09:00,0,0,0,,0,0,,,0,0,0,,0,0,,
30,2021-09-22 12:04:42.776000+09:00,0,0,0,,0,0,,,0,0,0,,0,0,,
30,2021-09-22 16:40:26.622000+09:00,0,0,0,,0,0,,,0,0,0,,0,0,,
30,2021-09-22 20:05:03.614000+09:00,0,0,0,,0,0,,,0,0,0,,0,0,,
30,2021-09-25 12:16:43.628000+09:00,0,0,0,,0,0,,,0,0,0,,0,0,,
30,2021-09-25 16:02:37.771000+09:00,0,0,0,,0,0,,,0,0,0,,0,0,,
30,2021-09-28 10:00:55.377000+09:00,0,0,0,,0,0,,,0,0,0,,0,0,,
30,2021-09-28 14:00:30.898000+09:00,0,0,0,,0,0,,,0,0,0,,0,0,,
30,2021-09-28 18:18:42.957000+09:00,0,0,0,,0,0,,,0,0,0,,0,0,,
30,2021-10-01 10:00:27.991000+09:00,0,0,0,,0,0,,,0,0,0,,0,0,,
30,2021-10-01 14:00:42.710000+09:00,0,0,0,,0,0,,,0,0,0,,0,0,,
30,2021-10-01 18:00:39.430000+09:00,0,0,0,,0,0,,,0,0,0,,0,0,,
30,2021-10-04 10:37:43.005000+09:00,0,0,0,,0,0,,,0,0,0,,0,0,,
30,2021-10-04 14:00:27.877000+09:00,0,0,0,,0,0,,,0,0,0,,0,0,,
30,2021-10-04 18:12:58.335000+09:00,0,0,0,,0,0,,,0,0,0,,0,0,,
30,2021-10-07 10:03:26.123000+09:00,0,0,0,,0,0,,,0,0,0,,0,0,,
30,2021-10-07 14:39:47.477000+09:00,0,0,0,,0,0,,,0,0,0,,0,0,,
30,2021-10-07 18:00:31.041000+09:00,0,0,0,,0,0,,,0,0,0,,0,0,,
30,2021-10-10 10:00:37.925000+09:00,0,0,0,,0,0,,,0,0,0,,0,0,,
30,2021-10-10 14:50:26.144000+09:00,0,0,0,,0,0,,,0,0,0,,0,0,,
30,2021-10-10 18:00:30.220000+09:00,0,0,0,,0,0,,,0,0,0,,0,0,,
30,2021-10-13 10:08:17.315000+09:00,0,0,0,,0,0,,,0,0,0,,0,0,,
30,2021-10-13 14:00:35.544000+09:00,0,0,0,,0,0,,,0,0,0,,0,0,,
30,2021-10-13 18:50:32.401000+09:00,0,0,0,,0,0,,,0,0,0,,0,0,,
30,2021-10-16 10:03:20.571000+09:00,0,0,0,,0,0,,,0,0,0,,0,0,,
30,2021-10-16 18:00:47.650000+09:00,0,0,0,,0,0,,,0,0,0,,0,0,,
30,2021-10-19 14:35:28.823000+09:00,0,0,0,,0,0,,,0,0,0,,0,0,,
30,2021-10-19 18:07:06.889000+09:00,0,0,0,,0,0,,,0,0,0,,0,0,,
30,2021-10-22 10:00:41.206000+09:00,0,0,0,,0,0,,,0,0,0,,0,0,,
30,2021-10-22 14:20:51.054000+09:00,0,0,0,,0,0,,,0,0,0,,0,0,,
30,2021-10-22 18:39:03.045000+09:00,0,0,0,,0,0,,,0,0,0,,0,0,,
30,2021-10-25 10:01:22.058000+09:00,0,0,0,,0,0,,,0,0,0,,0,0,,
30,2021-10-25 14:19:45.699000+09:00,0,0,0,,0,0,,,0,0,0,,0,0,,
30,2021-10-25 18:50:26.344000+09:00,0,0,0,,0,0,,,0,0,0,,0,0,,
30,2021-10-28 10:12:44.660000+09:00,0,0,0,,0,0,,,0,0,0,,0,0,,
30,2021-10-28 14:12:19.590000+09:00,0,0,0,,0,0,,,0,0,0,,0,0,,
30,2021-10-28 18:03:57.366000+09:00,0,0,0,,0,0,,,0,0,0,,0,0,,
30,2021-10-31 10:00:47.510000+09:00,0,0,0,,0,0,,,0,0,0,,0,0,,
30,2021-10-31 14:01:28.671000+09:00,0,0,0,,0,0,,,0,0,0,,0,0,,
30,2021-10-31 18:01:09.815000+09:00,0,0,0,,0,0,,,0,0,0,,0,0,,
30,2021-11-03 10:00:53.048000+09:00,0,0,0,,0,0,,,0,0,0,,0,0,,
30,2021-11-03 14:01:55.333000+09:00,0,0,0,,0,0,,,0,0,0,,0,0,,
30,2021-11-03 18:06:12.513000+09:00,0,0,0,,0,0,,,0,0,0,,0,0,,
30,2021-11-06 10:20:51.268000+09:00,0,0,0,,0,0,,,0,0,0,,0,0,,
30,2021-11-06 14:01:36.801000+09:00,0,0,0,,0,0,,,0,0,0,,0,0,,
30,2021-11-06 18:22:01.161000+09:00,0,0,0,,0,0,,,0,0,0,,0,0,,
30,2021-11-09 10:15:58.671000+09:00,0,0,0,,0,0,,,0,0,0,,0,0,,
30,2021-11-09 14:27:18.957000+09:00,0,0,0,,0,0,,,0,0,0,,0,0,,
30,2021-11-09 18:11:23.531000+09:00,0,0,0,,0,0,,,0,0,0,,0,0,,
30,2021-11-12 10:03:22.789000+09:00,0,0,0,,0,0,,,0,0,0,,0,0,,
30,2021-11-12 14:07:32.205000+09:00,0,0,0,,0,0,,,0,0,0,,0,0,,
30,2021-11-12 18:06:49.485000+09:00,0,0,0,,0,0,,,0,0,0,,0,0,,
30,2021-11-15 10:00:26.710000+09:00,0,0,0,,0,0,,,0,0,0,,0,0,,
30,2021-11-15 14:11:22.865000+09:00,0,0,0,,0,0,,,0,0,0,,0,0,,
30,2021-11-15 18:12:13.909000+09:00,0,0,0,,0,0,,,0,0,0,,0,0,,
30,2021-11-18 10:00:27.515000+09:00,0,0,0,,0,0,,,0,0,0,,0,0,,
30,2021-11-18 14:00:31.080000+09:00,0,0,0,,0,0,,,0,0,0,,0,0,,
30,2021-11-18 18:00:46.062000+09:00,0,0,0,,0,0,,,0,0,0,,0,0,,
30,2021-11-21 10:54:44.950000+09:00,0,0,0,,0,0,,,0,0,0,,0,0,,
30,2021-11-21 14:29:47.402000+09:00,0,0,0,,0,0,,,0,0,0,,0,0,,
30,2021-11-21 18:25:30.191000+09:00,0,0,0,,0,0,,,0,0,0,,0,0,,
30,2021-11-24 10:00:40.962000+09:00,0,0,0,,0,0,,,0,0,0,,0,0,,
30,2021-11-24 14:34:43.262000+09:00,0,0,0,,0,0,,,0,0,0,,0,0,,
30,2021-11-24 18:15:29.388000+09:00,0,0,0,,0,0,,,0,0,0,,0,0,,
36,2021-08-17 18:01:56.601000+09:00,0,0,0,,0,0,,,0,0,0,,0,0,,
36,2021-08-20 14:04:02.288000+09:00,0,0,0,,0,0,,,0,0,0,,0,0,,
36,2021-08-20 18:30:24.288000+09:00,0,0,0,,0,0,,,0,0,0,,0,0,,
36,2021-08-23 10:01:18.654000+09:00,0,0,0,,0,0,,,0,0,0,,0,0,,
36,2021-08-23 18:01:35.972000+09:00,0,0,0,,0,0,,,0,0,0,,0,0,,
36,2021-08-26 10:13:27.592000+09:00,0,0,0,,0,0,,,0,0,0,,0,0,,
36,2021-08-26 14:32:33.065000+09:00,0,0,0,,0,0,,,0,0,0,,0,0,,
36,2021-08-26 18:35:29.690000+09:00,0,0,0,,0,0,,,0,0,0,,0,0,,
36,2021-08-29 10:02:02.806000+09:00,0,0,0,,0,0,,,0,0,0,,0,0,,
36,2021-08-29 18:21:14.262000+09:00,0,0,0,,0,0,,,0,0,0,,0,0,,
36,2021-09-01 10:22:27.237000+09:00,0,0,0,,0,0,,,0,0,0,,0,0,,
36,2021-09-01 14:45:59.991000+09:00,0,0,0,,0,0,,,0,0,0,,0,0,,
36,2021-09-01 18:12:23.881000+09:00,0,0,0,,0,0,,,0,0,0,,0,0,,
36,2021-09-04 12:02:03.370000+09:00,0,0,0,,0,0,,,0,0,0,,0,0,,
36,2021-09-04 16:02:20.220000+09:00,0,0,0,,0,0,,,0,0,0,,0,0,,
36,2021-09-04 20:01:25.411000+09:00,0,0,0,,0,0,,,0,0,0,,0,0,,
36,2021-09-07 12:02:53.730000+09:00,0,0,0,,0,0,,,0,0,0,,0,0,,
36,2021-09-07 16:01:42.526000+09:00,0,0,0,,0,0,,,0,0,0,,0,0,,
36,2021-09-07 20:04:46.434000+09:00,0,0,0,,0,0,,,0,0,0,,0,0,,
36,2021-09-10 12:01:52.502000+09:00,0,0,0,,0,0,,,0,0,0,,0,0,,
36,2021-09-10 16:22:52.690000+09:00,0,0,0,,0,0,,,0,0,0,,0,0,,
36,2021-09-10 20:01:20.846000+09:00,0,0,0,,0,0,,,0,0,0,,0,0,,
36,2021-09-13 12:04:32.156000+09:00,0,0,0,,0,0,,,0,0,0,,0,0,,
36,2021-09-13 16:04:05.695000+09:00,0,0,0,,0,0,,,0,0,0,,0,0,,
36,2021-09-13 20:01:14.149000+09:00,0,0,0,,0,0,,,0,0,0,,0,0,,
36,2021-09-16 12:03:07.171000+09:00,0,0,0,,0,0,,,0,0,0,,0,0,,
36,2021-09-16 16:51:27.445000+09:00,0,0,0,,0,0,,,0,0,0,,0,0,,
36,2021-09-16 20:01:11.356000+09:00,0,0,0,,0,0,,,0,0,0,,0,0,,
36,2021-09-19 12:02:03.048000+09:00,0,0,0,,0,0,,,0,0,0,,0,0,,
36,2021-09-19 16:12:39.308000+09:00,0,0,0,,0,0,,,0,0,0,,0,0,,
36,2021-09-19 20:05:00.179000+09:00,0,0,0,,0,0,,,0,0,0,,0,0,,
36,2021-09-22 12:01:02.422000+09:00,0,0,0,,0,0,,,0,0,0,,0,0,,
36,2021-09-22 16:20:26.572000+09:00,0,0,0,,0,0,,,0,0,0,,0,0,,
36,2021-09-22 20:04:14.750000+09:00,0,0,0,,0,0,,,0,0,0,,0,0,,
36,2021-09-25 12:01:42.616000+09:00,0,0,0,,0,0,,,0,0,0,,0,0,,
36,2021-09-25 16:01:12.701000+09:00,0,0,0,,0,0,,,0,0,0,,0,0,,
36,2021-09-25 20:18:50.729000+09:00,0,0,0,,0,0,,,0,0,0,,0,0,,
36,2021-09-28 12:01:14.657000+09:00,0,0,0,,0,0,,,0,0,0,,0,0,,
36,2021-09-28 16:05:45.344000+09:00,0,0,0,,0,0,,,0,0,0,,0,0,,
36,2021-09-28 20:01:34.635000+09:00,0,0,0,,0,0,,,0,0,0,,0,0,,
36,2021-10-01 12:01:07.207000+09:00,0,0,0,,0,0,,,0,0,0,,0,0,,
36,2021-10-01 16:01:00.084000+09:00,0,0,0,,0,0,,,0,0,0,,0,0,,
36,2021-10-04 12:01:11.865000+09:00,0,0,0,,0,0,,,0,0,0,,0,0,,
36,2021-10-04 16:06:37.083000+09:00,0,0,0,,0,0,,,0,0,0,,0,0,,
36,2021-10-04 20:02:09.459000+09:00,0,0,0,,0,0,,,0,0,0,,0,0,,
36,2021-10-07 12:00:58.110000+09:00,0,0,0,,0,0,,,0,0,0,,0,0,,
36,2021-10-07 16:01:13.528000+09:00,0,0,0,,0,0,,,0,0,0,,0,0,,
36,2021-10-07 20:00:55.221000+09:00,0,0,0,,0,0,,,0,0,0,,0,0,,
36,2021-10-10 12:03:38.919000+09:00,0,0,0,,0,0,,,0,0,0,,0,0,,
36,2021-10-10 16:01:20.719000+09:00,0,0,0,,0,0,,,0,0,0,,0,0,,
36,2021-10-10 20:29:31.311000+09:00,0,0,0,,0,0,,,0,0,0,,0,0,,
36,2021-10-13 12:01:25.388000+09:00,0,0,0,,0,0,,,0,0,0,,0,0,,
36,2021-10-13 16:01:02.395000+09:00,0,0,0,,0,0,,,0,0,0,,0,0,,
36,2021-10-13 20:13:28.616000+09:00,0,0,0,,0,0,,,0,0,0,,0,0,,
36,2021-10-16 12:12:02.749000+09:00,0,0,0,,0,0,,,0,0,0,,0,0,,
36,2021-10-16 16:02:03.696000+09:00,0,0,0,,0,0,,,0,0,0,,0,0,,
36,2021-10-16 20:04:10.942000+09:00,0,0,0,,0,0,,,0,0,0,,0,0,,
36,2021-10-19 12:01:23.640000+09:00,0,0,0,,0,0,,,0,0,0,,0,0,,
36,2021-10-19 16:02:17.082000+09:00,0,0,0,,0,0,,,0,0,0,,0,0,,
36,2021-10-19 20:03:31.528000+09:00,0,0,0,,0,0,,,0,0,0,,0,0,,
36,2021-10-22 12:05:44.955000+09:00,0,0,0,,0,0,,,0,0,0,,0,0,,
36,2021-10-22 16:01:10.523000+09:00,0,0,0,,0,0,,,0,0,0,,0,0,,
36,2021-10-22 20:02:13.628000+09:00,0,0,0,,0,0,,,0,0,0,,0,0,,
36,2021-10-25 12:01:37.960000+09:00,0,0,0,,0,0,,,0,0,0,,0,0,,
36,2021-10-25 16:05:59.855000+09:00,0,0,0,,0,0,,,0,0,0,,0,0,,
36,2021-10-25 20:26:04.788000+09:00,0,0,0,,0,0,,,0,0,0,,0,0,,
36,2021-10-28 12:02:37.619000+09:00,0,0,0,,0,0,,,0,0,0,,0,0,,
36,2021-10-28 16:06:02.121000+09:00,0,0,0,,0,0,,,0,0,0,,0,0,,
36,2021-10-28 20:01:09.991000+09:00,0,0,0,,0,0,,,0,0,0,,0,0,,
36,2021-10-31 12:01:24.018000+09:00,0,0,0,,0,0,,,0,0,0,,0,0,,
36,2021-10-31 16:24:43.698000+09:00,0,0,0,,0,0,,,0,0,0,,0,0,,
36,2021-10-31 20:23:34.556000+09:00,0,0,0,,0,0,,,0,0,0,,0,0,,
36,2021-11-03 12:53:32.245000+09:00,0,0,0,,0,0,,,0,0,0,,0,0,,
36,2021-11-03 16:06:07.443000+09:00,0,0,0,,0,0,,,0,0,0,,0,0,,
36,2021-11-03 20:13:01.607000+09:00,0,0,0,,0,0,,,0,0,0,,0,0,,
36,2021-11-06 12:01:58.480000+09:00,0,0,0,,0,0,,,0,0,0,,0,0,,
36,2021-11-06 16:01:33.405000+09:00,0,0,0,,0,0,,,0,0,0,,0,0,,
36,2021-11-06 20:15:26.940000+09:00,0,0,0,,0,0,,,0,0,0,,0,0,,
36,2021-11-09 12:11:25.537000+09:00,0,0,0,,0,0,,,0,0,0,,0,0,,
36,2021-11-09 16:01:23.258000+09:00,0,0,0,,0,0,,,0,0,0,,0,0,,
36,2021-11-09 20:04:43.891000+09:00,0,0,0,,0,0,,,0,0,0,,0,0,,
36,2021-11-12 12:02:33.911000+09:00,0,0,0,,0,0,,,0,0,0,,0,0,,
36,2021-11-12 16:01:08.345000+09:00,0,0,0,,0,0,,,0,0,0,,0,0,,
36,2021-11-12 20:02:58.052000+09:00,0,0,0,,0,0,,,0,0,0,,0,0,,
36,2021-11-15 12:02:03.905000+09:00,0,0,0,,0,0,,,0,0,0,,0,0,,
36,2021-11-15 16:04:40.001000+09:00,0,0,0,,0,0,,,0,0,0,,0,0,,
36,2021-11-15 20:04:33.427000+09:00,0,0,0,,0,0,,,0,0,0,,0,0,,
37,2021-08-17 12:00:26.740000+09:00,0,0,0,,0,0,,,0,0,0,,0,0,,
37,2021-08-17 16:37:59.079000+09:00,0,0,0,,0,0,,,0,0,0,,0,0,,
37,2021-08-17 20:03:25.803000+09:00,0,0,0,,0,0,,,0,0,0,,0,0,,
37,2021-08-20 12:01:14.629000+09:00,0,0,0,,0,0,,,0,0,0,,0,0,,
37,2021-08-20 16:24:17.784000+09:00,0,0,0,,0,0,,,0,0,0,,0,0,,
37,2021-08-20 20:00:34.014000+09:00,0,0,0,,0,0,,,0,0,0,,0,0,,
37,2021-08-23 12:01:46.518000+09:00,0,0,0,,0,0,,,0,0,0,,0,0,,
37,2021-08-23 16:04:38.425000+09:00,0,0,0,,0,0,,,0,0,0,,0,0,,
37,2021-08-23 20:00:28.376000+09:00,0,0,0,,0,0,,,0,0,0,,0,0,,
37,2021-08-26 12:03:34.012000+09:00,0,0,0,,0,0,,,0,0,0,,0,0,,
37,2021-08-26 16:07:06.894000+09:00,0,0,0,,0,0,,,0,0,0,,0,0,,
37,2021-08-26 20:00:56.193000+09:00,0,0,0,,0,0,,,0,0,0,,0,0,,
37,2021-08-29 12:52:40.067000+09:00,0,0,0,,0,0,,,0,0,0,,0,0,,
37,2021-08-29 16:01:38.919000+09:00,0,0,0,,0,0,,,0,0,0,,0,0,,
37,2021-08-29 20:02:00.850000+09:00,0,0,0,,0,0,,,0,0,0,,0,0,,
37,2021-09-01 12:01:27.364000+09:00,0,0,0,,0,0,,,0,0,0,,0,0,,
37,2021-09-01 16:33:08.140000+09:00,0,0,0,,0,0,,,0,0,0,,0,0,,
37,2021-09-01 20:00:34.509000+09:00,0,0,0,,0,0,,,0,0,0,,0,0,,
37,2021-09-04 12:07:11.933000+09:00,0,0,0,,0,0,,,0,0,0,,0,0,,
37,2021-09-04 16:01:39.067000+09:00,0,0,0,,0,0,,,0,0,0,,0,0,,
37,2021-09-04 20:07:42.348000+09:00,0,0,0,,0,0,,,0,0,0,,0,0,,
37,2021-09-07 12:01:14.893000+09:00,0,0,0,,0,0,,,0,0,0,,0,0,,
37,2021-09-07 16:00:33.071000+09:00,0,0,0,,0,0,,,0,0,0,,0,0,,
37,2021-09-07 20:01:04.955000+09:00,0,0,0,,0,0,,,0,0,0,,0,0,,
37,2021-09-10 12:01:54.181000+09:00,0,0,0,,0,0,,,0,0,0,,0,0,,
37,2021-09-10 16:00:39.671000+09:00,0,0,0,,0,0,,,0,0,0,,0,0,,
37,2021-09-10 20:01:05.808000+09:00,0,0,0,,0,0,,,0,0,0,,0,0,,
37,2021-09-13 12:05:27.491000+09:00,0,0,0,,0,0,,,0,0,0,,0,0,,
37,2021-09-13 16:00:38.337000+09:00,0,0,0,,0,0,,,0,0,0,,0,0,,
37,2021-09-13 20:00:22.754000+09:00,0,0,0,,0,0,,,0,0,0,,0,0,,
37,2021-09-16 12:00:51.327000+09:00,0,0,0,,0,0,,,0,0,0,,0,0,,
37,2021-09-16 16:27:38.138000+09:00,0,0,0,,0,0,,,0,0,0,,0,0,,
37,2021-09-16 20:00:23.431000+09:00,0,0,0,,0,0,,,0,0,0,,0,0,,
37,2021-09-19 12:00:30.163000+09:00,0,0,0,,0,0,,,0,0,0,,0,0,,
37,2021-09-19 16:00:28.318000+09:00,0,0,0,,0,0,,,0,0,0,,0,0,,
37,2021-09-19 20:12:04.729000+09:00,0,0,0,,0,0,,,0,0,0,,0,0,,
37,2021-09-22 12:01:24.112000+09:00,0,0,0,,0,0,,,0,0,0,,0,0,,
37,2021-09-22 16:00:35.304000+09:00,0,0,0,,0,0,,,0,0,0,,0,0,,
37,2021-09-22 20:00:29.049000+09:00,0,0,0,,0,0,,,0,0,0,,0,0,,
37,2021-09-25 12:00:29.929000+09:00,0,0,0,,0,0,,,0,0,0,,0,0,,
37,2021-09-25 16:00:33.631000+09:00,0,0,0,,0,0,,,0,0,0,,0,0,,
37,2021-09-25 20:00:56.252000+09:00,0,0,0,,0,0,,,0,0,0,,0,0,,
37,2021-09-28 12:00:26.648000+09:00,0,0,0,,0,0,,,0,0,0,,0,0,,
37,2021-09-28 16:02:06.052000+09:00,0,0,0,,0,0,,,0,0,0,,0,0,,
37,2021-09-28 20:00:45.206000+09:00,0,0,0,,0,0,,,0,0,0,,0,0,,
37,2021-10-01 12:00:22.955000+09:00,0,0,0,,0,0,,,0,0,0,,0,0,,
37,2021-10-01 16:02:45.632000+09:00,0,0,0,,0,0,,,0,0,0,,0,0,,
37,2021-10-01 20:01:39.436000+09:00,0,0,0,,0,0,,,0,0,0,,0,0,,
37,2021-10-04 12:00:37.699000+09:00,0,0,0,,0,0,,,0,0,0,,0,0,,
37,2021-10-04 16:00:28.752000+09:00,0,0,0,,0,0,,,0,0,0,,0,0,,
37,2021-10-04 20:00:28.076000+09:00,0,0,0,,0,0,,,0,0,0,,0,0,,
37,2021-10-07 12:00:34.536000+09:00,0,0,0,,0,0,,,0,0,0,,0,0,,
37,2021-10-07 16:00:24.814000+09:00,0,0,0,,0,0,,,0,0,0,,0,0,,
37,2021-10-07 20:00:28.628000+09:00,0,0,0,,0,0,,,0,0,0,,0,0,,
37,2021-10-10 12:00:29.178000+09:00,0,0,0,,0,0,,,0,0,0,,0,0,,
37,2021-10-10 20:02:03.292000+09:00,0,0,0,,0,0,,,0,0,0,,0,0,,
37,2021-10-13 12:00:19.438000+09:00,0,0,0,,0,0,,,0,0,0,,0,0,,
37,2021-10-13 16:00:49.850000+09:00,0,0,0,,0,0,,,0,0,0,,0,0,,
37,2021-10-13 20:00:31.931000+09:00,0,0,0,,0,0,,,0,0,0,,0,0,,
37,2021-10-16 12:02:31.279000+09:00,0,0,0,,0,0,,,0,0,0,,0,0,,
37,2021-10-16 16:04:58.992000+09:00,0,0,0,,0,0,,,0,0,0,,0,0,,
37,2021-10-16 20:00:22.002000+09:00,0,0,0,,0,0,,,0,0,0,,0,0,,
37,2021-10-19 12:00:21.216000+09:00,0,0,0,,0,0,,,0,0,0,,0,0,,
37,2021-10-19 16:26:00.268000+09:00,0,0,0,,0,0,,,0,0,0,,0,0,,
37,2021-10-19 20:00:40.502000+09:00,0,0,0,,0,0,,,0,0,0,,0,0,,
37,2021-10-22 12:00:22.463000+09:00,0,0,0,,0,0,,,0,0,0,,0,0,,
37,2021-10-22 16:01:19.240000+09:00,0,0,0,,0,0,,,0,0,0,,0,0,,
37,2021-10-22 20:01:50.488000+09:00,0,0,0,,0,0,,,0,0,0,,0,0,,
37,2021-10-25 12:03:05.677000+09:00,0,0,0,,0,0,,,0,0,0,,0,0,,
37,2021-10-25 16:00:26.270000+09:00,0,0,0,,0,0,,,0,0,0,,0,0,,
37,2021-10-25 20:00:37.975000+09:00,0,0,0,,0,0,,,0,0,0,,0,0,,
37,2021-10-28 12:00:35.954000+09:00,0,0,0,,0,0,,,0,0,0,,0,0,,
37,2021-10-28 16:19:05.452000+09:00,0,0,0,,0,0,,,0,0,0,,0,0,,
37,2021-10-28 20:01:25.903000+09:00,0,0,0,,0,0,,,0,0,0,,0,0,,
37,2021-10-31 12:00:24.654000+09:00,0,0,0,,0,0,,,0,0,0,,0,0,,
37,2021-10-31 16:00:32.486000+09:00,0,0,0,,0,0,,,0,0,0,,0,0,,
37,2021-10-31 20:00:34.697000+09:00,0,0,0,,0,0,,,0,0,0,,0,0,,
37,2021-11-03 12:00:51.229000+09:00,0,0,0,,0,0,,,0,0,0,,0,0,,
37,2021-11-03 16:08:22.047000+09:00,0,0,0,,0,0,,,0,0,0,,0,0,,
37,2021-11-03 20:00:42.041000+09:00,0,0,0,,0,0,,,0,0,0,,0,0,,
37,2021-11-06 12:00:31.823000+09:00,0,0,0,,0,0,,,0,0,0,,0,0,,
37,2021-11-06 16:03:21.213000+09:00,0,0,0,,0,0,,,0,0,0,,0,0,,
37,2021-11-06 20:00:45.381000+09:00,0,0,0,,0,0,,,0,0,0,,0,0,,
37,2021-11-09 12:00:39.441000+09:00,0,0,0,,0,0,,,0,0,0,,0,0,,
37,2021-11-09 16:00:25.820000+09:00,0,0,0,,0,0,,,0,0,0,,0,0,,
37,2021-11-09 20:00:26.122000+09:00,0,0,0,,0,0,,,0,0,0,,0,0,,
39,2021-08-17 12:00:43.706000+09:00,0,0,0,,0,0,,,0,0,0,,0,0,,
39,2021-08-17 16:00:29.641000+09:00,0,0,0,,0,0,,,0,0,0,,0,0,,
39,2021-08-17 20:00:27.902000+09:00,0,0,0,,0,0,,,0,0,0,,0,0,,
39,2021-08-20 12:06:23.465000+09:00,0,0,0,,0,0,,,0,0,0,,0,0,,
39,2021-08-26 12:51:33.714000+09:00,0,0,0,,0,0,,,0,0,0,,0,0,,
39,2021-08-26 20:00:29.975000+09:00,0,0,0,,0,0,,,0,0,0,,0,0,,
39,2021-09-13 12:04:22.377000+09:00,0,0,0,,0,0,,,0,0,0,,0,0,,
39,2021-09-13 16:51:12.796000+09:00,0,0,0,,0,0,,,0,0,0,,0,0,,
39,2021-09-13 20:06:35.936000+09:00,0,0,0,,0,0,,,0,0,0,,0,0,,
39,2021-09-16 12:00:30.962000+09:00,0,0,0,,0,0,,,0,0,0,,0,0,,
39,2021-09-16 16:59:40.406000+09:00,0,0,0,,0,0,,,0,0,0,,0,0,,
39,2021-09-16 20:07:28.704000+09:00,0,0,0,,0,0,,,0,0,0,,0,0,,
39,2021-09-22 12:01:54.475000+09:00,0,0,0,,0,0,,,0,0,0,,0,0,,
39,2021-09-22 16:04:02.532000+09:00,0,0,0,,0,0,,,0,0,0,,0,0,,
39,2021-09-22 20:00:34.370000+09:00,0,0,0,,0,0,,,0,0,0,,0,0,,
39,2021-09-25 12:11:38.974000+09:00,0,0,0,,0,0,,,0,0,0,,0,0,,
39,2021-09-25 20:07:49.053000+09:00,0,0,0,,0,0,,,0,0,0,,0,0,,
39,2021-09-28 12:01:01.643000+09:00,0,0,0,,0,0,,,0,0,0,,0,0,,
39,2021-09-28 20:09:05.433000+09:00,0,0,0,,0,0,,,0,0,0,,0,0,,
39,2021-10-01 12:00:22.857000+09:00,0,0,0,,0,0,,,0,0,0,,0,0,,
39,2021-10-01 16:09:02.777000+09:00,0,0,0,,0,0,,,0,0,0,,0,0,,
39,2021-10-01 20:00:32.583000+09:00,0,0,0,,0,0,,,0,0,0,,0,0,,
39,2021-10-04 12:08:32.144000+09:00,0,0,0,,0,0,,,0,0,0,,0,0,,
39,2021-10-04 16:00:21.818000+09:00,0,0,0,,0,0,,,0,0,0,,0,0,,
39,2021-10-07 12:05:38.094000+09:00,0,0,0,,0,0,,,0,0,0,,0,0,,
39,2021-10-10 16:00:21.743000+09:00,0,0,0,,0,0,,,0,0,0,,0,0,,
39,2021-10-10 20:03:06.252000+09:00,0,0,0,,0,0,,,0,0,0,,0,0,,
39,2021-10-13 12:00:45.063000+09:00,0,0,0,,0,0,,,0,0,0,,0,0,,
39,2021-10-13 16:21:49.064000+09:00,0,0,0,,0,0,,,0,0,0,,0,0,,
39,2021-10-16 12:47:10.236000+09:00,0,0,0,,0,0,,,0,0,0,,0,0,,
39,2021-10-19 12:32:01.200000+09:00,0,0,0,,0,0,,,0,0,0,,0,0,,
39,2021-10-19 16:00:26.036000+09:00,0,0,0,,0,0,,,0,0,0,,0,0,,
39,2021-10-22 12:10:08.839000+09:00,0,0,0,,0,0,,,0,0,0,,0,0,,
39,2021-10-25 16:15:49.338000+09:00,0,0,0,,0,0,,,0,0,0,,0,0,,
39,2021-10-25 20:00:25+09:00,0,0,0,,0,0,,,0,0,0,,0,0,,
39,2021-10-28 16:53:40.992000+09:00,0,0,0,,0,0,,,0,0,0,,0,0,,
39,2021-10-28 20:02:29.626000+09:00,0,0,0,,0,0,,,0,0,0,,0,0,,
39,2021-10-31 12:00:31.824000+09:00,0,0,0,,0,0,,,0,0,0,,0,0,,
39,2021-10-31 16:50:15.737000+09:00,0,0,0,,0,0,,,0,0,0,,0,0,,
39,2021-11-03 12:53:18.874000+09:00,0,0,0,,0,0,,,0,0,0,,0,0,,
39,2021-11-03 20:15:29.815000+09:00,0,0,0,,0,0,,,0,0,0,,0,0,,
39,2021-11-06 12:00:41.559000+09:00,0,0,0,,0,0,,,0,0,0,,0,0,,
39,2021-11-09 12:08:08.057000+09:00,0,0,0,,0,0,,,0,0,0,,0,0,,
39,2021-11-12 12:00:20.774000+09:00,0,0,0,,0,0,,,0,0,0,,0,0,,
39,2021-11-12 20:13:09.468000+09:00,0,0,0,,0,0,,,0,0,0,,0,0,,
39,2021-11-15 12:01:56.323000+09:00,0,0,0,,0,0,,,0,0,0,,0,0,,
39,2021-11-15 16:00:23.773000+09:00,0,0,0,,0,0,,,0,0,0,,0,0,,
39,2021-11-15 20:01:18.182000+09:00,0,0,0,,0,0,,,0,0,0,,0,0,,
39,2021-11-18 16:09:31.296000+09:00,0,0,0,,0,0,,,0,0,0,,0,0,,
39,2021-11-18 20:12:38.446000+09:00,0,0,0,,0,0,,,0,0,0,,0,0,,
39,2021-11-24 12:31:26.367000+09:00,0,0,0,,0,0,,,0,0,0,,0,0,,
39,2021-11-24 20:11:00.065000+09:00,0,0,0,,0,0,,,0,0,0,,0,0,,
39,2021-11-27 20:23:10.968000+09:00,0,0,0,,0,0,,,0,0,0,,0,0,,
39,2021-11-30 12:01:01.184000+09:00,0,0,0,,0,0,,,0,0,0,,0,0,,
39,2021-11-30 16:53:25.937000+09:00,0,0,0,,0,0,,,0,0,0,,0,0,,
39,2021-11-30 20:00:35.447000+09:00,0,0,0,,0,0,,,0,0,0,,0,0,,
39,2021-12-03 12:17:36.646000+09:00,0,0,0,,0,0,,,0,0,0,,0,0,,
39,2021-12-03 20:50:43.853000+09:00,0,0,0,,0,0,,,0,0,0,,0,0,,
39,2021-12-06 12:07:38.738000+09:00,0,0,0,,0,0,,,0,0,0,,0,0,,
39,2021-12-06 16:00:23.023000+09:00,0,0,0,,0,0,,,0,0,0,,0,0,,
39,2021-12-06 20:10:40.478000+09:00,0,0,0,,0,0,,,0,0,0,,0,0,,
39,2021-12-09 12:55:26.034000+09:00,0,0,0,,0,0,,,0,0,0,,0,0,,
39,2021-12-09 20:00:54.697000+09:00,0,0,0,,0,0,,,0,0,0,,0,0,,
39,2021-12-12 12:06:42.439000+09:00,0,0,0,,0,0,,,0,0,0,,0,0,,
39,2021-12-12 20:11:56.427000+09:00,0,0,0,,0,0,,,0,0,0,,0,0,,
39,2021-12-15 12:05:22.475000+09:00,0,0,0,,0,0,,,0,0,0,,0,0,,
39,2021-12-18 20:03:13.313000+09:00,0,0,0,,0,0,,,0,0,0,,0,0,,
39,2021-12-21 12:58:30.968000+09:00,0,0,0,,0,0,,,0,0,0,,0,0,,
39,2021-12-24 20:00:28.248000+09:00,0,0,0,,0,0,,,0,0,0,,0,0,,
39,2021-12-27 20:00:19.853000+09:00,0,0,0,,0,0,,,0,0,0,,0,0,,
39,2021-12-30 16:03:42.930000+09:00,0,0,0,,0,0,,,0,0,0,,0,0,,
39,2021-12-30 20:01:30.294000+09:00,0,0,0,,0,0,,,0,0,0,,0,0,,
40,2021-08-17 12:18:18.966000+09:00,0,0,0,,0,0,,,0,0,0,,0,0,,
40,2021-08-17 16:53:54.058000+09:00,0,0,0,,0,0,,,0,0,0,,0,0,,
40,2021-08-17 20:56:24.852000+09:00,0,0,0,,0,0,,,0,0,0,,0,0,,
40,2021-08-20 12:10:44.659000+09:00,0,0,0,,0,0,,,0,0,0,,0,0,,
40,2021-08-20 16:51:35.592000+09:00,0,0,0,,0,0,,,0,0,0,,0,0,,
40,2021-08-20 20:48:41.828000+09:00,0,0,0,,0,0,,,0,0,0,,0,0,,
40,2021-08-23 12:25:21.629000+09:00,0,0,0,,0,0,,,0,0,0,,0,0,,
40,2021-08-23 16:24:12.669000+09:00,0,0,0,,0,0,,,0,0,0,,0,0,,
40,2021-08-26 12:15:33.552000+09:00,0,0,0,,0,0,,,0,0,0,,0,0,,
40,2021-08-26 16:20:55.016000+09:00,0,0,0,,0,0,,,0,0,0,,0,0,,
40,2021-08-26 20:28:56.890000+09:00,0,0,0,,0,0,,,0,0,0,,0,0,,
40,2021-08-29 12:45:28.331000+09:00,0,0,0,,0,0,,,0,0,0,,0,0,,
40,2021-08-29 20:50:20.964000+09:00,0,0,0,,0,0,,,0,0,0,,0,0,,
40,2021-09-01 12:25:38.863000+09:00,0,0,0,,0,0,,,0,0,0,,0,0,,
40,2021-09-01 16:50:34.998000+09:00,0,0,0,,0,0,,,0,0,0,,0,0,,
40,2021-09-04 16:00:34.624000+09:00,0,0,0,,0,0,,,0,0,0,,0,0,,
40,2021-09-04 20:01:15.025000+09:00,0,0,0,,0,0,,,0,0,0,,0,0,,
40,2021-09-07 12:11:37.414000+09:00,0,0,0,,0,0,,,0,0,0,,0,0,,
40,2021-09-07 16:06:47.775000+09:00,0,0,0,,0,0,,,0,0,0,,0,0,,
40,2021-09-10 12:50:28.482000+09:00,0,0,0,,0,0,,,0,0,0,,0,0,,
40,2021-09-10 16:11:05.024000+09:00,0,0,0,,0,0,,,0,0,0,,0,0,,
40,2021-09-10 20:52:49.841000+09:00,0,0,0,,0,0,,,0,0,0,,0,0,,
40,2021-09-13 12:01:40.561000+09:00,0,0,0,,0,0,,,0,0,0,,0,0,,
40,2021-09-13 16:40:50.119000+09:00,0,0,0,,0,0,,,0,0,0,,0,0,,
40,2021-09-13 20:17:52.622000+09:00,0,0,0,,0,0,,,0,0,0,,0,0,,
40,2021-09-16 12:12:04.280000+09:00,0,0,0,,0,0,,,0,0,0,,0,0,,
40,2021-09-16 16:00:26.232000+09:00,0,0,0,,0,0,,,0,0,0,,0,0,,
40,2021-09-16 20:01:00.887000+09:00,0,0,0,,0,0,,,0,0,0,,0,0,,
40,2021-09-19 12:25:59.628000+09:00,0,0,0,,0,0,,,0,0,0,,0,0,,
40,2021-09-19 16:02:36.533000+09:00,0,0,0,,0,0,,,0,0,0,,0,0,,
40,2021-09-19 20:19:05.733000+09:00,0,0,0,,0,0,,,0,0,0,,0,0,,
40,2021-09-22 12:42:15.298000+09:00,0,0,0,,0,0,,,0,0,0,,0,0,,
40,2021-09-22 16:16:18.304000+09:00,0,0,0,,0,0,,,0,0,0,,0,0,,
40,2021-09-22 20:10:24.155000+09:00,0,0,0,,0,0,,,0,0,0,,0,0,,
40,2021-09-25 12:29:25.162000+09:00,0,0,0,,0,0,,,0,0,0,,0,0,,
40,2021-09-25 16:04:23.165000+09:00,0,0,0,,0,0,,,0,0,0,,0,0,,
40,2021-09-25 20:40:50.802000+09:00,0,0,0,,0,0,,,0,0,0,,0,0,,
40,2021-09-28 12:57:37.374000+09:00,0,0,0,,0,0,,,0,0,0,,0,0,,
40,2021-09-28 16:24:21.059000+09:00,0,0,0,,0,0,,,0,0,0,,0,0,,
40,2021-09-28 20:41:47.942000+09:00,0,0,0,,0,0,,,0,0,0,,0,0,,
40,2021-10-01 12:09:56.464000+09:00,0,0,0,,0,0,,,0,0,0,,0,0,,
40,2021-10-01 16:26:17.651000+09:00,0,0,0,,0,0,,,0,0,0,,0,0,,
40,2021-10-01 20:18:48.711000+09:00,0,0,0,,0,0,,,0,0,0,,0,0,,
40,2021-10-04 12:17:09.027000+09:00,0,0,0,,0,0,,,0,0,0,,0,0,,
40,2021-10-04 16:14:19.745000+09:00,0,0,0,,0,0,,,0,0,0,,0,0,,
40,2021-10-04 20:35:55.458000+09:00,0,0,0,,0,0,,,0,0,0,,0,0,,
40,2021-10-07 12:27:12.085000+09:00,0,0,0,,0,0,,,0,0,0,,0,0,,
40,2021-10-07 16:41:00.246000+09:00,0,0,0,,0,0,,,0,0,0,,0,0,,
40,2021-10-07 20:16:54.263000+09:00,0,0,0,,0,0,,,0,0,0,,0,0,,
40,2021-10-10 12:12:59.214000+09:00,0,0,0,,0,0,,,0,0,0,,0,0,,
40,2021-10-10 16:02:11.574000+09:00,0,0,0,,0,0,,,0,0,0,,0,0,,
40,2021-10-10 20:19:03.894000+09:00,0,0,0,,0,0,,,0,0,0,,0,0,,
40,2021-10-13 12:26:51.477000+09:00,0,0,0,,0,0,,,0,0,0,,0,0,,
40,2021-10-13 16:31:15.903000+09:00,0,0,0,,0,0,,,0,0,0,,0,0,,
40,2021-10-13 20:33:34.978000+09:00,0,0,0,,0,0,,,0,0,0,,0,0,,
40,2021-10-16 12:57:11.679000+09:00,0,0,0,,0,0,,,0,0,0,,0,0,,
40,2021-10-16 16:41:41.620000+09:00,0,0,0,,0,0,,,0,0,0,,0,0,,
40,2021-10-16 20:10:11.064000+09:00,0,0,0,,0,0,,,0,0,0,,0,0,,
40,2021-10-19 12:24:17.558000+09:00,0,0,0,,0,0,,,0,0,0,,0,0,,
40,2021-10-19 16:11:21.226000+09:00,0,0,0,,0,0,,,0,0,0,,0,0,,
40,2021-10-19 20:09:19.589000+09:00,0,0,0,,0,0,,,0,0,0,,0,0,,
40,2021-10-22 12:17:21.028000+09:00,0,0,0,,0,0,,,0,0,0,,0,0,,
40,2021-10-22 16:40:49.131000+09:00,0,0,0,,0,0,,,0,0,0,,0,0,,
40,2021-10-22 20:19:13.419000+09:00,0,0,0,,0,0,,,0,0,0,,0,0,,
40,2021-10-25 12:30:45.222000+09:00,0,0,0,,0,0,,,0,0,0,,0,0,,
40,2021-10-25 16:06:27.031000+09:00,0,0,0,,0,0,,,0,0,0,,0,0,,
40,2021-10-28 16:50:44.757000+09:00,0,0,0,,0,0,,,0,0,0,,0,0,,
40,2021-10-28 20:54:13.351000+09:00,0,0,0,,0,0,,,0,0,0,,0,0,,
40,2021-10-31 12:06:29.330000+09:00,0,0,0,,0,0,,,0,0,0,,0,0,,
40,2021-10-31 16:50:17.789000+09:00,0,0,0,,0,0,,,0,0,0,,0,0,,
40,2021-11-03 12:21:12.079000+09:00,0,0,0,,0,0,,,0,0,0,,0,0,,
40,2021-11-03 16:48:38.473000+09:00,0,0,0,,0,0,,,0,0,0,,0,0,,
40,2021-11-03 20:34:15.738000+09:00,0,0,0,,0,0,,,0,0,0,,0,0,,
40,2021-11-06 12:08:17.943000+09:00,0,0,0,,0,0,,,0,0,0,,0,0,,
40,2021-11-06 16:05:06.517000+09:00,0,0,0,,0,0,,,0,0,0,,0,0,,
40,2021-11-06 20:37:00.185000+09:00,0,0,0,,0,0,,,0,0,0,,0,0,,
40,2021-11-09 12:19:53.551000+09:00,0,0,0,,0,0,,,0,0,0,,0,0,,
40,2021-11-09 16:31:04.774000+09:00,0,0,0,,0,0,,,0,0,0,,0,0,,
40,2021-11-09 20:20:18.295000+09:00,0,0,0,,0,0,,,0,0,0,,0,0,,
40,2021-11-12 12:16:36.591000+09:00,0,0,0,,0,0,,,0,0,0,,0,0,,
40,2021-11-12 16:06:49.623000+09:00,0,0,0,,0,0,,,0,0,0,,0,0,,
40,2021-11-12 20:54:08.421000+09:00,0,0,0,,0,0,,,0,0,0,,0,0,,
40,2021-11-15 12:01:16.340000+09:00,0,0,0,,0,0,,,0,0,0,,0,0,,
40,2021-11-15 16:30:36.495000+09:00,0,0,0,,0,0,,,0,0,0,,0,0,,
40,2021-11-15 20:31:50.247000+09:00,0,0,0,,0,0,,,0,0,0,,0,0,,
40,2021-11-18 12:04:54.855000+09:00,0,0,0,,0,0,,,0,0,0,,0,0,,
40,2021-11-18 16:05:25.009000+09:00,0,0,0,,0,0,,,0,0,0,,0,0,,
40,2021-11-18 20:39:24.691000+09:00,0,0,0,,0,0,,,0,0,0,,0,0,,
40,2021-11-21 12:04:03.807000+09:00,0,0,0,,0,0,,,0,0,0,,0,0,,
40,2021-11-21 16:50:57.327000+09:00,0,0,0,,0,0,,,0,0,0,,0,0,,
40,2021-11-21 20:31:10.428000+09:00,0,0,0,,0,0,,,0,0,0,,0,0,,
40,2021-11-24 12:56:08.778000+09:00,0,0,0,,0,0,,,0,0,0,,0,0,,
40,2021-11-24 16:23:23.447000+09:00,0,0,0,,0,0,,,0,0,0,,0,0,,
40,2021-11-24 20:09:21.830000+09:00,0,0,0,,0,0,,,0,0,0,,0,0,,
40,2021-11-27 12:12:59.044000+09:00,0,0,0,,0,0,,,0,0,0,,0,0,,
40,2021-11-27 16:02:04.795000+09:00,0,0,0,,0,0,,,0,0,0,,0,0,,
40,2021-11-27 20:00:21.811000+09:00,0,0,0,,0,0,,,0,0,0,,0,0,,
40,2021-11-30 12:00:19.325000+09:00,0,0,0,,0,0,,,0,0,0,,0,0,,
40,2021-11-30 16:00:26.726000+09:00,0,0,0,,0,0,,,0,0,0,,0,0,,
40,2021-11-30 20:14:28.361000+09:00,0,0,0,,0,0,,,0,0,0,,0,0,,
40,2021-12-03 12:32:44.859000+09:00,0,0,0,,0,0,,,0,0,0,,0,0,,
40,2021-12-03 16:09:50.322000+09:00,0,0,0,,0,0,,,0,0,0,,0,0,,
40,2021-12-03 20:58:32.572000+09:00,0,0,0,,0,0,,,0,0,0,,0,0,,
40,2021-12-06 12:50:30.239000+09:00,0,0,0,,0,0,,,0,0,0,,0,0,,
40,2021-12-06 16:36:24.803000+09:00,0,0,0,,0,0,,,0,0,0,,0,0,,
40,2021-12-06 20:20:14.112000+09:00,0,0,0,,0,0,,,0,0,0,,0,0,,
40,2021-12-09 12:07:18.420000+09:00,0,0,0,,0,0,,,0,0,0,,0,0,,
40,2021-12-09 16:26:19.049000+09:00,0,0,0,,0,0,,,0,0,0,,0,0,,
40,2021-12-09 20:46:21.031000+09:00,0,0,0,,0,0,,,0,0,0,,0,0,,
40,2021-12-12 12:09:03.891000+09:00,0,0,0,,0,0,,,0,0,0,,0,0,,
40,2021-12-12 16:00:33.309000+09:00,0,0,0,,0,0,,,0,0,0,,0,0,,
40,2021-12-12 20:02:58.604000+09:00,0,0,0,,0,0,,,0,0,0,,0,0,,
42,2021-08-20 10:01:26.361000+09:00,0,0,0,,0,0,,,0,0,0,,0,0,,
42,2021-08-20 14:13:00.938000+09:00,0,0,0,,0,0,,,0,0,0,,0,0,,
42,2021-08-20 18:00:56.013000+09:00,0,0,0,,0,0,,,0,0,0,,0,0,,
42,2021-08-23 10:04:20.013000+09:00,0,0,0,,0,0,,,0,0,0,,0,0,,
42,2021-08-23 14:00:36.442000+09:00,0,0,0,,0,0,,,0,0,0,,0,0,,
42,2021-08-23 18:06:14.665000+09:00,0,0,0,,0,0,,,0,0,0,,0,0,,
42,2021-08-26 14:00:40.358000+09:00,0,0,0,,0,0,,,0,0,0,,0,0,,
42,2021-08-26 18:03:52.742000+09:00,0,0,0,,0,0,,,0,0,0,,0,0,,
42,2021-08-29 10:03:36.697000+09:00,0,0,0,,0,0,,,0,0,0,,0,0,,
42,2021-08-29 14:03:10.234000+09:00,0,0,0,,0,0,,,0,0,0,,0,0,,
42,2021-08-29 18:08:31.089000+09:00,0,0,0,,0,0,,,0,0,0,,0,0,,
42,2021-09-01 10:01:38.989000+09:00,0,0,0,,0,0,,,0,0,0,,0,0,,
42,2021-09-01 14:04:15.381000+09:00,0,0,0,,0,0,,,0,0,0,,0,0,,
42,2021-09-01 18:00:46.446000+09:00,0,0,0,,0,0,,,0,0,0,,0,0,,
42,2021-09-04 10:15:54.417000+09:00,0,0,0,,0,0,,,0,0,0,,0,0,,
42,2021-09-04 14:19:34.692000+09:00,0,0,0,,0,0,,,0,0,0,,0,0,,
42,2021-09-04 18:00:20.447000+09:00,0,0,0,,0,0,,,0,0,0,,0,0,,
42,2021-09-07 10:01:17.421000+09:00,0,0,0,,0,0,,,0,0,0,,0,0,,
42,2021-09-07 14:00:37.051000+09:00,0,0,0,,0,0,,,0,0,0,,0,0,,
42,2021-09-07 18:01:42.674000+09:00,0,0,0,,0,0,,,0,0,0,,0,0,,
42,2021-09-10 10:05:07.158000+09:00,0,0,0,,0,0,,,0,0,0,,0,0,,
42,2021-09-10 14:00:24.246000+09:00,0,0,0,,0,0,,,0,0,0,,0,0,,
42,2021-09-10 18:00:40.366000+09:00,0,0,0,,0,0,,,0,0,0,,0,0,,
42,2021-09-13 10:06:02.710000+09:00,0,0,0,,0,0,,,0,0,0,,0,0,,
42,2021-09-13 14:00:37.902000+09:00,0,0,0,,0,0,,,0,0,0,,0,0,,
42,2021-09-16 14:00:42.456000+09:00,0,0,0,,0,0,,,0,0,0,,0,0,,
42,2021-09-16 18:04:20.158000+09:00,0,0,0,,0,0,,,0,0,0,,0,0,,
42,2021-09-19 10:24:20.702000+09:00,0,0,0,,0,0,,,0,0,0,,0,0,,
42,2021-09-19 14:54:36.364000+09:00,0,0,0,,0,0,,,0,0,0,,0,0,,
42,2021-09-19 18:00:46.452000+09:00,0,0,0,,0,0,,,0,0,0,,0,0,,
42,2021-09-22 10:41:21.044000+09:00,0,0,0,,0,0,,,0,0,0,,0,0,,
42,2021-09-22 14:20:19.761000+09:00,0,0,0,,0,0,,,0,0,0,,0,0,,
42,2021-09-22 18:03:29.787000+09:00,0,0,0,,0,0,,,0,0,0,,0,0,,
42,2021-09-25 10:10:11.283000+09:00,0,0,0,,0,0,,,0,0,0,,0,0,,
42,2021-09-25 18:00:19.339000+09:00,0,0,0,,0,0,,,0,0,0,,0,0,,
42,2021-09-28 10:23:19.386000+09:00,0,0,0,,0,0,,,0,0,0,,0,0,,
42,2021-09-28 14:01:30.670000+09:00,0,0,0,,0,0,,,0,0,0,,0,0,,
42,2021-09-28 18:03:43.335000+09:00,0,0,0,,0,0,,,0,0,0,,0,0,,
42,2021-10-01 10:06:18.158000+09:00,0,0,0,,0,0,,,0,0,0,,0,0,,
42,2021-10-01 14:00:25.270000+09:00,0,0,0,,0,0,,,0,0,0,,0,0,,
42,2021-10-01 18:34:37.103000+09:00,0,0,0,,0,0,,,0,0,0,,0,0,,
42,2021-10-04 10:00:26.374000+09:00,0,0,0,,0,0,,,0,0,0,,0,0,,
42,2021-10-04 14:57:16.607000+09:00,0,0,0,,0,0,,,0,0,0,,0,0,,
42,2021-10-04 18:00:44.845000+09:00,0,0,0,,0,0,,,0,0,0,,0,0,,
42,2021-10-07 14:00:34.796000+09:00,0,0,0,,0,0,,,0,0,0,,0,0,,
42,2021-10-07 18:22:00.268000+09:00,0,0,0,,0,0,,,0,0,0,,0,0,,
42,2021-10-10 10:00:26.817000+09:00,0,0,0,,0,0,,,0,0,0,,0,0,,
42,2021-10-10 14:49:04.890000+09:00,0,0,0,,0,0,,,0,0,0,,0,0,,
42,2021-10-10 18:17:15.945000+09:00,0,0,0,,0,0,,,0,0,0,,0,0,,
42,2021-10-13 10:02:39.373000+09:00,0,0,0,,0,0,,,0,0,0,,0,0,,
42,2021-10-13 14:00:31.784000+09:00,0,0,0,,0,0,,,0,0,0,,0,0,,
42,2021-10-13 18:03:29.673000+09:00,0,0,0,,0,0,,,0,0,0,,0,0,,
42,2021-10-16 14:17:39.654000+09:00,0,0,0,,0,0,,,0,0,0,,0,0,,
42,2021-10-16 18:17:50.120000+09:00,0,0,0,,0,0,,,0,0,0,,0,0,,
42,2021-10-19 10:01:51.706000+09:00,0,0,0,,0,0,,,0,0,0,,0,0,,
42,2021-10-19 14:29:48.219000+09:00,0,0,0,,0,0,,,0,0,0,,0,0,,
42,2021-10-19 18:05:46.203000+09:00,0,0,0,,0,0,,,0,0,0,,0,0,,
42,2021-10-22 10:30:08.985000+09:00,0,0,0,,0,0,,,0,0,0,,0,0,,
42,2021-10-22 14:07:25.695000+09:00,0,0,0,,0,0,,,0,0,0,,0,0,,
42,2021-10-22 18:00:24.073000+09:00,0,0,0,,0,0,,,0,0,0,,0,0,,
42,2021-10-25 10:19:35.511000+09:00,0,0,0,,0,0,,,0,0,0,,0,0,,
42,2021-10-28 10:42:36.470000+09:00,0,0,0,,0,0,,,0,0,0,,0,0,,
42,2021-10-28 14:15:12.551000+09:00,0,0,0,,0,0,,,0,0,0,,0,0,,
42,2021-10-28 18:04:40.555000+09:00,0,0,0,,0,0,,,0,0,0,,0,0,,
42,2021-10-31 10:22:35.510000+09:00,0,0,0,,0,0,,,0,0,0,,0,0,,
42,2021-10-31 14:02:54.336000+09:00,0,0,0,,0,0,,,0,0,0,,0,0,,
42,2021-10-31 18:11:30.881000+09:00,0,0,0,,0,0,,,0,0,0,,0,0,,
42,2021-11-03 10:00:38.543000+09:00,0,0,0,,0,0,,,0,0,0,,0,0,,
42,2021-11-03 14:22:26.242000+09:00,0,0,0,,0,0,,,0,0,0,,0,0,,
42,2021-11-03 18:06:41.746000+09:00,0,0,0,,0,0,,,0,0,0,,0,0,,
42,2021-11-06 10:01:23.299000+09:00,0,0,0,,0,0,,,0,0,0,,0,0,,
42,2021-11-06 14:20:32.965000+09:00,0,0,0,,0,0,,,0,0,0,,0,0,,
42,2021-11-09 14:06:07.455000+09:00,0,0,0,,0,0,,,0,0,0,,0,0,,
42,2021-11-09 18:01:29.235000+09:00,0,0,0,,0,0,,,0,0,0,,0,0,,
42,2021-11-12 14:05:20.170000+09:00,0,0,0,,0,0,,,0,0,0,,0,0,,
42,2021-11-12 18:52:54.721000+09:00,0,0,0,,0,0,,,0,0,0,,0,0,,
42,2021-11-15 14:00:27.064000+09:00,0,0,0,,0,0,,,0,0,0,,0,0,,
42,2021-11-15 18:56:47.721000+09:00,0,0,0,,0,0,,,0,0,0,,0,0,,
42,2021-11-18 10:02:05.620000+09:00,0,0,0,,0,0,,,0,0,0,,0,0,,
42,2021-11-18 14:51:31.567000+09:00,0,0,0,,0,0,,,0,0,0,,0,0,,
42,2021-11-21 10:01:03.705000+09:00,0,0,0,,0,0,,,0,0,0,,0,0,,
