pid,timestamp,UNLOCK_STATE#unlock_count#4HR,UNLOCK_STATE#lock_count#4HR,UNLOCK_STATE#entropy#4HR,UNLOCK_STATE#normalized_entropy#4HR,UNLOCK_STATE#total_duration#4HR,UNLOCK_STATE#mean_duration#4HR
6,2021-08-20 12:00:35.909000+09:00,10,10,1.0,0.2313782131597591,10541.408,1054.1408
6,2021-08-20 16:00:50.097000+09:00,11,11,1.0,0.2242438242175754,8464.748000000001,769.5225454545456
6,2021-08-20 20:00:38.884000+09:00,10,9,0.9980008838722996,0.2349383036113225,10283.438000000002,1028.3438
6,2021-08-23 12:00:30.315000+09:00,6,6,1.0,0.2789429456511298,3967.742,661.2903333333334
6,2021-08-23 16:00:37.721000+09:00,9,8,0.9975025463691152,0.2440395387335149,11089.506,1232.167333333333
6,2021-08-23 20:00:57.442000+09:00,10,9,0.9980008838722996,0.2349383036113225,9395.063,939.5063
6,2021-08-26 12:00:49.929000+09:00,10,10,1.0,0.2313782131597591,7897.107999999999,789.7108
6,2021-08-26 16:10:12.979000+09:00,13,12,0.9988455359952018,0.2150896787446934,7950.498,611.5767692307692
6,2021-08-29 10:00:52.708000+09:00,4,3,0.9852281360342516,0.3509453429964405,2024.205,506.05125
6,2021-08-29 14:02:33.617000+09:00,19,19,1.0,0.1905514124267734,6973.905000000001,367.0476315789474
6,2021-08-29 18:00:27.743000+09:00,0,1,0.0,0.0,0.0,506.05125
6,2021-09-01 10:26:50.709000+09:00,0,0,1.0,0.0,0.0,506.05125
6,2021-09-01 14:23:10.563000+09:00,5,4,0.9910760598382222,0.3126496871021503,351.34200000000004,70.26840000000001
6,2021-09-01 18:01:40.953000+09:00,15,14,0.9991421039919088,0.2056702372845884,3515.470999999999,234.36473333333328
6,2021-09-04 10:08:27.567000+09:00,0,0,1.0,0.0,0.0,506.05125
6,2021-09-04 14:00:56.412000+09:00,12,12,1.0,0.2181042919855315,7327.832,610.6526666666667
6,2021-09-04 18:03:17.624000+09:00,18,18,1.0,0.1934264036172708,5988.536,332.69644444444447
6,2021-09-07 10:01:17.259000+09:00,16,15,0.9992492479956564,0.2016975479757734,5141.227,321.3266875
6,2021-09-07 14:00:38.511000+09:00,12,11,0.9986359641585718,0.2207631892432481,6461.407,538.4505833333334
6,2021-09-07 18:00:31.508000+09:00,6,5,0.9940302114769564,0.2873391704353197,10621.028,1770.1713333333337
6,2021-09-10 10:14:24.916000+09:00,11,10,0.998363672593813,0.2272977056294367,4561.041,414.6400909090909
6,2021-09-10 14:01:53.146000+09:00,12,12,1.0,0.2181042919855315,7945.224,662.102
6,2021-09-10 18:55:05.097000+09:00,9,10,0.9980008838722996,0.2349383036113225,4343.088000000001,482.5653333333334
6,2021-09-13 10:00:54.595000+09:00,3,2,0.9709505944546686,0.4181656600790516,925.449,308.483
6,2021-09-13 14:06:09.193000+09:00,23,22,0.999643749677856,0.1820230315967373,7911.931,343.997
6,2021-09-13 18:06:58.054000+09:00,11,10,0.998363672593813,0.2272977056294367,8806.497,800.5906363636363
6,2021-09-16 10:00:39.984000+09:00,2,1,0.9182958340544896,0.579380164285695,1016.631,508.3155
6,2021-09-16 14:00:38.651000+09:00,22,21,0.999609836367807,0.1842169303481922,5112.570000000001,232.38954545454547
6,2021-09-16 18:00:47.630000+09:00,18,17,0.9994110647387552,0.1948442036512952,4835.781,268.6545
6,2021-09-19 10:50:22.638000+09:00,0,0,1.0,0.0,0.0,506.05125
6,2021-09-19 14:31:05.593000+09:00,0,0,1.0,0.0,0.0,506.05125
6,2021-09-19 18:01:23.837000+09:00,8,7,0.9967916319816366,0.2551368172689722,4609.137,576.142125
6,2021-09-22 10:32:10.942000+09:00,0,0,1.0,0.0,0.0,506.05125
6,2021-09-22 14:15:11.747000+09:00,5,5,1.0,0.3010299956639812,7362.534,1472.5068
6,2021-09-22 18:00:25.372000+09:00,8,8,1.0,0.25,5979.996,747.4995
6,2021-09-25 10:30:41.959000+09:00,1,0,0.0,0.0,26.268,26.268
6,2021-09-25 14:16:13.899000+09:00,8,7,0.9967916319816366,0.2551368172689722,9176.096,1147.012
6,2021-09-25 18:56:00.374000+09:00,4,4,1.0,0.3333333333333333,13951.042,3487.7605
6,2021-09-28 10:01:19.329000+09:00,1,0,0.0,0.0,10368.594,10368.594
6,2021-09-28 14:07:20.208000+09:00,14,13,0.9990102708804812,0.2101017680073257,5867.468000000001,419.1048571428572
6,2021-09-28 18:06:05.469000+09:00,19,18,0.9994730201859836,0.1918575616359922,6936.587,365.0835263157895
6,2021-10-01 10:00:52.106000+09:00,0,0,1.0,0.0,0.0,506.05125
6,2021-10-01 14:06:08.629000+09:00,19,19,1.0,0.1905514124267734,5303.127,279.11194736842106
6,2021-10-01 18:53:12.115000+09:00,9,9,1.0,0.2398124665681314,4975.441,552.8267777777778
6,2021-10-04 10:32:58.806000+09:00,1,0,0.0,0.0,483.947,483.947
6,2021-10-04 14:29:46.280000+09:00,5,4,0.9910760598382222,0.3126496871021503,11538.857,2307.7714
6,2021-10-04 18:33:37.793000+09:00,1,1,1.0,1.0,4233.617,4233.617
6,2021-10-07 10:01:40.726000+09:00,10,9,0.9980008838722996,0.2349383036113225,3431.35,343.135
6,2021-10-07 14:06:59.699000+09:00,10,9,0.9980008838722996,0.2349383036113225,4347.942,434.7942
6,2021-10-07 18:11:51.985000+09:00,7,6,0.9957274520849256,0.2690835489640477,2123.945,303.42071428571427
6,2021-10-10 14:00:47.371000+09:00,0,0,1.0,0.0,0.0,506.05125
6,2021-10-10 18:00:38.484000+09:00,7,7,1.0,0.2626495350371935,11322.652,1617.5217142857143
6,2021-10-13 10:00:31.252000+09:00,0,0,1.0,0.0,0.0,506.05125
6,2021-10-13 14:46:47.777000+09:00,6,5,0.9940302114769564,0.2873391704353197,2345.976,390.9959999999999
6,2021-10-13 18:03:31.353000+09:00,7,6,0.9957274520849256,0.2690835489640477,4715.714,673.6734285714285
6,2021-10-16 10:42:47.029000+09:00,3,3,1.0,0.3868528072345416,2584.228,861.4093333333334
6,2021-10-16 14:03:03.700000+09:00,3,3,1.0,0.3868528072345416,10745.56,3581.853333333334
6,2021-10-16 18:24:47.910000+09:00,13,12,0.9988455359952018,0.2150896787446934,7530.353999999998,579.2579999999999
6,2021-10-19 10:51:54.763000+09:00,3,2,0.9709505944546686,0.4181656600790516,822.444,274.148
6,2021-10-19 14:01:13.817000+09:00,11,10,0.998363672593813,0.2272977056294367,2754.205,250.38227272727272
6,2021-10-22 10:06:46.662000+09:00,0,0,1.0,0.0,0.0,506.05125
6,2021-10-22 14:01:10.998000+09:00,19,18,0.9994730201859836,0.1918575616359922,5041.688,265.35200000000003
6,2021-10-22 18:12:15.091000+09:00,11,10,0.998363672593813,0.2272977056294367,8902.860999999999,809.3509999999999
6,2021-10-25 10:15:59.077000+09:00,3,2,0.9709505944546686,0.4181656600790516,1246.1090000000002,415.3696666666667
6,2021-10-25 14:10:21.841000+09:00,23,22,0.999643749677856,0.1820230315967373,3260.109,141.74386956521738
6,2021-10-25 18:03:59.534000+09:00,8,7,0.9967916319816366,0.2551368172689722,7333.913,916.739125
6,2021-10-28 10:00:41.897000+09:00,4,4,1.0,0.3333333333333333,1746.651,436.66275
6,2021-10-28 14:04:49.091000+09:00,9,9,1.0,0.2398124665681314,2457.388,273.0431111111111
6,2021-10-28 18:16:07.997000+09:00,24,24,1.0,0.1790522317510413,3902.253,162.593875
6,2021-10-31 10:02:50.816000+09:00,0,0,1.0,0.0,0.0,506.05125
6,2021-10-31 14:09:32.738000+09:00,6,6,1.0,0.2789429456511298,4885.242,814.207
6,2021-11-03 10:47:49.804000+09:00,10,9,0.9980008838722996,0.2349383036113225,1444.5769999999998,144.4577
6,2021-11-03 14:06:39.352000+09:00,13,12,0.9988455359952018,0.2150896787446934,4305.848,331.2190769230769
6,2021-11-03 18:00:46.501000+09:00,10,9,0.9980008838722996,0.2349383036113225,8679.545,867.9545
6,2021-11-06 14:52:25.016000+09:00,0,0,1.0,0.0,0.0,506.05125
6,2021-11-06 18:00:40.894000+09:00,4,4,1.0,0.3333333333333333,886.02,221.505
6,2021-11-09 10:08:34.066000+09:00,0,0,1.0,0.0,0.0,506.05125
6,2021-11-09 18:00:24.568000+09:00,4,4,1.0,0.3333333333333333,3352.094,838.0235
6,2021-11-12 14:44:07.726000+09:00,11,10,0.998363672593813,0.2272977056294367,4013.8650000000007,364.8968181818182
6,2021-11-12 18:00:30.318000+09:00,9,9,1.0,0.2398124665681314,4650.584999999999,516.7316666666666
6,2021-11-15 10:15:25.131000+09:00,0,0,1.0,0.0,0.0,506.05125
6,2021-11-15 14:00:48.905000+09:00,8,7,0.9967916319816366,0.2551368172689722,3398.288,424.786
6,2021-11-15 18:01:57.866000+09:00,10,9,0.9980008838722996,0.2349383036113225,4695.026,469.5026
6,2021-11-17 19:32:20.002000+09:00,17,17,1.0,0.1965616322328226,4660.019,274.1187647058824
6,2021-11-18 10:52:10.270000+09:00,0,0,1.0,0.0,0.0,506.05125
6,2021-11-18 14:04:13.659000+09:00,6,5,0.9940302114769564,0.2873391704353197,7825.183999999999,1304.1973333333333
6,2021-11-18 18:01:03.907000+09:00,6,6,1.0,0.2789429456511298,999.467,166.57783333333333
6,2021-11-21 14:03:01.998000+09:00,0,0,1.0,0.0,0.0,506.05125
6,2021-11-21 18:04:02.344000+09:00,8,7,0.9967916319816366,0.2551368172689722,7558.163,944.770375
14,2021-09-13 20:26:52.218000+09:00,6,5,0.9940302114769564,0.2873391704353197,3288.456,548.0759999999999
14,2021-09-16 12:09:20.221000+09:00,0,0,1.0,0.0,0.0,232.38289285714288
14,2021-09-16 16:27:39.925000+09:00,20,19,0.999525689293649,0.1891106197607057,1958.477,97.92385
14,2021-09-16 20:11:52.898000+09:00,10,9,0.9980008838722996,0.2349383036113225,3781.388,378.1388
14,2021-09-19 12:00:53.323000+09:00,20,19,0.999525689293649,0.1891106197607057,1159.775,57.98875
14,2021-09-19 16:31:01.374000+09:00,52,51,0.9999320050095964,0.1495448928695189,3683.9810000000007,70.84578846153848
14,2021-09-19 20:37:01.031000+09:00,11,10,0.998363672593813,0.2272977056294367,1935.68,175.9709090909091
14,2021-09-22 12:03:59.441000+09:00,3,2,0.9709505944546686,0.4181656600790516,63.587,21.195666666666668
14,2021-09-22 16:43:35.723000+09:00,9,8,0.9975025463691152,0.2440395387335149,2391.494,265.7215555555556
14,2021-09-22 20:00:34.311000+09:00,13,12,0.9988455359952018,0.2150896787446934,2216.5730000000003,170.5056153846154
14,2021-09-25 16:46:19.929000+09:00,0,0,1.0,0.0,0.0,232.38289285714288
14,2021-09-25 20:00:52.113000+09:00,15,15,1.0,0.2037950470905062,2600.393,173.35953333333333
14,2021-09-28 12:00:46.438000+09:00,6,5,0.9940302114769564,0.2873391704353197,149.548,24.924666666666667
14,2021-09-28 16:01:05.681000+09:00,25,24,0.9996995428565172,0.1780500810570478,6752.503000000002,270.1001200000001
14,2021-09-28 20:00:45.402000+09:00,10,9,0.9980008838722996,0.2349383036113225,2394.002,239.4002
14,2021-10-01 12:03:54.135000+09:00,19,18,0.9994730201859836,0.1918575616359922,2073.8160000000003,109.1482105263158
14,2021-10-01 16:00:36.963000+09:00,39,38,0.999878332299006,0.1595520009826492,6101.544,156.44984615384615
14,2021-10-01 20:40:11.621000+09:00,13,12,0.9988455359952018,0.2150896787446934,6098.450999999999,469.1116153846153
14,2021-10-04 12:01:14.932000+09:00,5,5,1.0,0.3010299956639812,1438.0600000000002,287.612
14,2021-10-04 16:42:43.220000+09:00,4,4,1.0,0.3333333333333333,2155.241,538.81025
14,2021-10-07 12:00:36.698000+09:00,5,4,0.9910760598382222,0.3126496871021503,1810.304,362.0608
14,2021-10-07 16:00:54.392000+09:00,13,12,0.9988455359952018,0.2150896787446934,2889.4230000000007,222.26330769230773
14,2021-10-07 20:01:02.801000+09:00,27,26,0.999743186071085,0.1745385945914508,2873.438000000001,106.42362962962964
14,2021-10-10 12:21:37.384000+09:00,9,8,0.9975025463691152,0.2440395387335149,481.25,53.47222222222222
14,2021-10-10 16:10:55.554000+09:00,11,10,0.998363672593813,0.2272977056294367,2051.712,186.51927272727272
14,2021-10-10 20:00:20.497000+09:00,11,10,0.998363672593813,0.2272977056294367,5165.477,469.58881818181817
14,2021-10-13 12:16:01.070000+09:00,2,1,0.9182958340544896,0.579380164285695,5170.479,2585.2395
14,2021-10-13 16:01:00.597000+09:00,14,13,0.9990102708804812,0.2101017680073257,496.3,35.45
14,2021-10-13 20:00:48.546000+09:00,37,36,0.9998646331239298,0.1615335981840565,6045.971,163.4046216216216
14,2021-10-16 16:31:45.816000+09:00,3,2,0.9709505944546686,0.4181656600790516,320.435,106.81166666666668
14,2021-10-16 20:00:36.036000+09:00,6,5,0.9940302114769564,0.2873391704353197,4821.32,803.5533333333333
14,2021-10-19 16:00:25.633000+09:00,4,3,0.9852281360342516,0.3509453429964405,4412.553,1103.13825
14,2021-10-19 20:00:34.341000+09:00,28,27,0.9997615248696312,0.1729284414755983,6506.7210000000005,232.38289285714288
14,2021-10-22 12:00:25.139000+09:00,1,1,1.0,1.0,41.732,41.732
14,2021-10-22 16:26:41.206000+09:00,17,17,1.0,0.1965616322328226,2048.267,120.48629411764703
14,2021-10-22 20:59:47.879000+09:00,6,5,0.9940302114769564,0.2873391704353197,3216.229,536.0381666666666
14,2021-10-25 12:17:22.723000+09:00,9,8,0.9975025463691152,0.2440395387335149,1810.335,201.1483333333333
14,2021-10-25 16:00:18.547000+09:00,17,16,0.9993375041688848,0.1981085300876491,5755.037,338.5315882352941
14,2021-10-25 20:06:20.713000+09:00,13,12,0.9988455359952018,0.2150896787446934,6993.918,537.9936923076923
14,2021-10-28 12:01:31.164000+09:00,4,3,0.9852281360342516,0.3509453429964405,2400.876,600.2189999999999
14,2021-10-28 16:00:53.869000+09:00,44,43,0.9999046950184836,0.1551937706209491,8207.836,186.5417272727273
14,2021-10-28 20:00:29.439000+09:00,13,12,0.9988455359952018,0.2150896787446934,2779.023,213.771
14,2021-10-31 16:01:05.523000+09:00,5,4,0.9910760598382222,0.3126496871021503,5310.15,1062.03
14,2021-11-03 12:04:23.817000+09:00,2,1,0.9182958340544896,0.579380164285695,62.774,31.387
14,2021-11-03 16:05:29.684000+09:00,10,10,1.0,0.2313782131597591,5108.957,510.8957
14,2021-11-03 20:01:13.895000+09:00,7,6,0.9957274520849256,0.2690835489640477,3551.86,507.4085714285714
14,2021-11-06 12:15:12.486000+09:00,1,0,0.0,0.0,48.246,48.246
14,2021-11-06 16:18:51.855000+09:00,25,24,0.9996995428565172,0.1780500810570478,6059.665,242.3866
14,2021-11-06 20:00:36.833000+09:00,29,28,0.9997779672118906,0.1714035349173401,3840.877,132.44403448275864
14,2021-11-09 12:00:37.523000+09:00,0,0,1.0,0.0,0.0,232.38289285714288
14,2021-11-09 16:15:31.724000+09:00,13,12,0.9988455359952018,0.2150896787446934,4428.216,340.632
14,2021-11-09 20:20:53.645000+09:00,4,3,0.9852281360342516,0.3509453429964405,1158.417,289.60425000000004
14,2021-11-12 12:01:20.022000+09:00,6,5,0.9940302114769564,0.2873391704353197,3268.639,544.7731666666667
14,2021-11-12 16:12:05.830000+09:00,4,3,0.9852281360342516,0.3509453429964405,1039.089,259.77225
14,2021-11-12 20:11:39.272000+09:00,12,11,0.9986359641585718,0.2207631892432481,6118.676,509.8896666666666
14,2021-11-15 16:10:37.537000+09:00,13,12,0.9988455359952018,0.2150896787446934,4722.453999999999,363.2656923076922
14,2021-11-15 20:03:14.310000+09:00,17,16,0.9993375041688848,0.1981085300876491,2040.557,120.03276470588236
14,2021-11-18 12:01:37.009000+09:00,6,6,1.0,0.2789429456511298,1163.727,193.9545
14,2021-11-18 16:54:51.845000+09:00,5,5,1.0,0.3010299956639812,1829.921,365.9842
14,2021-11-18 20:20:58.366000+09:00,10,9,0.9980008838722996,0.2349383036113225,3252.4400000000005,325.244
14,2021-11-21 12:55:52.399000+09:00,21,20,0.9995708393473224,0.1865723073683122,4044.421,192.5914761904762
14,2021-11-21 16:02:23.526000+09:00,18,17,0.9994110647387552,0.1948442036512952,2090.069,116.11494444444445
20,2021-08-20 12:26:04.482000+09:00,13,12,0.9988455359952018,0.2150896787446934,702.5400000000001,54.04153846153847
20,2021-08-20 16:01:02.607000+09:00,18,17,0.9994110647387552,0.1948442036512952,1161.433,64.52405555555555
20,2021-08-20 20:14:09.943000+09:00,29,28,0.9997779672118906,0.1714035349173401,2180.627,75.19403448275862
20,2021-08-23 12:35:11.227000+09:00,11,11,1.0,0.2242438242175754,676.569,61.50627272727272
20,2021-08-23 16:00:39.340000+09:00,21,20,0.9995708393473224,0.1865723073683122,1578.4750000000004,75.16547619047621
20,2021-08-23 20:18:58.423000+09:00,23,22,0.999643749677856,0.1820230315967373,1907.674,82.94234782608696
20,2021-08-26 12:02:52.812000+09:00,29,29,1.0,0.1707072796637201,1195.641,41.229
20,2021-08-26 16:25:05.397000+09:00,27,26,0.999743186071085,0.1745385945914508,1367.1839999999995,50.63644444444444
20,2021-08-26 20:09:32.838000+09:00,35,34,0.9998484829291058,0.1636808512438137,1401.4619999999998,40.04177142857142
20,2021-08-29 12:12:01.249000+09:00,6,5,0.9940302114769564,0.2873391704353197,353.514,58.919
20,2021-08-29 16:02:35.431000+09:00,27,26,0.999743186071085,0.1745385945914508,1540.5259999999998,57.05651851851852
20,2021-08-29 20:01:44.392000+09:00,10,9,0.9980008838722996,0.2349383036113225,12825.634,1282.5634
20,2021-09-01 12:19:21.392000+09:00,18,18,1.0,0.1934264036172708,1042.211,57.90061111111111
20,2021-09-01 16:02:11.022000+09:00,18,17,0.9994110647387552,0.1948442036512952,659.706,36.650333333333336
20,2021-09-01 20:00:39.294000+09:00,7,6,0.9957274520849256,0.2690835489640477,9397.351,1342.4787142857142
20,2021-09-04 12:08:02.263000+09:00,9,9,1.0,0.2398124665681314,1154.7690000000002,128.3076666666667
20,2021-09-04 16:00:33.297000+09:00,7,7,1.0,0.2626495350371935,523.548,74.79257142857143
20,2021-09-04 20:05:57.629000+09:00,7,6,0.9957274520849256,0.2690835489640477,287.644,41.092
20,2021-09-07 12:05:51.949000+09:00,18,17,0.9994110647387552,0.1948442036512952,1214.309,67.46161111111111
20,2021-09-07 16:01:19.707000+09:00,13,13,1.0,0.2127460535533631,476.865,36.68192307692307
20,2021-09-07 20:12:05.981000+09:00,22,22,1.0,0.1831692509136336,1304.9279999999997,59.31490909090908
20,2021-09-10 12:51:52.327000+09:00,9,8,0.9975025463691152,0.2440395387335149,499.961,55.55122222222222
20,2021-09-10 16:24:40.964000+09:00,3,2,0.9709505944546686,0.4181656600790516,182.931,60.977
20,2021-09-10 20:05:39.494000+09:00,31,30,0.999806132804711,0.1685804101409691,2726.367,87.94732258064515
20,2021-09-13 12:20:42.898000+09:00,10,10,1.0,0.2313782131597591,551.667,55.166700000000006
20,2021-09-13 16:01:26.816000+09:00,9,8,0.9975025463691152,0.2440395387335149,406.317,45.14633333333333
20,2021-09-13 20:04:02.305000+09:00,24,23,0.9996734260048916,0.1799725331071017,1928.558,80.35658333333333
20,2021-09-16 12:33:20.002000+09:00,13,12,0.9988455359952018,0.2150896787446934,428.2300000000001,32.940769230769234
20,2021-09-16 16:03:33.345000+09:00,14,13,0.9990102708804812,0.2101017680073257,234.797,16.771214285714287
20,2021-09-16 20:09:18.984000+09:00,24,23,0.9996734260048916,0.1799725331071017,1020.661,42.52754166666667
20,2021-09-19 12:21:12.365000+09:00,9,8,0.9975025463691152,0.2440395387335149,312.051,34.672333333333334
20,2021-09-19 16:07:53.868000+09:00,20,19,0.999525689293649,0.1891106197607057,904.628,45.2314
20,2021-09-22 12:47:23.983000+09:00,10,9,0.9980008838722996,0.2349383036113225,5015.530999999999,501.5530999999999
20,2021-09-22 16:00:27.725000+09:00,17,16,0.9993375041688848,0.1981085300876491,6532.504,384.2649411764706
20,2021-09-22 20:01:17.249000+09:00,8,7,0.9967916319816366,0.2551368172689722,324.495,40.561875
20,2021-09-25 12:14:04.971000+09:00,6,5,0.9940302114769564,0.2873391704353197,2639.003,439.8338333333333
20,2021-09-25 16:01:02.938000+09:00,37,36,0.9998646331239298,0.1615335981840565,2083.847,56.32018918918919
20,2021-09-25 20:12:51.084000+09:00,12,11,0.9986359641585718,0.2207631892432481,1006.688,83.89066666666666
20,2021-09-28 12:28:43.580000+09:00,5,5,1.0,0.3010299956639812,177.30100000000002,35.4602
20,2021-09-28 16:02:00.557000+09:00,11,11,1.0,0.2242438242175754,599.7819999999999,54.52563636363636
20,2021-09-28 20:22:19.980000+09:00,18,18,1.0,0.1934264036172708,4082.907,226.82816666666668
20,2021-10-01 12:00:32.661000+09:00,17,16,0.9993375041688848,0.1981085300876491,1059.515,62.32441176470587
20,2021-10-01 16:00:36.330000+09:00,32,31,0.999818246960343,0.1672697714941402,1981.8309999999997,61.93221874999998
20,2021-10-01 20:04:09.134000+09:00,34,33,0.9998393017810484,0.1648243654830925,3061.806,90.05311764705883
20,2021-10-04 12:01:31.322000+09:00,0,0,1.0,0.0,0.0,55.55122222222222
20,2021-10-04 16:07:33.416000+09:00,11,10,0.998363672593813,0.2272977056294367,8443.917,767.6288181818181
20,2021-10-04 20:01:32.775000+09:00,9,8,0.9975025463691152,0.2440395387335149,465.5120000000003,51.72355555555559
20,2021-10-07 12:01:51.314000+09:00,0,0,1.0,0.0,0.0,55.55122222222222
20,2021-10-07 16:00:18.786000+09:00,20,20,1.0,0.1879018247091075,355.95000000000005,17.797500000000003
20,2021-10-07 20:11:36.334000+09:00,23,22,0.999643749677856,0.1820230315967373,708.534,30.80582608695652
20,2021-10-10 12:00:59.842000+09:00,35,34,0.9998484829291058,0.1636808512438137,1342.655,38.36157142857143
20,2021-10-10 16:00:29.054000+09:00,18,17,0.9994110647387552,0.1948442036512952,595.9819999999999,33.1101111111111
20,2021-10-10 20:12:42.919000+09:00,17,16,0.9993375041688848,0.1981085300876491,1733.4,101.96470588235292
20,2021-10-13 12:02:58.104000+09:00,9,9,1.0,0.2398124665681314,771.115,85.67944444444444
20,2021-10-13 16:01:00.574000+09:00,15,14,0.9991421039919088,0.2056702372845884,743.7499999999999,49.58333333333333
20,2021-10-13 20:00:37.601000+09:00,8,8,1.0,0.25,392.085,49.010625
20,2021-10-16 12:22:33.505000+09:00,34,34,1.0,0.1642720499620502,1853.806,54.523705882352935
20,2021-10-16 16:13:24.616000+09:00,21,20,0.9995708393473224,0.1865723073683122,879.4470000000001,41.87842857142858
20,2021-10-16 20:01:39.614000+09:00,19,18,0.9994730201859836,0.1918575616359922,9054.316,476.5429473684211
20,2021-10-19 12:23:45.266000+09:00,0,0,1.0,0.0,0.0,55.55122222222222
20,2021-10-19 16:10:03.534000+09:00,29,29,1.0,0.1707072796637201,1153.3629999999998,39.77113793103448
20,2021-10-19 20:00:42.360000+09:00,22,21,0.999609836367807,0.1842169303481922,962.626,43.75572727272727
20,2021-10-22 12:21:01.488000+09:00,10,9,0.9980008838722996,0.2349383036113225,398.496,39.8496
20,2021-10-22 20:31:35.980000+09:00,9,9,1.0,0.2398124665681314,372.161,41.35122222222222
20,2021-10-25 12:07:11.871000+09:00,4,3,0.9852281360342516,0.3509453429964405,12951.744,3237.936
20,2021-10-25 16:02:32.182000+09:00,19,18,0.9994730201859836,0.1918575616359922,834.5770000000001,43.9251052631579
20,2021-10-25 20:00:15.969000+09:00,26,26,1.0,0.1754250635819545,1357.371,52.20657692307692
20,2021-10-28 12:29:38.257000+09:00,0,0,1.0,0.0,0.0,55.55122222222222
20,2021-10-28 16:09:57.144000+09:00,8,8,1.0,0.25,144.269,18.033625
20,2021-10-28 20:00:38.841000+09:00,28,27,0.9997615248696312,0.1729284414755983,2286.081,81.64574999999999
20,2021-10-31 12:00:42.235000+09:00,0,0,1.0,0.0,0.0,55.55122222222222
20,2021-10-31 16:23:40.594000+09:00,12,11,0.9986359641585718,0.2207631892432481,912.205,76.01708333333333
20,2021-10-31 20:03:02.988000+09:00,21,21,1.0,0.1854490234153689,4150.304,197.6335238095238
20,2021-11-03 12:18:10.482000+09:00,16,16,1.0,0.2,343.278,21.454875
20,2021-11-03 16:12:57.508000+09:00,16,15,0.9992492479956564,0.2016975479757734,725.691,45.3556875
20,2021-11-03 20:11:51.956000+09:00,17,16,0.9993375041688848,0.1981085300876491,1166.3189999999995,68.60699999999999
20,2021-11-06 12:53:04.947000+09:00,0,0,1.0,0.0,0.0,55.55122222222222
20,2021-11-06 16:00:23.927000+09:00,41,40,0.9998900524545518,0.1577150960984255,1784.2390000000005,43.51802439024391
20,2021-11-06 20:02:17.095000+09:00,14,13,0.9990102708804812,0.2101017680073257,4508.073000000001,322.0052142857144
20,2021-11-09 12:17:08.387000+09:00,0,0,1.0,0.0,0.0,55.55122222222222
20,2021-11-09 16:02:07.744000+09:00,12,12,1.0,0.2181042919855315,580.0760000000001,48.33966666666668
20,2021-11-09 20:01:45.603000+09:00,23,22,0.999643749677856,0.1820230315967373,1350.525,58.71847826086957
20,2021-11-12 12:00:20.837000+09:00,0,0,1.0,0.0,0.0,55.55122222222222
20,2021-11-12 16:02:00.578000+09:00,14,13,0.9990102708804812,0.2101017680073257,517.105,36.93607142857143
20,2021-11-15 12:45:53.386000+09:00,4,3,0.9852281360342516,0.3509453429964405,121.777,30.44425
20,2021-11-15 20:04:32.932000+09:00,10,9,0.9980008838722996,0.2349383036113225,3395.859,339.5859
20,2021-11-21 12:09:31.579000+09:00,0,0,1.0,0.0,0.0,55.55122222222222
20,2022-01-04 10:20:24.730000+09:00,0,0,1.0,0.0,0.0,55.55122222222222
20,2022-01-04 18:22:20.193000+09:00,11,10,0.998363672593813,0.2272977056294367,690.976,62.816
21,2021-08-17 10:02:29.840000+09:00,4,3,0.9852281360342516,0.3509453429964405,11123.896,2780.974
21,2021-08-17 14:01:30.903000+09:00,19,18,0.9994730201859836,0.1918575616359922,4867.442999999999,256.18121052631574
21,2021-08-17 18:50:20.811000+09:00,15,15,1.0,0.2037950470905062,5931.954,395.4636
21,2021-08-20 18:25:07.205000+09:00,14,13,0.9990102708804812,0.2101017680073257,4319.175,308.5125
21,2021-08-23 10:04:01.827000+09:00,9,9,1.0,0.2398124665681314,8344.895999999999,927.2106666666664
21,2021-08-23 14:05:12.319000+09:00,10,10,1.0,0.2313782131597591,5164.700999999999,516.4700999999999
21,2021-08-23 18:00:36.570000+09:00,3,3,1.0,0.3868528072345416,12730.589,4243.529666666666
21,2021-08-26 10:03:26.974000+09:00,19,18,0.9994730201859836,0.1918575616359922,7639.091000000001,402.0574210526317
21,2021-08-26 14:00:46.588000+09:00,16,15,0.9992492479956564,0.2016975479757734,5621.13,351.320625
21,2021-08-26 18:47:42.360000+09:00,1,1,1.0,1.0,12801.554,12801.554
21,2021-08-29 20:01:30.357000+09:00,4,3,0.9852281360342516,0.3509453429964405,12492.487,3123.12175
21,2021-09-01 10:00:44.614000+09:00,14,13,0.9990102708804812,0.2101017680073257,6992.395,499.4567857142857
21,2021-09-01 14:00:49.349000+09:00,8,7,0.9967916319816366,0.2551368172689722,9510.501,1188.812625
21,2021-09-04 10:02:00.999000+09:00,9,9,1.0,0.2398124665681314,1917.289,213.0321111111111
21,2021-09-04 14:13:21.237000+09:00,13,12,0.9988455359952018,0.2150896787446934,11639.606,895.3543076923077
21,2021-09-07 10:00:26.635000+09:00,13,12,0.9988455359952018,0.2150896787446934,8650.919999999998,665.4553846153844
21,2021-09-10 10:00:54.714000+09:00,6,6,1.0,0.2789429456511298,4690.045999999999,781.6743333333333
21,2021-09-10 18:20:56.506000+09:00,8,8,1.0,0.25,4707.167,588.395875
21,2021-09-11 15:56:39.101000+09:00,0,0,1.0,0.0,0.0,1188.0068124999998
21,2021-09-13 10:04:30.334000+09:00,23,22,0.999643749677856,0.1820230315967373,9790.94,425.6930434782608
21,2021-09-13 14:02:37.172000+09:00,10,9,0.9980008838722996,0.2349383036113225,8983.097,898.3097
21,2021-09-16 14:07:40.166000+09:00,12,12,1.0,0.2181042919855315,4353.021000000001,362.7517500000001
21,2021-09-16 18:13:09.826000+09:00,15,14,0.9991421039919088,0.2056702372845884,7449.197,496.6131333333333
21,2021-09-19 14:14:58.283000+09:00,4,3,0.9852281360342516,0.3509453429964405,4889.003,1222.25075
21,2021-09-19 18:24:28.317000+09:00,18,17,0.9994110647387552,0.1948442036512952,3539.3049999999994,196.62805555555556
21,2021-09-22 14:00:27.236000+09:00,6,6,1.0,0.2789429456511298,12423.580999999998,2070.596833333333
21,2021-09-22 18:00:34.864000+09:00,7,6,0.9957274520849256,0.2690835489640477,8310.407,1187.2009999999998
21,2021-09-25 10:00:31.260000+09:00,0,0,1.0,0.0,0.0,1188.0068124999998
21,2021-09-25 14:06:34.703000+09:00,1,0,0.0,0.0,133.612,133.612
21,2021-09-25 18:01:09.071000+09:00,6,5,0.9940302114769564,0.2873391704353197,11103.22,1850.5366666666669
21,2021-09-28 14:02:46.691000+09:00,10,10,1.0,0.2313782131597591,5792.213,579.2212999999999
21,2021-10-01 10:00:48.415000+09:00,2,1,0.9182958340544896,0.579380164285695,7375.419,3687.7095
21,2021-10-04 10:00:48.035000+09:00,2,1,0.9182958340544896,0.579380164285695,4283.912,2141.956
21,2021-10-04 14:00:23.953000+09:00,5,4,0.9910760598382222,0.3126496871021503,11586.985,2317.397
21,2021-10-07 10:04:35.710000+09:00,1,0,0.0,0.0,6859.572,6859.572
21,2021-10-07 14:55:22.827000+09:00,2,1,0.9182958340544896,0.579380164285695,14400.0,8556.635
21,2021-10-07 18:00:24.890000+09:00,16,15,0.9992492479956564,0.2016975479757734,2419.354,151.20962499999996
21,2021-10-10 10:00:32.498000+09:00,0,0,1.0,0.0,0.0,1188.0068124999998
21,2021-10-10 18:00:42.986000+09:00,2,2,1.0,0.5,1817.582,908.791
21,2021-10-13 10:08:07.458000+09:00,0,0,1.0,0.0,0.0,1188.0068124999998
21,2021-10-13 14:01:13.542000+09:00,3,3,1.0,0.3868528072345416,8243.337,2747.779
21,2021-10-13 18:01:06.884000+09:00,20,19,0.999525689293649,0.1891106197607057,11133.212,556.6605999999999
21,2021-10-16 14:00:30.511000+09:00,26,26,1.0,0.1754250635819545,6677.054,256.80976923076923
21,2021-10-16 18:52:04.476000+09:00,12,12,1.0,0.2181042919855315,1664.8120000000004,138.73433333333335
21,2021-10-19 10:50:23.782000+09:00,1,0,0.0,0.0,9651.626,9651.626
21,2021-10-19 18:00:30.058000+09:00,1,0,0.0,0.0,14400.0,14400.0
21,2021-10-22 10:00:24.807000+09:00,0,0,1.0,0.0,0.0,1188.0068124999998
21,2021-10-22 14:05:09.939000+09:00,17,16,0.9993375041688848,0.1981085300876491,5038.789,296.39935294117646
21,2021-10-22 18:50:47.145000+09:00,4,4,1.0,0.3333333333333333,9265.03,2316.2575
21,2021-10-25 18:00:38.304000+09:00,1,1,1.0,1.0,1767.662,1767.662
21,2021-10-28 10:00:30.941000+09:00,1,0,0.0,0.0,7436.001,7436.001
21,2021-10-28 14:00:34.098000+09:00,4,3,0.9852281360342516,0.3509453429964405,14208.79,3552.1975
21,2021-10-28 18:00:22.316000+09:00,2,2,1.0,0.5,4627.660000000001,2313.8300000000004
21,2021-10-31 10:00:49.047000+09:00,0,0,1.0,0.0,0.0,1188.0068124999998
21,2021-10-31 14:53:59.642000+09:00,29,29,1.0,0.1707072796637201,8371.506,288.6726206896552
21,2021-10-31 18:00:39.095000+09:00,1,0,0.0,0.0,14067.548,14067.548
21,2021-11-03 14:00:29.436000+09:00,15,15,1.0,0.2037950470905062,8002.044,533.4696
21,2021-11-09 10:02:13.545000+09:00,2,1,0.9182958340544896,0.579380164285695,5044.113,2522.0565
21,2021-11-09 14:00:59.610000+09:00,5,5,1.0,0.3010299956639812,2745.8540000000003,549.1708000000001
21,2021-11-12 10:04:30.534000+09:00,1,0,0.0,0.0,10024.062,10024.062
21,2021-11-12 14:05:43.845000+09:00,3,2,0.9709505944546686,0.4181656600790516,14347.021,4782.340333333333
21,2021-11-12 18:52:51.507000+09:00,4,4,1.0,0.3333333333333333,5965.094999999999,1491.2737499999998
21,2021-11-15 10:02:10.231000+09:00,0,0,1.0,0.0,0.0,1188.0068124999998
21,2021-11-15 14:40:18.946000+09:00,3,3,1.0,0.3868528072345416,9070.632999999998,3023.544333333333
21,2021-11-15 18:05:50.249000+09:00,5,4,0.9910760598382222,0.3126496871021503,10315.11,2063.022
21,2021-11-18 10:52:31.807000+09:00,2,1,0.9182958340544896,0.579380164285695,9505.862,4752.931
21,2021-11-18 14:00:41.905000+09:00,1,0,0.0,0.0,8311.888,8311.888
26,2021-08-29 12:40:08.272000+09:00,8,8,1.0,0.25,4387.59,548.44875
26,2021-08-29 16:03:32.316000+09:00,9,9,1.0,0.2398124665681314,1727.8580000000002,191.98422222222223
26,2021-08-29 20:33:56.704000+09:00,1,2,0.9182958340544896,0.579380164285695,68.862,68.862
26,2021-09-01 12:00:55.651000+09:00,3,3,1.0,0.3868528072345416,988.041,329.347
26,2021-09-01 20:00:55.073000+09:00,4,3,0.9852281360342516,0.3509453429964405,1322.866,330.7165
26,2021-09-04 12:22:05.655000+09:00,8,7,0.9967916319816366,0.2551368172689722,4935.568,616.946
26,2021-09-04 16:00:39.177000+09:00,1,2,0.9182958340544896,0.579380164285695,855.025,855.025
26,2021-09-07 12:02:22.995000+09:00,4,3,0.9852281360342516,0.3509453429964405,1072.448,268.112
26,2021-09-07 16:04:08.884000+09:00,5,4,0.9910760598382222,0.3126496871021503,4663.872000000001,932.7744000000002
26,2021-09-07 20:09:25.147000+09:00,7,6,0.9957274520849256,0.2690835489640477,1959.586,279.9408571428572
26,2021-09-10 12:03:32.020000+09:00,7,6,0.9957274520849256,0.2690835489640477,4881.44,697.3485714285714
26,2021-09-10 16:24:25.724000+09:00,5,4,0.9910760598382222,0.3126496871021503,10243.499,2048.6998
26,2021-09-10 20:00:55.705000+09:00,9,8,0.9975025463691152,0.2440395387335149,6728.317,747.5907777777778
26,2021-09-13 12:00:34.610000+09:00,7,7,1.0,0.2626495350371935,3927.896,561.1279999999999
26,2021-09-13 16:03:15.873000+09:00,7,7,1.0,0.2626495350371935,7144.048000000001,1020.5782857142858
26,2021-09-13 20:00:52.844000+09:00,11,10,0.998363672593813,0.2272977056294367,7319.925999999999,665.4478181818181
26,2021-09-16 12:00:33.603000+09:00,6,5,0.9940302114769564,0.2873391704353197,2872.809,478.8015
26,2021-09-16 16:07:11.775000+09:00,8,8,1.0,0.25,4514.292,564.2865
26,2021-09-16 20:00:59.067000+09:00,8,7,0.9967916319816366,0.2551368172689722,3055.865,381.983125
26,2021-09-19 12:00:32.048000+09:00,4,3,0.9852281360342516,0.3509453429964405,7177.313,1794.32825
26,2021-09-19 16:01:35.290000+09:00,3,2,0.9709505944546686,0.4181656600790516,4139.711,1379.9036666666668
26,2021-09-19 20:00:48.957000+09:00,3,2,0.9709505944546686,0.4181656600790516,5515.7880000000005,1838.596
26,2021-09-22 12:03:46.211000+09:00,4,3,0.9852281360342516,0.3509453429964405,5915.459,1478.86475
26,2021-09-22 16:00:42.765000+09:00,7,6,0.9957274520849256,0.2690835489640477,10213.115,1459.0164285714286
26,2021-09-22 20:00:56.095000+09:00,3,2,0.9709505944546686,0.4181656600790516,4411.161999999999,1470.3873333333331
26,2021-09-25 12:01:05.556000+09:00,3,2,0.9709505944546686,0.4181656600790516,2816.6890000000003,938.8963333333336
26,2021-09-25 20:00:30.687000+09:00,5,4,0.9910760598382222,0.3126496871021503,7520.547,1504.1094
26,2021-09-28 12:00:26.444000+09:00,9,9,1.0,0.2398124665681314,3449.253,383.2503333333333
26,2021-09-28 16:28:26.936000+09:00,7,6,0.9957274520849256,0.2690835489640477,2841.418,405.9168571428572
26,2021-09-28 20:35:41.754000+09:00,5,4,0.9910760598382222,0.3126496871021503,2359.3450000000003,471.869
26,2021-10-01 12:02:12.184000+09:00,8,7,0.9967916319816366,0.2551368172689722,2934.7970000000005,366.84962500000006
26,2021-10-01 20:00:28.098000+09:00,11,10,0.998363672593813,0.2272977056294367,3981.988,361.99890909090914
26,2021-10-04 12:26:39.995000+09:00,3,3,1.0,0.3868528072345416,715.364,238.45466666666667
26,2021-10-04 16:00:29.607000+09:00,6,5,0.9940302114769564,0.2873391704353197,5664.621,944.1035
26,2021-10-04 20:00:40.360000+09:00,7,6,0.9957274520849256,0.2690835489640477,5328.241999999999,761.1774285714284
26,2021-10-07 12:02:02.716000+09:00,6,5,0.9940302114769564,0.2873391704353197,9943.349,1657.2248333333334
26,2021-10-07 16:10:37.878000+09:00,7,6,0.9957274520849256,0.2690835489640477,5181.828,740.2611428571428
26,2021-10-07 20:00:26.957000+09:00,8,7,0.9967916319816366,0.2551368172689722,4264.564,533.0705
26,2021-10-10 12:00:22.836000+09:00,5,4,0.9910760598382222,0.3126496871021503,6162.849,1232.5698
26,2021-10-10 16:00:52.277000+09:00,20,19,0.999525689293649,0.1891106197607057,7659.841999999999,382.9921
26,2021-10-10 20:00:33.370000+09:00,9,8,0.9975025463691152,0.2440395387335149,5560.237,617.8041111111111
26,2021-10-13 12:01:37.409000+09:00,0,0,1.0,0.0,0.0,1081.075
26,2021-10-13 16:02:42.473000+09:00,11,10,0.998363672593813,0.2272977056294367,6749.638000000001,613.6034545454546
26,2021-10-13 20:00:22.793000+09:00,4,3,0.9852281360342516,0.3509453429964405,3900.632,975.158
26,2021-10-16 12:17:07.168000+09:00,4,3,0.9852281360342516,0.3509453429964405,3502.4059999999995,875.6014999999999
26,2021-10-16 16:01:19.491000+09:00,4,3,0.9852281360342516,0.3509453429964405,1786.143,446.53575
26,2021-10-16 20:01:03.098000+09:00,5,4,0.9910760598382222,0.3126496871021503,3186.432,637.2864000000001
26,2021-10-19 12:03:21.932000+09:00,5,4,0.9910760598382222,0.3126496871021503,1730.679,346.1358
26,2021-10-19 16:00:39.104000+09:00,5,4,0.9910760598382222,0.3126496871021503,3494.722,698.9444000000001
26,2021-10-19 20:00:28.013000+09:00,2,1,0.9182958340544896,0.579380164285695,390.503,195.2515
26,2021-10-22 12:01:22.759000+09:00,5,4,0.9910760598382222,0.3126496871021503,2209.065,441.81299999999993
26,2021-10-22 16:00:36.974000+09:00,6,5,0.9940302114769564,0.2873391704353197,12959.488,2159.9146666666666
26,2021-10-22 20:00:40.374000+09:00,7,6,0.9957274520849256,0.2690835489640477,7849.402,1121.3431428571428
26,2021-10-25 12:01:24.574000+09:00,5,4,0.9910760598382222,0.3126496871021503,10027.812999999998,2005.5626
26,2021-10-25 16:02:51.449000+09:00,6,5,0.9940302114769564,0.2873391704353197,9304.753,1550.7921666666668
26,2021-10-25 20:01:02.220000+09:00,6,5,0.9940302114769564,0.2873391704353197,2385.2070000000003,397.5345
26,2021-10-28 12:00:35.426000+09:00,4,3,0.9852281360342516,0.3509453429964405,5044.802000000001,1261.2005
26,2021-10-28 16:01:09.091000+09:00,6,5,0.9940302114769564,0.2873391704353197,8211.642,1368.607
26,2021-10-28 20:00:19.548000+09:00,6,5,0.9940302114769564,0.2873391704353197,8546.247000000001,1424.3745
26,2021-10-31 12:00:52.154000+09:00,3,2,0.9709505944546686,0.4181656600790516,1341.774,447.258
26,2021-10-31 16:00:52.383000+09:00,8,7,0.9967916319816366,0.2551368172689722,8181.705000000001,1022.713125
26,2021-10-31 20:00:38.472000+09:00,4,3,0.9852281360342516,0.3509453429964405,6645.159000000001,1661.28975
26,2021-11-03 12:01:13.758000+09:00,1,0,0.0,0.0,13510.403,13510.403
26,2021-11-03 16:01:18.109000+09:00,1,0,0.0,0.0,14400.0,14400.0
26,2021-11-03 20:00:55.346000+09:00,6,6,1.0,0.2789429456511298,4559.943,759.9905
26,2021-11-06 12:00:37.396000+09:00,4,4,1.0,0.3333333333333333,4499.241999999999,1124.8104999999998
26,2021-11-06 16:00:48.168000+09:00,0,1,0.0,0.0,0.0,1081.075
26,2021-11-06 20:00:52.552000+09:00,6,5,0.9940302114769564,0.2873391704353197,5143.518999999999,857.2531666666665
26,2021-11-09 12:01:24.515000+09:00,4,3,0.9852281360342516,0.3509453429964405,12370.496,3092.6240000000003
26,2021-11-09 16:02:13.676000+09:00,9,8,0.9975025463691152,0.2440395387335149,11967.118,1329.679777777778
26,2021-11-09 20:04:11.544000+09:00,5,5,1.0,0.3010299956639812,5043.263,1008.6526
26,2021-11-12 16:01:13.893000+09:00,18,18,1.0,0.1934264036172708,1342.502,74.58344444444444
26,2021-11-12 20:00:30.234000+09:00,18,17,0.9994110647387552,0.1948442036512952,1248.293,69.34961111111112
26,2021-11-15 12:01:29.226000+09:00,3,2,0.9709505944546686,0.4181656600790516,13475.014,4491.671333333333
26,2021-11-15 16:00:47.992000+09:00,6,5,0.9940302114769564,0.2873391704353197,9213.573,1535.5955
26,2021-11-15 20:03:36.896000+09:00,8,7,0.9967916319816366,0.2551368172689722,10808.852,1351.1065
26,2021-11-18 12:01:33.097000+09:00,2,2,1.0,0.5,11974.420999999998,5987.210499999999
26,2021-11-18 16:01:34.737000+09:00,3,2,0.9709505944546686,0.4181656600790516,11188.366,3729.455333333333
26,2021-11-18 20:00:40.441000+09:00,8,9,0.9975025463691152,0.2440395387335149,3175.49,396.93625
26,2021-11-21 12:26:28.462000+09:00,0,0,1.0,0.0,0.0,1081.075
26,2021-11-21 20:01:08.227000+09:00,0,0,1.0,0.0,0.0,1081.075
26,2021-11-24 12:03:40.697000+09:00,0,0,1.0,0.0,0.0,1081.075
26,2021-11-24 16:02:12.326000+09:00,3,3,1.0,0.3868528072345416,5337.880999999999,1779.2936666666665
26,2021-11-24 20:01:04.982000+09:00,3,3,1.0,0.3868528072345416,9695.143,3231.7143333333333
26,2021-11-27 12:07:26.053000+09:00,2,1,0.9182958340544896,0.579380164285695,4196.109,2098.0545
26,2021-11-27 16:03:55.655000+09:00,2,1,0.9182958340544896,0.579380164285695,14156.078,7078.039
26,2021-11-27 20:19:33.794000+09:00,2,2,1.0,0.5,5071.236,2535.618
26,2021-11-30 12:00:38.848000+09:00,0,0,1.0,0.0,0.0,1081.075
26,2021-11-30 20:03:24.071000+09:00,1,2,0.9182958340544896,0.579380164285695,890.638,890.638
26,2021-12-03 12:00:53.361000+09:00,3,2,0.9709505944546686,0.4181656600790516,13259.022,4419.674
26,2021-12-03 16:01:28.464000+09:00,2,1,0.9182958340544896,0.579380164285695,13010.83,6505.415
26,2021-12-03 20:01:45.884000+09:00,1,1,1.0,1.0,2151.437,2151.437
26,2021-12-06 12:03:23.352000+09:00,0,0,1.0,0.0,0.0,1081.075
26,2021-12-06 16:00:35.668000+09:00,0,0,1.0,0.0,0.0,1081.075
26,2021-12-06 20:00:46.022000+09:00,1,1,1.0,1.0,852.429,852.429
26,2021-12-09 12:03:18.279000+09:00,0,0,1.0,0.0,0.0,1081.075
26,2021-12-09 16:03:00.684000+09:00,1,0,0.0,0.0,12628.374,12628.374
26,2021-12-09 20:00:40.880000+09:00,3,3,1.0,0.3868528072345416,7646.047,2548.6823333333336
26,2021-12-12 12:00:31.192000+09:00,1,1,1.0,1.0,4229.328,4229.328
26,2021-12-12 16:01:13.109000+09:00,1,1,1.0,1.0,748.211,748.211
26,2021-12-12 20:07:45.108000+09:00,1,1,1.0,1.0,1313.0690000000002,1313.0690000000002
26,2021-12-15 12:01:29.350000+09:00,0,0,1.0,0.0,0.0,1081.075
26,2021-12-15 16:22:06.402000+09:00,2,2,1.0,0.5,2716.294,1358.147
26,2021-12-15 20:02:15.080000+09:00,0,1,0.0,0.0,0.0,1081.075
26,2021-12-18 12:02:01.400000+09:00,1,0,0.0,0.0,11430.496,11430.496
26,2021-12-18 16:17:43.001000+09:00,1,1,1.0,1.0,1999.5160000000012,1999.5160000000012
26,2021-12-18 20:00:46.277000+09:00,0,1,0.0,0.0,0.0,1081.075
26,2021-12-21 12:01:18.080000+09:00,0,0,1.0,0.0,0.0,1081.075
26,2021-12-21 16:00:27.661000+09:00,3,3,1.0,0.3868528072345416,5765.074,1921.6913333333328
26,2021-12-21 20:00:55.686000+09:00,5,6,0.9940302114769564,0.2873391704353197,2152.152,430.4304
26,2021-12-24 12:03:41.220000+09:00,2,2,1.0,0.5,4188.392,2094.196
26,2021-12-24 16:00:41.061000+09:00,1,2,0.9182958340544896,0.579380164285695,8228.966,8228.966
26,2021-12-24 20:01:21.778000+09:00,0,1,0.0,0.0,0.0,1081.075
26,2021-12-27 12:00:50.453000+09:00,0,0,1.0,0.0,0.0,1081.075
26,2021-12-27 16:02:08.335000+09:00,2,1,0.9182958340544896,0.579380164285695,14213.508,7106.754
26,2021-12-27 20:00:29.959000+09:00,7,7,1.0,0.2626495350371935,6757.424999999999,965.3464285714284
26,2021-12-30 12:03:29.979000+09:00,5,4,0.9910760598382222,0.3126496871021503,12733.772,2546.7544
26,2021-12-30 16:00:17.969000+09:00,1,1,1.0,1.0,14234.036,14234.036
26,2021-12-30 20:01:07.989000+09:00,4,4,1.0,0.3333333333333333,6731.716,1682.929
26,2022-01-04 12:03:29.450000+09:00,0,0,1.0,0.0,0.0,1081.075
26,2022-01-04 16:01:21.740000+09:00,3,2,0.9709505944546686,0.4181656600790516,4001.696,1333.8986666666667
26,2022-01-04 20:00:31.931000+09:00,1,1,1.0,1.0,854.1439999999998,854.1439999999998
26,2022-01-07 12:04:31.690000+09:00,0,0,1.0,0.0,0.0,1081.075
26,2022-01-07 20:20:00.461000+09:00,0,0,1.0,0.0,0.0,1081.075
26,2022-01-10 12:00:53.019000+09:00,0,0,1.0,0.0,0.0,1081.075
26,2022-01-10 16:00:40.372000+09:00,3,3,1.0,0.3868528072345416,3682.064,1227.3546666666668
26,2022-01-10 20:42:35.907000+09:00,2,3,0.9709505944546686,0.4181656600790516,1447.143,723.5715
26,2022-01-13 12:52:00.560000+09:00,0,0,1.0,0.0,0.0,1081.075
26,2022-01-13 16:02:50.826000+09:00,0,0,1.0,0.0,0.0,1081.075
26,2022-01-13 20:39:04.809000+09:00,0,0,1.0,0.0,0.0,1081.075
26,2022-01-16 12:22:13.467000+09:00,1,1,1.0,1.0,1140.885,1140.885
26,2022-01-16 16:01:35.660000+09:00,4,4,1.0,0.3333333333333333,5865.726,1466.4315
26,2022-01-16 20:01:17.570000+09:00,1,1,1.0,1.0,4607.415000000001,4607.415000000001
26,2022-01-19 12:51:20.515000+09:00,0,0,1.0,0.0,0.0,1081.075
26,2022-01-19 20:01:33.503000+09:00,0,0,1.0,0.0,0.0,1081.075
26,2022-01-22 12:01:25.686000+09:00,3,2,0.9709505944546686,0.4181656600790516,2774.243,924.7476666666666
26,2022-01-22 16:35:26.909000+09:00,0,0,1.0,0.0,0.0,1081.075
26,2022-01-22 20:00:28.029000+09:00,0,1,0.0,0.0,0.0,1081.075
26,2022-01-25 12:01:22.583000+09:00,0,0,1.0,0.0,0.0,1081.075
26,2022-01-25 16:00:39.306000+09:00,3,3,1.0,0.3868528072345416,7762.865,2587.6216666666664
26,2022-01-25 20:00:23.004000+09:00,0,1,0.0,0.0,0.0,1081.075
26,2022-01-28 12:51:53.052000+09:00,2,2,1.0,0.5,2239.26,1119.63
26,2022-01-31 12:51:18.541000+09:00,10,9,0.9980008838722996,0.2349383036113225,5061.224,506.1224
26,2022-01-31 16:07:06.218000+09:00,8,7,0.9967916319816366,0.2551368172689722,1984.948,248.1185
26,2022-02-03 12:59:36.573000+09:00,0,0,1.0,0.0,0.0,1081.075
26,2022-02-03 20:28:14.585000+09:00,2,2,1.0,0.5,2556.145,1278.0725
26,2022-02-06 12:05:20.156000+09:00,0,0,1.0,0.0,0.0,1081.075
26,2022-02-09 16:54:08.282000+09:00,1,2,0.9182958340544896,0.579380164285695,1081.075,1081.075
26,2022-02-09 20:03:36.031000+09:00,3,3,1.0,0.3868528072345416,4114.205,1371.4016666666666
28,2021-08-17 12:00:33.170000+09:00,2,2,1.0,0.5,1703.398,851.6990000000001
28,2021-08-17 16:00:25.788000+09:00,9,9,1.0,0.2398124665681314,7670.414,852.2682222222222
28,2021-08-17 20:00:22.256000+09:00,6,5,0.9940302114769564,0.2873391704353197,4336.546,722.7576666666668
28,2021-08-20 10:00:23.022000+09:00,0,0,1.0,0.0,0.0,851.9836111111111
28,2021-08-20 14:00:33.223000+09:00,1,0,0.0,0.0,3022.23,3022.23
28,2021-08-20 18:12:43.135000+09:00,1,0,0.0,0.0,14400.0,14400.0
28,2021-08-23 10:00:25.593000+09:00,0,0,1.0,0.0,0.0,851.9836111111111
28,2021-08-23 14:00:41.595000+09:00,2,1,0.9182958340544896,0.579380164285695,2064.401,1032.2005
28,2021-08-23 18:00:31.100000+09:00,3,2,0.9709505944546686,0.4181656600790516,14026.89,4675.63
28,2021-08-26 10:16:28.681000+09:00,0,0,1.0,0.0,0.0,851.9836111111111
28,2021-08-26 14:09:36.767000+09:00,2,3,0.9709505944546686,0.4181656600790516,7769.047,3884.5235
28,2021-08-26 18:01:40.718000+09:00,2,2,1.0,0.5,12380.698,6190.349
28,2021-08-29 10:00:24.773000+09:00,1,0,0.0,0.0,2614.408,2614.408
28,2021-08-29 14:12:56.135000+09:00,9,8,0.9975025463691152,0.2440395387335149,14025.55,1558.3944444444444
28,2021-08-29 18:02:42.025000+09:00,6,5,0.9940302114769564,0.2873391704353197,13270.743,2211.7905
28,2021-09-01 14:07:21.032000+09:00,11,10,0.998363672593813,0.2272977056294367,7071.652999999999,642.8775454545454
28,2021-09-01 18:03:29.190000+09:00,7,7,1.0,0.2626495350371935,8410.439,1201.4912857142858
28,2021-09-04 10:47:40.025000+09:00,0,0,1.0,0.0,0.0,851.9836111111111
28,2021-09-04 14:00:33.928000+09:00,2,2,1.0,0.5,6912.2970000000005,3456.1485
28,2021-09-04 18:00:25.094000+09:00,1,1,1.0,1.0,8369.569,8369.569
28,2021-09-07 10:01:12.751000+09:00,0,0,1.0,0.0,0.0,851.9836111111111
28,2021-09-07 14:02:28.026000+09:00,14,13,0.9990102708804812,0.2101017680073257,6340.045,452.86035714285714
28,2021-09-07 18:02:50.447000+09:00,12,11,0.9986359641585718,0.2207631892432481,8590.192,715.8493333333332
28,2021-09-10 10:00:54.336000+09:00,1,0,0.0,0.0,810.889,810.889
28,2021-09-10 14:28:42.945000+09:00,0,1,0.0,0.0,0.0,851.9836111111111
28,2021-09-10 18:00:26.452000+09:00,1,1,1.0,1.0,12113.187,12113.187
28,2021-09-13 10:15:12.113000+09:00,0,0,1.0,0.0,0.0,851.9836111111111
28,2021-09-16 10:12:14.442000+09:00,0,0,1.0,0.0,0.0,851.9836111111111
28,2021-09-16 14:23:40.802000+09:00,9,8,0.9975025463691152,0.2440395387335149,3843.45,427.05
28,2021-09-16 18:01:27.854000+09:00,3,3,1.0,0.3868528072345416,632.642,210.88066666666668
28,2021-09-19 14:00:28.164000+09:00,0,0,1.0,0.0,0.0,851.9836111111111
28,2021-09-19 18:00:37.064000+09:00,2,1,0.9182958340544896,0.579380164285695,11440.316,5720.157999999999
28,2021-09-22 16:00:29.777000+09:00,2,1,0.9182958340544896,0.579380164285695,4420.689,2210.3445
28,2021-09-22 20:00:30.705000+09:00,7,6,0.9957274520849256,0.2690835489640477,12406.057,1772.2938571428572
28,2021-09-25 16:39:15.813000+09:00,1,1,1.0,1.0,54.328,54.328
28,2021-09-25 20:00:32.659000+09:00,10,10,1.0,0.2313782131597591,6543.521,654.3521
28,2021-09-28 16:00:26.987000+09:00,10,9,0.9980008838722996,0.2349383036113225,4511.557,451.1557
28,2021-09-28 20:02:31.071000+09:00,4,3,0.9852281360342516,0.3509453429964405,13999.413,3499.85325
28,2021-10-01 12:00:57.346000+09:00,1,0,0.0,0.0,591.665,591.665
28,2021-10-01 16:00:42.107000+09:00,12,11,0.9986359641585718,0.2207631892432481,6807.348999999999,567.2790833333332
28,2021-10-01 20:00:28.226000+09:00,1,0,0.0,0.0,14400.0,14400.0
28,2021-10-04 12:00:49.773000+09:00,0,0,1.0,0.0,0.0,851.9836111111111
28,2021-10-04 16:04:29.042000+09:00,3,2,0.9709505944546686,0.4181656600790516,610.561,203.52033333333333
28,2021-10-04 20:00:31.506000+09:00,2,1,0.9182958340544896,0.579380164285695,14130.237,7065.1185000000005
28,2021-10-07 12:47:17.543000+09:00,0,0,1.0,0.0,0.0,851.9836111111111
28,2021-10-07 16:05:48.711000+09:00,12,11,0.9986359641585718,0.2207631892432481,3870.518,322.54316666666665
28,2021-10-10 16:05:54.344000+09:00,0,0,1.0,0.0,0.0,851.9836111111111
28,2021-10-10 20:14:15.872000+09:00,6,6,1.0,0.2789429456511298,10870.372,1811.7286666666664
28,2021-10-13 20:00:42.758000+09:00,7,6,0.9957274520849256,0.2690835489640477,5290.453,755.7789999999999
28,2021-10-16 16:07:16.788000+09:00,19,18,0.9994730201859836,0.1918575616359922,1891.989,99.57836842105262
28,2021-10-16 20:03:07.348000+09:00,4,3,0.9852281360342516,0.3509453429964405,5872.991000000001,1468.2477500000002
28,2021-10-19 12:35:00.286000+09:00,0,0,1.0,0.0,0.0,851.9836111111111
28,2021-10-19 16:00:27.973000+09:00,6,5,0.9940302114769564,0.2873391704353197,2863.661,477.2768333333333
28,2021-10-19 20:00:26.662000+09:00,14,13,0.9990102708804812,0.2101017680073257,4319.686000000001,308.54900000000004
28,2021-10-22 12:00:31.011000+09:00,0,0,1.0,0.0,0.0,851.9836111111111
28,2021-10-22 16:00:27.888000+09:00,0,0,1.0,0.0,0.0,851.9836111111111
28,2021-10-25 12:00:40.520000+09:00,0,0,1.0,0.0,0.0,851.9836111111111
28,2021-10-25 16:00:30.782000+09:00,9,8,0.9975025463691152,0.2440395387335149,12851.924,1427.9915555555554
28,2021-10-25 20:00:29.501000+09:00,11,11,1.0,0.2242438242175754,7870.525,715.5022727272727
28,2021-10-28 12:06:57.085000+09:00,0,0,1.0,0.0,0.0,851.9836111111111
28,2021-10-31 12:01:58.328000+09:00,0,0,1.0,0.0,0.0,851.9836111111111
28,2021-10-31 16:07:57.733000+09:00,9,8,0.9975025463691152,0.2440395387335149,10083.901999999998,1120.4335555555554
28,2021-10-31 20:10:15.355000+09:00,5,5,1.0,0.3010299956639812,3228.836,645.7672
28,2021-11-03 12:03:47.081000+09:00,0,0,1.0,0.0,0.0,851.9836111111111
28,2021-11-03 16:03:05.171000+09:00,3,3,1.0,0.3868528072345416,8661.661,2887.220333333333
28,2021-11-03 20:00:57.489000+09:00,14,15,0.9991421039919088,0.2056702372845884,3365.3160000000007,240.37971428571436
28,2021-11-06 12:03:10.677000+09:00,0,0,1.0,0.0,0.0,851.9836111111111
28,2021-11-06 16:34:19.660000+09:00,25,24,0.9996995428565172,0.1780500810570478,8420.466000000002,336.8186400000001
28,2021-11-09 12:04:00.673000+09:00,1,1,1.0,1.0,529.177,529.177
28,2021-11-09 16:00:27.721000+09:00,10,10,1.0,0.2313782131597591,6991.316,699.1315999999999
28,2021-11-09 20:05:57.846000+09:00,11,10,0.998363672593813,0.2272977056294367,13803.995,1254.9086363636363
28,2021-11-12 12:31:01.855000+09:00,1,0,0.0,0.0,29.396,29.396
30,2021-08-29 16:00:52.519000+09:00,2,1,0.9182958340544896,0.579380164285695,14400.0,10652.5625
30,2021-08-29 20:01:08.239000+09:00,1,1,1.0,1.0,53.151,53.151
30,2021-09-01 12:10:28.759000+09:00,17,16,0.9993375041688848,0.1981085300876491,5413.471,318.4394705882353
30,2021-09-01 20:05:05.375000+09:00,8,8,1.0,0.25,2489.148,311.1435
30,2021-09-04 12:07:57.189000+09:00,4,3,0.9852281360342516,0.3509453429964405,9585.064,2396.266
30,2021-09-04 16:01:39.037000+09:00,14,13,0.9990102708804812,0.2101017680073257,8710.404999999999,622.1717857142856
30,2021-09-04 20:04:35.601000+09:00,20,19,0.999525689293649,0.1891106197607057,10805.174,540.2587000000001
30,2021-09-07 12:08:30.565000+09:00,19,19,1.0,0.1905514124267734,1877.9780000000003,98.84094736842108
30,2021-09-07 16:01:45.486000+09:00,21,20,0.9995708393473224,0.1865723073683122,8874.426999999998,422.5917619047618
30,2021-09-10 12:01:25.886000+09:00,5,4,0.9910760598382222,0.3126496871021503,12577.91,2515.582
30,2021-09-10 16:01:15.424000+09:00,1,1,1.0,1.0,500.7330000000002,500.7330000000002
30,2021-09-10 20:21:41.536000+09:00,18,18,1.0,0.1934264036172708,9676.684,537.5935555555556
30,2021-09-13 12:00:57.821000+09:00,27,26,0.999743186071085,0.1745385945914508,9112.715,337.5079629629629
30,2021-09-13 16:47:56.661000+09:00,24,24,1.0,0.1790522317510413,2263.973,94.33220833333333
30,2021-09-16 12:00:33.910000+09:00,0,0,1.0,0.0,0.0,466.50075
30,2021-09-16 16:53:05.477000+09:00,27,26,0.999743186071085,0.1745385945914508,6927.931,256.590037037037
30,2021-09-16 20:40:34.107000+09:00,3,2,0.9709505944546686,0.4181656600790516,538.066,179.35533333333333
30,2021-09-19 12:04:41.111000+09:00,3,2,0.9709505944546686,0.4181656600790516,4905.5160000000005,1635.1720000000005
30,2021-09-19 20:45:47.721000+09:00,12,12,1.0,0.2181042919855315,772.563,64.38025
30,2021-09-22 12:04:42.776000+09:00,4,4,1.0,0.3333333333333333,5586.933,1396.73325
30,2021-09-22 16:40:26.622000+09:00,5,4,0.9910760598382222,0.3126496871021503,6607.456,1321.4912
30,2021-09-22 20:05:03.614000+09:00,9,8,0.9975025463691152,0.2440395387335149,5748.082,638.6757777777779
30,2021-09-25 12:16:43.628000+09:00,10,10,1.0,0.2313782131597591,8591.996,859.1995999999999
30,2021-09-25 16:02:37.771000+09:00,41,40,0.9998900524545518,0.1577150960984255,1970.921,48.07124390243902
30,2021-09-28 10:00:55.377000+09:00,0,0,1.0,0.0,0.0,466.50075
30,2021-09-28 14:00:30.898000+09:00,11,11,1.0,0.2242438242175754,8588.545,780.7768181818182
30,2021-09-28 18:18:42.957000+09:00,8,8,1.0,0.25,1385.021,173.127625
30,2021-10-01 10:00:27.991000+09:00,3,2,0.9709505944546686,0.4181656600790516,6300.145,2100.048333333333
30,2021-10-01 14:00:42.710000+09:00,39,38,0.999878332299006,0.1595520009826492,10148.868000000002,260.22738461538466
30,2021-10-01 18:00:39.430000+09:00,52,51,0.9999320050095964,0.1495448928695189,4130.138999999999,79.42574999999998
30,2021-10-04 10:37:43.005000+09:00,6,6,1.0,0.2789429456511298,6385.737,1064.2895
30,2021-10-04 14:00:27.877000+09:00,18,17,0.9994110647387552,0.1948442036512952,7646.304,424.7946666666666
30,2021-10-04 18:12:58.335000+09:00,8,8,1.0,0.25,7093.294,886.66175
30,2021-10-07 10:03:26.123000+09:00,1,0,0.0,0.0,7370.641,7370.641
30,2021-10-07 14:39:47.477000+09:00,7,7,1.0,0.2626495350371935,4541.907,648.8438571428571
30,2021-10-07 18:00:31.041000+09:00,16,15,0.9992492479956564,0.2016975479757734,9182.132,573.8832500000001
30,2021-10-10 10:00:37.925000+09:00,0,0,1.0,0.0,0.0,466.50075
30,2021-10-10 14:50:26.144000+09:00,5,4,0.9910760598382222,0.3126496871021503,12276.723999999998,2455.3448
30,2021-10-10 18:00:30.220000+09:00,9,8,0.9975025463691152,0.2440395387335149,10815.097000000002,1201.6774444444443
30,2021-10-13 10:08:17.315000+09:00,0,0,1.0,0.0,0.0,466.50075
30,2021-10-13 14:00:35.544000+09:00,19,18,0.9994730201859836,0.1918575616359922,6989.299999999998,367.857894736842
30,2021-10-13 18:50:32.401000+09:00,15,15,1.0,0.2037950470905062,6669.754000000001,444.6502666666667
30,2021-10-16 10:03:20.571000+09:00,2,1,0.9182958340544896,0.579380164285695,4093.63,2046.815
30,2021-10-16 18:00:47.650000+09:00,7,6,0.9957274520849256,0.2690835489640477,2179.011,311.2872857142857
30,2021-10-19 14:35:28.823000+09:00,12,11,0.9986359641585718,0.2207631892432481,3024.744,252.062
30,2021-10-19 18:07:06.889000+09:00,14,13,0.9990102708804812,0.2101017680073257,9484.338,677.4527142857143
30,2021-10-22 10:00:41.206000+09:00,0,0,1.0,0.0,0.0,466.50075
30,2021-10-22 14:20:51.054000+09:00,15,15,1.0,0.2037950470905062,10125.36,675.024
30,2021-10-22 18:39:03.045000+09:00,4,3,0.9852281360342516,0.3509453429964405,5216.343,1304.08575
30,2021-10-25 10:01:22.058000+09:00,12,11,0.9986359641585718,0.2207631892432481,10759.335,896.6112499999999
30,2021-10-25 14:19:45.699000+09:00,30,29,0.9997927658541268,0.1699563882195072,6216.048000000001,207.2016
30,2021-10-25 18:50:26.344000+09:00,15,14,0.9991421039919088,0.2056702372845884,8641.704999999998,576.1136666666665
30,2021-10-28 10:12:44.660000+09:00,4,3,0.9852281360342516,0.3509453429964405,1965.802,491.4505
30,2021-10-28 14:12:19.590000+09:00,10,9,0.9980008838722996,0.2349383036113225,1052.288,105.2288
30,2021-10-28 18:03:57.366000+09:00,4,3,0.9852281360342516,0.3509453429964405,13636.312999999998,3409.07825
30,2021-10-31 10:00:47.510000+09:00,1,0,0.0,0.0,3768.141,3768.141
30,2021-10-31 14:01:28.671000+09:00,7,6,0.9957274520849256,0.2690835489640477,13506.949,1929.564142857143
30,2021-10-31 18:01:09.815000+09:00,12,11,0.9986359641585718,0.2207631892432481,5598.009,466.50075
30,2021-11-03 10:00:53.048000+09:00,3,3,1.0,0.3868528072345416,6817.241,2272.413666666667
30,2021-11-03 14:01:55.333000+09:00,19,18,0.9994730201859836,0.1918575616359922,6419.97,337.8931578947369
30,2021-11-03 18:06:12.513000+09:00,33,32,0.9998292601233936,0.1660192952613121,6628.113000000001,200.85190909090912
30,2021-11-06 10:20:51.268000+09:00,1,0,0.0,0.0,31.623,31.623
30,2021-11-06 14:01:36.801000+09:00,6,6,1.0,0.2789429456511298,1907.999,317.99983333333336
30,2021-11-06 18:22:01.161000+09:00,0,1,0.0,0.0,0.0,466.50075
30,2021-11-09 10:15:58.671000+09:00,4,3,0.9852281360342516,0.3509453429964405,260.349,65.08725
30,2021-11-09 14:27:18.957000+09:00,10,9,0.9980008838722996,0.2349383036113225,4165.904,416.59039999999993
30,2021-11-09 18:11:23.531000+09:00,11,11,1.0,0.2242438242175754,7517.455,683.405
30,2021-11-12 10:03:22.789000+09:00,4,3,0.9852281360342516,0.3509453429964405,1669.152,417.288
30,2021-11-12 14:07:32.205000+09:00,17,16,0.9993375041688848,0.1981085300876491,9161.973999999998,538.9396470588234
30,2021-11-12 18:06:49.485000+09:00,30,30,1.0,0.1692938075987814,6074.334,202.4778
30,2021-11-15 10:00:26.710000+09:00,10,9,0.9980008838722996,0.2349383036113225,4208.484,420.8484
30,2021-11-15 14:11:22.865000+09:00,28,27,0.9997615248696312,0.1729284414755983,9155.799,326.9928214285714
30,2021-11-15 18:12:13.909000+09:00,32,31,0.999818246960343,0.1672697714941402,7419.905999999999,231.8720625
30,2021-11-18 10:00:27.515000+09:00,6,5,0.9940302114769564,0.2873391704353197,3778.017,629.6695
30,2021-11-18 14:00:31.080000+09:00,32,31,0.999818246960343,0.1672697714941402,3884.941000000001,121.40440625000004
30,2021-11-18 18:00:46.062000+09:00,38,37,0.999871756640849,0.1605234967212135,5904.000000000001,155.3684210526316
30,2021-11-21 10:54:44.950000+09:00,0,0,1.0,0.0,0.0,466.50075
30,2021-11-21 14:29:47.402000+09:00,13,14,0.9990102708804812,0.2101017680073257,3791.722,291.67092307692303
30,2021-11-21 18:25:30.191000+09:00,1,2,0.9182958340544896,0.579380164285695,2348.188,2348.188
30,2021-11-24 10:00:40.962000+09:00,2,2,1.0,0.5,1759.863,879.9315
30,2021-11-24 14:34:43.262000+09:00,21,21,1.0,0.1854490234153689,6320.534,300.9778095238095
30,2021-11-24 18:15:29.388000+09:00,16,15,0.9992492479956564,0.2016975479757734,6650.304,415.644
36,2021-08-17 18:01:56.601000+09:00,1,0,0.0,0.0,1785.422,1785.422
36,2021-08-20 14:04:02.288000+09:00,8,8,1.0,0.25,6677.534000000001,834.6917500000001
36,2021-08-20 18:30:24.288000+09:00,17,17,1.0,0.1965616322328226,4398.427000000001,258.73100000000005
36,2021-08-23 10:01:18.654000+09:00,9,8,0.9975025463691152,0.2440395387335149,6273.678000000001,697.0753333333334
36,2021-08-23 18:01:35.972000+09:00,8,7,0.9967916319816366,0.2551368172689722,847.34,105.9175
36,2021-08-26 10:13:27.592000+09:00,7,6,0.9957274520849256,0.2690835489640477,4908.303,701.1861428571428
36,2021-08-26 14:32:33.065000+09:00,46,46,1.0,0.153290488652678,2833.803000000001,61.60441304347828
36,2021-08-26 18:35:29.690000+09:00,44,43,0.9999046950184836,0.1551937706209491,4498.135,102.23034090909093
36,2021-08-29 10:02:02.806000+09:00,4,3,0.9852281360342516,0.3509453429964405,5213.474,1303.3685
36,2021-08-29 18:21:14.262000+09:00,13,13,1.0,0.2127460535533631,2612.856,200.9889230769231
36,2021-09-01 10:22:27.237000+09:00,5,4,0.9910760598382222,0.3126496871021503,3771.823,754.3646000000001
36,2021-09-01 14:45:59.991000+09:00,17,16,0.9993375041688848,0.1981085300876491,6438.081999999999,378.7107058823529
36,2021-09-01 18:12:23.881000+09:00,26,25,0.9997226475394072,0.1762425395257729,8929.184000000001,343.43015384615387
36,2021-09-04 12:02:03.370000+09:00,5,4,0.9910760598382222,0.3126496871021503,365.663,73.1326
36,2021-09-04 16:02:20.220000+09:00,33,32,0.9998292601233936,0.1660192952613121,6180.408000000001,187.2850909090909
36,2021-09-04 20:01:25.411000+09:00,15,14,0.9991421039919088,0.2056702372845884,4969.639000000001,331.3092666666668
36,2021-09-07 12:02:53.730000+09:00,7,7,1.0,0.2626495350371935,8214.474999999999,1173.4964285714284
36,2021-09-07 16:01:42.526000+09:00,12,11,0.9986359641585718,0.2207631892432481,6728.644,560.7203333333333
36,2021-09-07 20:04:46.434000+09:00,8,7,0.9967916319816366,0.2551368172689722,6456.112,807.014
36,2021-09-10 12:01:52.502000+09:00,23,22,0.999643749677856,0.1820230315967373,2901.858,126.16773913043475
36,2021-09-10 16:22:52.690000+09:00,20,19,0.999525689293649,0.1891106197607057,3283.197,164.15985
36,2021-09-10 20:01:20.846000+09:00,12,11,0.9986359641585718,0.2207631892432481,4724.717,393.7264166666666
36,2021-09-13 12:04:32.156000+09:00,28,29,0.9997779672118906,0.1714035349173401,5169.485000000001,184.6244642857143
36,2021-09-13 16:04:05.695000+09:00,16,16,1.0,0.2,1470.624,91.914
36,2021-09-13 20:01:14.149000+09:00,14,13,0.9990102708804812,0.2101017680073257,1558.044,111.28885714285715
36,2021-09-16 12:03:07.171000+09:00,36,35,0.9998568991526108,0.1625850428843555,3241.3749999999995,90.03819444444443
36,2021-09-16 16:51:27.445000+09:00,38,37,0.999871756640849,0.1605234967212135,4368.759,114.96734210526316
36,2021-09-16 20:01:11.356000+09:00,43,42,0.9999001572094884,0.1560054874437146,2761.441,64.21955813953488
36,2021-09-19 12:02:03.048000+09:00,11,10,0.998363672593813,0.2272977056294367,2630.745,239.1586363636364
36,2021-09-19 16:12:39.308000+09:00,9,8,0.9975025463691152,0.2440395387335149,1098.9830000000002,122.10922222222224
36,2021-09-19 20:05:00.179000+09:00,6,5,0.9940302114769564,0.2873391704353197,3763.956,627.326
36,2021-09-22 12:01:02.422000+09:00,16,16,1.0,0.2,3548.994,221.812125
36,2021-09-22 16:20:26.572000+09:00,16,15,0.9992492479956564,0.2016975479757734,2637.598,164.849875
36,2021-09-22 20:04:14.750000+09:00,11,10,0.998363672593813,0.2272977056294367,4532.951999999999,412.0865454545454
36,2021-09-25 12:01:42.616000+09:00,26,25,0.9997226475394072,0.1762425395257729,5463.094999999999,210.1190384615384
36,2021-09-25 16:01:12.701000+09:00,12,11,0.9986359641585718,0.2207631892432481,798.72,66.56
36,2021-09-25 20:18:50.729000+09:00,14,13,0.9990102708804812,0.2101017680073257,1220.8380000000002,87.2027142857143
36,2021-09-28 12:01:14.657000+09:00,21,21,1.0,0.1854490234153689,5933.090999999999,282.5281428571428
36,2021-09-28 16:05:45.344000+09:00,40,39,0.9998844148717588,0.1586166230735262,3299.183999999999,82.47959999999998
36,2021-09-28 20:01:34.635000+09:00,32,31,0.999818246960343,0.1672697714941402,3772.404,117.887625
36,2021-10-01 12:01:07.207000+09:00,10,9,0.9980008838722996,0.2349383036113225,6607.245999999999,660.7245999999999
36,2021-10-01 16:01:00.084000+09:00,25,24,0.9996995428565172,0.1780500810570478,8265.384000000002,330.61536000000007
36,2021-10-04 12:01:11.865000+09:00,21,20,0.9995708393473224,0.1865723073683122,1211.923,57.71061904761905
36,2021-10-04 16:06:37.083000+09:00,12,11,0.9986359641585718,0.2207631892432481,8353.367,696.1139166666667
36,2021-10-04 20:02:09.459000+09:00,11,10,0.998363672593813,0.2272977056294367,6349.216,577.2014545454546
36,2021-10-07 12:00:58.110000+09:00,14,15,0.9991421039919088,0.2056702372845884,3111.916,222.27971428571428
36,2021-10-07 16:01:13.528000+09:00,12,12,1.0,0.2181042919855315,780.4010000000001,65.03341666666667
36,2021-10-07 20:00:55.221000+09:00,11,10,0.998363672593813,0.2272977056294367,4339.763,394.52390909090906
36,2021-10-10 12:03:38.919000+09:00,12,11,0.9986359641585718,0.2207631892432481,3552.82,296.0683333333333
36,2021-10-10 16:01:20.719000+09:00,10,9,0.9980008838722996,0.2349383036113225,6667.804999999999,666.7805
36,2021-10-10 20:29:31.311000+09:00,30,30,1.0,0.1692938075987814,3781.294,126.04313333333332
36,2021-10-13 12:01:25.388000+09:00,11,10,0.998363672593813,0.2272977056294367,2616.9480000000003,237.90436363636368
36,2021-10-13 16:01:02.395000+09:00,15,14,0.9991421039919088,0.2056702372845884,2260.0060000000003,150.6670666666667
36,2021-10-13 20:13:28.616000+09:00,6,5,0.9940302114769564,0.2873391704353197,3953.994,658.9989999999999
36,2021-10-16 12:12:02.749000+09:00,7,6,0.9957274520849256,0.2690835489640477,2230.418,318.6311428571429
36,2021-10-16 16:02:03.696000+09:00,12,11,0.9986359641585718,0.2207631892432481,1124.547,93.71225
36,2021-10-16 20:04:10.942000+09:00,6,5,0.9940302114769564,0.2873391704353197,5571.907999999999,928.6513333333332
36,2021-10-19 12:01:23.640000+09:00,7,6,0.9957274520849256,0.2690835489640477,3590.539,512.9341428571428
36,2021-10-19 16:02:17.082000+09:00,10,9,0.9980008838722996,0.2349383036113225,992.898,99.2898
36,2021-10-19 20:03:31.528000+09:00,7,6,0.9957274520849256,0.2690835489640477,4221.499,603.0712857142856
36,2021-10-22 12:05:44.955000+09:00,7,6,0.9957274520849256,0.2690835489640477,3424.0820000000003,489.1545714285715
36,2021-10-22 16:01:10.523000+09:00,14,13,0.9990102708804812,0.2101017680073257,561.4090000000001,40.10064285714287
36,2021-10-22 20:02:13.628000+09:00,6,5,0.9940302114769564,0.2873391704353197,2865.257,477.54283333333336
36,2021-10-25 12:01:37.960000+09:00,0,0,1.0,0.0,0.0,311.31684615384614
36,2021-10-25 16:05:59.855000+09:00,7,6,0.9957274520849256,0.2690835489640477,3021.1539999999995,431.5934285714285
36,2021-10-25 20:26:04.788000+09:00,15,14,0.9991421039919088,0.2056702372845884,4791.7390000000005,319.4492666666667
36,2021-10-28 12:02:37.619000+09:00,16,15,0.9992492479956564,0.2016975479757734,3230.655,201.9159375
36,2021-10-28 16:06:02.121000+09:00,12,11,0.9986359641585718,0.2207631892432481,4618.725,384.89375
36,2021-10-28 20:01:09.991000+09:00,10,9,0.9980008838722996,0.2349383036113225,2574.048,257.4048
36,2021-10-31 12:01:24.018000+09:00,4,3,0.9852281360342516,0.3509453429964405,12010.085,3002.52125
36,2021-10-31 16:24:43.698000+09:00,5,4,0.9910760598382222,0.3126496871021503,7142.676,1428.5351999999998
36,2021-10-31 20:23:34.556000+09:00,11,10,0.998363672593813,0.2272977056294367,1281.328,116.48436363636364
36,2021-11-03 12:53:32.245000+09:00,8,8,1.0,0.25,2534.656,316.832
36,2021-11-03 16:06:07.443000+09:00,16,15,0.9992492479956564,0.2016975479757734,6838.558,427.409875
36,2021-11-03 20:13:01.607000+09:00,9,9,1.0,0.2398124665681314,6025.9,669.5444444444444
36,2021-11-06 12:01:58.480000+09:00,3,2,0.9709505944546686,0.4181656600790516,821.718,273.906
36,2021-11-06 16:01:33.405000+09:00,10,9,0.9980008838722996,0.2349383036113225,5316.361,531.6360999999999
36,2021-11-06 20:15:26.940000+09:00,10,9,0.9980008838722996,0.2349383036113225,5614.484,561.4484
36,2021-11-09 12:11:25.537000+09:00,0,0,1.0,0.0,0.0,311.31684615384614
36,2021-11-09 16:01:23.258000+09:00,17,16,0.9993375041688848,0.1981085300876491,3963.421,233.14241176470588
36,2021-11-09 20:04:43.891000+09:00,10,9,0.9980008838722996,0.2349383036113225,5037.829,503.7829
36,2021-11-12 12:02:33.911000+09:00,17,16,0.9993375041688848,0.1981085300876491,4488.582,264.03423529411765
36,2021-11-12 16:01:08.345000+09:00,13,12,0.9988455359952018,0.2150896787446934,4047.119,311.31684615384614
36,2021-11-12 20:02:58.052000+09:00,16,15,0.9992492479956564,0.2016975479757734,4847.030999999998,302.9394374999999
36,2021-11-15 12:02:03.905000+09:00,5,4,0.9910760598382222,0.3126496871021503,2985.351,597.0702
36,2021-11-15 16:04:40.001000+09:00,13,12,0.9988455359952018,0.2150896787446934,5162.704,397.1310769230769
36,2021-11-15 20:04:33.427000+09:00,9,8,0.9975025463691152,0.2440395387335149,3137.018,348.5575555555555
37,2021-08-17 12:00:26.740000+09:00,4,3,0.9852281360342516,0.3509453429964405,7324.293,1831.07325
37,2021-08-17 16:37:59.079000+09:00,5,5,1.0,0.3010299956639812,8601.705,1720.341
37,2021-08-17 20:03:25.803000+09:00,18,17,0.9994110647387552,0.1948442036512952,5342.875,296.8263888888889
37,2021-08-20 12:01:14.629000+09:00,28,28,1.0,0.1721954337940981,10429.275,372.4741071428571
37,2021-08-20 16:24:17.784000+09:00,18,18,1.0,0.1934264036172708,1530.136,85.00755555555556
37,2021-08-20 20:00:34.014000+09:00,26,26,1.0,0.1754250635819545,3464.15,133.23653846153846
37,2021-08-23 12:01:46.518000+09:00,0,0,1.0,0.0,0.0,313.4022083333333
37,2021-08-23 16:04:38.425000+09:00,27,26,0.999743186071085,0.1745385945914508,5012.406,185.64466666666667
37,2021-08-23 20:00:28.376000+09:00,9,8,0.9975025463691152,0.2440395387335149,5610.361999999999,623.3735555555554
37,2021-08-26 12:03:34.012000+09:00,54,54,1.0,0.1480409554829326,7930.79,146.8664814814815
37,2021-08-26 16:07:06.894000+09:00,36,35,0.9998568991526108,0.1625850428843555,7971.208,221.42244444444444
37,2021-08-26 20:00:56.193000+09:00,57,56,0.9999435071707974,0.1466154352666273,9391.667,164.76608771929827
37,2021-08-29 12:52:40.067000+09:00,5,4,0.9910760598382222,0.3126496871021503,5809.0960000000005,1161.8192
37,2021-08-29 16:01:38.919000+09:00,17,16,0.9993375041688848,0.1981085300876491,2100.231,123.543
37,2021-08-29 20:02:00.850000+09:00,7,6,0.9957274520849256,0.2690835489640477,8035.047,1147.8638571428571
37,2021-09-01 12:01:27.364000+09:00,30,29,0.9997927658541268,0.1699563882195072,6270.775999999999,209.02586666666664
37,2021-09-01 16:33:08.140000+09:00,3,3,1.0,0.3868528072345416,53.087,17.695666666666668
37,2021-09-01 20:00:34.509000+09:00,2,1,0.9182958340544896,0.579380164285695,10279.612,5139.8060000000005
37,2021-09-04 12:07:11.933000+09:00,0,0,1.0,0.0,0.0,313.4022083333333
37,2021-09-04 16:01:39.067000+09:00,0,0,1.0,0.0,0.0,313.4022083333333
37,2021-09-04 20:07:42.348000+09:00,7,6,0.9957274520849256,0.2690835489640477,2595.862,370.8374285714285
37,2021-09-07 12:01:14.893000+09:00,9,8,0.9975025463691152,0.2440395387335149,5324.734,591.6371111111112
37,2021-09-07 16:00:33.071000+09:00,30,29,0.9997927658541268,0.1699563882195072,2663.6490000000003,88.7883
37,2021-09-07 20:01:04.955000+09:00,15,14,0.9991421039919088,0.2056702372845884,12235.083,815.6722000000001
37,2021-09-10 12:01:54.181000+09:00,8,7,0.9967916319816366,0.2551368172689722,729.643,91.205375
37,2021-09-10 16:00:39.671000+09:00,11,10,0.998363672593813,0.2272977056294367,5248.524,477.1385454545455
37,2021-09-10 20:01:05.808000+09:00,6,5,0.9940302114769564,0.2873391704353197,2262.656,377.1093333333333
37,2021-09-13 12:05:27.491000+09:00,0,0,1.0,0.0,0.0,313.4022083333333
37,2021-09-13 16:00:38.337000+09:00,4,4,1.0,0.3333333333333333,9332.446,2333.1115
37,2021-09-13 20:00:22.754000+09:00,60,59,0.999949060376349,0.1450290775918348,2847.475999999999,47.45793333333332
37,2021-09-16 12:00:51.327000+09:00,9,8,0.9975025463691152,0.2440395387335149,9857.571,1095.2856666666669
37,2021-09-16 16:27:38.138000+09:00,12,11,0.9986359641585718,0.2207631892432481,2483.046,206.9205
37,2021-09-16 20:00:23.431000+09:00,12,11,0.9986359641585718,0.2207631892432481,7752.516,646.043
37,2021-09-19 12:00:30.163000+09:00,0,0,1.0,0.0,0.0,313.4022083333333
37,2021-09-19 16:00:28.318000+09:00,10,9,0.9980008838722996,0.2349383036113225,6921.24,692.124
37,2021-09-19 20:12:04.729000+09:00,9,9,1.0,0.2398124665681314,5134.863,570.5403333333334
37,2021-09-22 12:01:24.112000+09:00,0,0,1.0,0.0,0.0,313.4022083333333
37,2021-09-22 16:00:35.304000+09:00,10,9,0.9980008838722996,0.2349383036113225,12090.701,1209.0701
37,2021-09-22 20:00:29.049000+09:00,1,1,1.0,1.0,3094.26,3094.26
37,2021-09-25 12:00:29.929000+09:00,2,1,0.9182958340544896,0.579380164285695,493.643,246.8215
37,2021-09-25 16:00:33.631000+09:00,26,25,0.9997226475394072,0.1762425395257729,2038.497,78.40373076923078
37,2021-09-25 20:00:56.252000+09:00,4,4,1.0,0.3333333333333333,3775.336,943.834
37,2021-09-28 12:00:26.648000+09:00,3,3,1.0,0.3868528072345416,6147.795,2049.265
37,2021-09-28 16:02:06.052000+09:00,35,34,0.9998484829291058,0.1636808512438137,6712.406,191.78302857142856
37,2021-09-28 20:00:45.206000+09:00,13,12,0.9988455359952018,0.2150896787446934,3319.1500000000005,255.3192307692308
37,2021-10-01 12:00:22.955000+09:00,8,7,0.9967916319816366,0.2551368172689722,11422.367,1427.795875
37,2021-10-01 16:02:45.632000+09:00,15,14,0.9991421039919088,0.2056702372845884,10972.597000000002,731.5064666666668
37,2021-10-01 20:01:39.436000+09:00,26,25,0.9997226475394072,0.1762425395257729,1878.62,72.25461538461539
37,2021-10-04 12:00:37.699000+09:00,12,11,0.9986359641585718,0.2207631892432481,9110.682,759.2235000000001
37,2021-10-04 16:00:28.752000+09:00,36,35,0.9998568991526108,0.1625850428843555,7781.482,216.15227777777775
37,2021-10-04 20:00:28.076000+09:00,12,11,0.9986359641585718,0.2207631892432481,4088.613,340.71775
37,2021-10-07 12:00:34.536000+09:00,36,35,0.9998568991526108,0.1625850428843555,11606.714000000002,322.40872222222225
37,2021-10-07 16:00:24.814000+09:00,51,50,0.999929285432166,0.150179862568574,5011.128,98.25741176470588
37,2021-10-07 20:00:28.628000+09:00,13,12,0.9988455359952018,0.2150896787446934,3279.432,252.264
37,2021-10-10 12:00:29.178000+09:00,0,0,1.0,0.0,0.0,313.4022083333333
37,2021-10-10 20:02:03.292000+09:00,11,10,0.998363672593813,0.2272977056294367,4379.925,398.175
37,2021-10-13 12:00:19.438000+09:00,0,0,1.0,0.0,0.0,313.4022083333333
37,2021-10-13 16:00:49.850000+09:00,18,18,1.0,0.1934264036172708,8357.84,464.32444444444445
37,2021-10-13 20:00:31.931000+09:00,37,36,0.9998646331239298,0.1615335981840565,6636.347999999999,179.36075675675673
37,2021-10-16 12:02:31.279000+09:00,7,6,0.9957274520849256,0.2690835489640477,5143.115000000001,734.7307142857144
37,2021-10-16 16:04:58.992000+09:00,22,21,0.999609836367807,0.1842169303481922,6458.232999999999,293.5560454545454
37,2021-10-16 20:00:22.002000+09:00,27,26,0.999743186071085,0.1745385945914508,1030.565,38.16907407407408
37,2021-10-19 12:00:21.216000+09:00,0,0,1.0,0.0,0.0,313.4022083333333
37,2021-10-19 16:26:00.268000+09:00,2,1,0.9182958340544896,0.579380164285695,59.981,29.9905
37,2021-10-19 20:00:40.502000+09:00,1,1,1.0,1.0,37.301,37.301
37,2021-10-22 12:00:22.463000+09:00,5,3,0.954434002924965,0.318144667641655,13006.019,2601.2038
37,2021-10-22 16:01:19.240000+09:00,14,14,1.0,0.2080145976765094,3182.2720000000004,227.3051428571429
37,2021-10-22 20:01:50.488000+09:00,21,20,0.9995708393473224,0.1865723073683122,3286.643,156.50680952380952
37,2021-10-25 12:03:05.677000+09:00,16,15,0.9992492479956564,0.2016975479757734,6775.100999999999,423.4438124999999
37,2021-10-25 16:00:26.270000+09:00,16,15,0.9992492479956564,0.2016975479757734,10990.623000000003,686.9139375000002
37,2021-10-25 20:00:37.975000+09:00,19,18,0.9994730201859836,0.1918575616359922,3217.7159999999994,169.35347368421048
37,2021-10-28 12:00:35.954000+09:00,24,24,1.0,0.1790522317510413,7521.652999999999,313.4022083333333
37,2021-10-28 16:19:05.452000+09:00,28,28,1.0,0.1721954337940981,442.715,15.81125
37,2021-10-28 20:01:25.903000+09:00,33,33,1.0,0.1654425539190583,7324.387000000001,221.9511212121212
37,2021-10-31 12:00:24.654000+09:00,0,0,1.0,0.0,0.0,313.4022083333333
37,2021-10-31 16:00:32.486000+09:00,4,3,0.9852281360342516,0.3509453429964405,9443.548999999995,2360.8872499999998
37,2021-10-31 20:00:34.697000+09:00,24,23,0.9996734260048916,0.1799725331071017,5869.249,244.55204166666667
37,2021-11-03 12:00:51.229000+09:00,1,1,1.0,1.0,26.877,26.877
37,2021-11-03 16:08:22.047000+09:00,11,11,1.0,0.2242438242175754,8447.445000000002,767.9495454545456
37,2021-11-03 20:00:42.041000+09:00,35,34,0.9998484829291058,0.1636808512438137,1465.0799999999997,41.859428571428566
37,2021-11-06 12:00:31.823000+09:00,3,1,0.8112781244591328,0.4056390622295664,7300.276,2433.425333333333
37,2021-11-06 16:03:21.213000+09:00,19,18,0.9994730201859836,0.1918575616359922,7943.386,418.072947368421
37,2021-11-06 20:00:45.381000+09:00,11,10,0.998363672593813,0.2272977056294367,9173.698,833.9725454545455
37,2021-11-09 12:00:39.441000+09:00,0,0,1.0,0.0,0.0,313.4022083333333
37,2021-11-09 16:00:25.820000+09:00,17,17,1.0,0.1965616322328226,1610.0109999999995,94.70652941176468
37,2021-11-09 20:00:26.122000+09:00,49,48,0.9999233329473268,0.1515055360361342,6031.434,123.09048979591836
39,2021-08-17 12:00:43.706000+09:00,2,1,0.9182958340544896,0.579380164285695,4531.444,2265.722
39,2021-08-17 16:00:29.641000+09:00,1,1,1.0,1.0,13785.646,13785.646
39,2021-08-17 20:00:27.902000+09:00,1,0,0.0,0.0,14400.0,14400.0
39,2021-08-20 12:06:23.465000+09:00,0,0,1.0,0.0,0.0,669.8175555555556
39,2021-08-26 12:51:33.714000+09:00,0,0,1.0,0.0,0.0,669.8175555555556
39,2021-08-26 20:00:29.975000+09:00,1,1,1.0,1.0,12521.371,12521.371
39,2021-09-13 12:04:22.377000+09:00,0,0,1.0,0.0,0.0,669.8175555555556
39,2021-09-13 16:51:12.796000+09:00,18,18,1.0,0.1934264036172708,6812.9,378.4944444444444
39,2021-09-13 20:06:35.936000+09:00,9,9,1.0,0.2398124665681314,6147.289,683.0321111111111
39,2021-09-16 12:00:30.962000+09:00,0,0,1.0,0.0,0.0,669.8175555555556
39,2021-09-16 16:59:40.406000+09:00,3,3,1.0,0.3868528072345416,11482.718,3827.5726666666665
39,2021-09-16 20:07:28.704000+09:00,17,16,0.9993375041688848,0.1981085300876491,5810.755,341.8091176470588
39,2021-09-22 12:01:54.475000+09:00,3,2,0.9709505944546686,0.4181656600790516,2054.648,684.8826666666668
39,2021-09-22 16:04:02.532000+09:00,18,17,0.9994110647387552,0.1948442036512952,3369.2540000000004,187.1807777777778
39,2021-09-22 20:00:34.370000+09:00,6,5,0.9940302114769564,0.2873391704353197,10440.387,1740.0645000000002
39,2021-09-25 12:11:38.974000+09:00,8,7,0.9967916319816366,0.2551368172689722,3483.457,435.432125
39,2021-09-25 20:07:49.053000+09:00,5,4,0.9910760598382222,0.3126496871021503,4008.308,801.6615999999999
39,2021-09-28 12:01:01.643000+09:00,1,0,0.0,0.0,6534.428,6534.428
39,2021-09-28 20:09:05.433000+09:00,0,0,1.0,0.0,0.0,669.8175555555556
39,2021-10-01 12:00:22.857000+09:00,0,0,1.0,0.0,0.0,669.8175555555556
39,2021-10-01 16:09:02.777000+09:00,0,0,1.0,0.0,0.0,669.8175555555556
39,2021-10-01 20:00:32.583000+09:00,21,21,1.0,0.1854490234153689,3852.728,183.46323809523807
39,2021-10-04 12:08:32.144000+09:00,0,0,1.0,0.0,0.0,669.8175555555556
39,2021-10-04 16:00:21.818000+09:00,7,6,0.9957274520849256,0.2690835489640477,7618.869,1088.4098571428572
39,2021-10-07 12:05:38.094000+09:00,0,0,1.0,0.0,0.0,669.8175555555556
39,2021-10-10 16:00:21.743000+09:00,0,0,1.0,0.0,0.0,669.8175555555556
39,2021-10-10 20:03:06.252000+09:00,8,7,0.9967916319816366,0.2551368172689722,8391.837,1048.979625
39,2021-10-13 12:00:45.063000+09:00,0,0,1.0,0.0,0.0,669.8175555555556
39,2021-10-13 16:21:49.064000+09:00,6,6,1.0,0.2789429456511298,3029.206,504.8676666666667
39,2021-10-16 12:47:10.236000+09:00,0,0,1.0,0.0,0.0,669.8175555555556
39,2021-10-19 12:32:01.200000+09:00,0,0,1.0,0.0,0.0,669.8175555555556
39,2021-10-19 16:00:26.036000+09:00,2,2,1.0,0.5,3677.276,1838.638
39,2021-10-22 12:10:08.839000+09:00,0,0,1.0,0.0,0.0,669.8175555555556
39,2021-10-25 16:15:49.338000+09:00,5,4,0.9910760598382222,0.3126496871021503,3096.4800000000005,619.296
39,2021-10-25 20:00:25+09:00,2,2,1.0,0.5,5868.946,2934.473
39,2021-10-28 16:53:40.992000+09:00,3,2,0.9709505944546686,0.4181656600790516,3536.783,1178.9276666666667
39,2021-10-28 20:02:29.626000+09:00,10,10,1.0,0.2313782131597591,5984.145999999999,598.4145999999998
39,2021-10-31 12:00:31.824000+09:00,0,0,1.0,0.0,0.0,669.8175555555556
39,2021-10-31 16:50:15.737000+09:00,6,7,0.9957274520849256,0.2690835489640477,7484.987000000001,1247.4978333333336
39,2021-11-03 12:53:18.874000+09:00,0,0,1.0,0.0,0.0,669.8175555555556
39,2021-11-03 20:15:29.815000+09:00,22,21,0.999609836367807,0.1842169303481922,2059.165,93.59840909090909
39,2021-11-06 12:00:41.559000+09:00,0,0,1.0,0.0,0.0,669.8175555555556
39,2021-11-09 12:08:08.057000+09:00,0,0,1.0,0.0,0.0,669.8175555555556
39,2021-11-12 12:00:20.774000+09:00,0,0,1.0,0.0,0.0,669.8175555555556
39,2021-11-12 20:13:09.468000+09:00,9,9,1.0,0.2398124665681314,3205.589,356.1765555555555
39,2021-11-15 12:01:56.323000+09:00,0,0,1.0,0.0,0.0,669.8175555555556
39,2021-11-15 16:00:23.773000+09:00,4,4,1.0,0.3333333333333333,4173.209,1043.30225
39,2021-11-15 20:01:18.182000+09:00,0,1,0.0,0.0,0.0,669.8175555555556
39,2021-11-18 16:09:31.296000+09:00,0,0,1.0,0.0,0.0,669.8175555555556
39,2021-11-18 20:12:38.446000+09:00,0,0,1.0,0.0,0.0,669.8175555555556
39,2021-11-24 12:31:26.367000+09:00,0,0,1.0,0.0,0.0,669.8175555555556
39,2021-11-24 20:11:00.065000+09:00,0,0,1.0,0.0,0.0,669.8175555555556
39,2021-11-27 20:23:10.968000+09:00,12,11,0.9986359641585718,0.2207631892432481,7687.482,640.6235
39,2021-11-30 12:01:01.184000+09:00,0,0,1.0,0.0,0.0,669.8175555555556
39,2021-11-30 16:53:25.937000+09:00,0,0,1.0,0.0,0.0,669.8175555555556
39,2021-11-30 20:00:35.447000+09:00,22,21,0.999609836367807,0.1842169303481922,6087.375,276.6988636363636
39,2021-12-03 12:17:36.646000+09:00,0,0,1.0,0.0,0.0,669.8175555555556
39,2021-12-03 20:50:43.853000+09:00,8,7,0.9967916319816366,0.2551368172689722,1043.415,130.426875
39,2021-12-06 12:07:38.738000+09:00,0,0,1.0,0.0,0.0,669.8175555555556
39,2021-12-06 16:00:23.023000+09:00,7,6,0.9957274520849256,0.2690835489640477,4911.437,701.6338571428571
39,2021-12-06 20:10:40.478000+09:00,10,9,0.9980008838722996,0.2349383036113225,2785.564,278.5564
39,2021-12-09 12:55:26.034000+09:00,1,1,1.0,1.0,37.052,37.052
39,2021-12-09 20:00:54.697000+09:00,34,33,0.9998393017810484,0.1648243654830925,3766.45,110.77794117647056
39,2021-12-12 12:06:42.439000+09:00,6,5,0.9940302114769564,0.2873391704353197,6297.1630000000005,1049.5271666666667
39,2021-12-12 20:11:56.427000+09:00,18,17,0.9994110647387552,0.1948442036512952,14400.0,1121.0815
39,2021-12-15 12:05:22.475000+09:00,0,0,1.0,0.0,0.0,669.8175555555556
39,2021-12-18 20:03:13.313000+09:00,16,15,0.9992492479956564,0.2016975479757734,5792.819,362.0511875
39,2021-12-21 12:58:30.968000+09:00,0,0,1.0,0.0,0.0,669.8175555555556
39,2021-12-24 20:00:28.248000+09:00,3,2,0.9709505944546686,0.4181656600790516,1969.809,656.6030000000001
39,2021-12-27 20:00:19.853000+09:00,0,0,1.0,0.0,0.0,669.8175555555556
39,2021-12-30 16:03:42.930000+09:00,16,15,0.9992492479956564,0.2016975479757734,3267.549,204.2218125
39,2021-12-30 20:01:30.294000+09:00,20,19,0.999525689293649,0.1891106197607057,2961.717,148.08585
40,2021-08-17 12:18:18.966000+09:00,6,6,1.0,0.2789429456511298,3853.537,642.2561666666667
40,2021-08-17 16:53:54.058000+09:00,8,8,1.0,0.25,10794.346,1349.29325
40,2021-08-17 20:56:24.852000+09:00,42,41,0.9998952874186192,0.1568453494580755,4957.251999999999,118.02980952380948
40,2021-08-20 12:10:44.659000+09:00,0,0,1.0,0.0,0.0,176.18333333333334
40,2021-08-20 16:51:35.592000+09:00,39,38,0.999878332299006,0.1595520009826492,5346.4220000000005,137.0877435897436
40,2021-08-20 20:48:41.828000+09:00,17,17,1.0,0.1965616322328226,2869.6850000000004,168.80500000000004
40,2021-08-23 12:25:21.629000+09:00,0,0,1.0,0.0,0.0,176.18333333333334
40,2021-08-23 16:24:12.669000+09:00,30,30,1.0,0.1692938075987814,6470.808,215.6936
40,2021-08-26 12:15:33.552000+09:00,11,10,0.998363672593813,0.2272977056294367,8333.464,757.5876363636363
40,2021-08-26 16:20:55.016000+09:00,23,22,0.999643749677856,0.1820230315967373,3150.5620000000004,136.98095652173916
40,2021-08-26 20:28:56.890000+09:00,6,6,1.0,0.2789429456511298,141.662,23.610333333333333
40,2021-08-29 12:45:28.331000+09:00,23,23,1.0,0.1810425967800402,4861.779,211.3816956521739
40,2021-08-29 20:50:20.964000+09:00,0,0,1.0,0.0,0.0,176.18333333333334
40,2021-09-01 12:25:38.863000+09:00,0,0,1.0,0.0,0.0,176.18333333333334
40,2021-09-01 16:50:34.998000+09:00,15,14,0.9991421039919088,0.2056702372845884,3592.4500000000003,239.4966666666667
40,2021-09-04 16:00:34.624000+09:00,0,0,1.0,0.0,0.0,176.18333333333334
40,2021-09-04 20:01:15.025000+09:00,19,19,1.0,0.1905514124267734,6802.705000000001,358.0371052631579
40,2021-09-07 12:11:37.414000+09:00,59,59,1.0,0.1452930208392428,4640.606999999999,78.65435593220337
40,2021-09-07 16:06:47.775000+09:00,46,45,0.9999128895013562,0.1536485007263269,4887.411000000001,106.24806521739131
40,2021-09-10 12:50:28.482000+09:00,20,19,0.999525689293649,0.1891106197607057,9235.747,461.78735
40,2021-09-10 16:11:05.024000+09:00,1,0,0.0,0.0,14257.11,14257.11
40,2021-09-10 20:52:49.841000+09:00,13,12,0.9988455359952018,0.2150896787446934,583.004,44.84646153846154
40,2021-09-13 12:01:40.561000+09:00,0,0,1.0,0.0,0.0,176.18333333333334
40,2021-09-13 16:40:50.119000+09:00,35,34,0.9998484829291058,0.1636808512438137,2346.313,67.03751428571428
40,2021-09-13 20:17:52.622000+09:00,12,11,0.9986359641585718,0.2207631892432481,1135.467,94.62225
40,2021-09-16 12:12:04.280000+09:00,0,0,1.0,0.0,0.0,176.18333333333334
40,2021-09-16 16:00:26.232000+09:00,28,27,0.9997615248696312,0.1729284414755983,4698.31,167.79678571428573
40,2021-09-16 20:01:00.887000+09:00,28,27,0.9997615248696312,0.1729284414755983,6769.052,241.75185714285712
40,2021-09-19 12:25:59.628000+09:00,11,10,0.998363672593813,0.2272977056294367,709.232,64.47563636363635
40,2021-09-19 16:02:36.533000+09:00,38,37,0.999871756640849,0.1605234967212135,5471.793,143.99455263157893
40,2021-09-19 20:19:05.733000+09:00,26,25,0.9997226475394072,0.1762425395257729,6691.252,257.35584615384613
40,2021-09-22 12:42:15.298000+09:00,0,0,1.0,0.0,0.0,176.18333333333334
40,2021-09-22 16:16:18.304000+09:00,29,28,0.9997779672118906,0.1714035349173401,2445.3520000000003,84.3224827586207
40,2021-09-22 20:10:24.155000+09:00,20,19,0.999525689293649,0.1891106197607057,1421.881,71.09405
40,2021-09-25 12:29:25.162000+09:00,33,32,0.9998292601233936,0.1660192952613121,4285.779,129.8720909090909
40,2021-09-25 16:04:23.165000+09:00,39,38,0.999878332299006,0.1595520009826492,3627.1,93.0025641025641
40,2021-09-25 20:40:50.802000+09:00,14,13,0.9990102708804812,0.2101017680073257,3662.541,261.6100714285714
40,2021-09-28 12:57:37.374000+09:00,0,0,1.0,0.0,0.0,176.18333333333334
40,2021-09-28 16:24:21.059000+09:00,12,11,0.9986359641585718,0.2207631892432481,3033.9240000000004,252.82700000000003
40,2021-09-28 20:41:47.942000+09:00,5,5,1.0,0.3010299956639812,584.25,116.85
40,2021-10-01 12:09:56.464000+09:00,0,0,1.0,0.0,0.0,176.18333333333334
40,2021-10-01 16:26:17.651000+09:00,27,26,0.999743186071085,0.1745385945914508,5362.971,198.62855555555555
40,2021-10-01 20:18:48.711000+09:00,12,11,0.9986359641585718,0.2207631892432481,4730.349000000001,394.1957500000001
40,2021-10-04 12:17:09.027000+09:00,0,0,1.0,0.0,0.0,176.18333333333334
40,2021-10-04 16:14:19.745000+09:00,26,25,0.9997226475394072,0.1762425395257729,5192.522000000001,199.71238461538465
40,2021-10-04 20:35:55.458000+09:00,24,23,0.9996734260048916,0.1799725331071017,12232.219,509.6757916666666
40,2021-10-07 12:27:12.085000+09:00,21,21,1.0,0.1854490234153689,5275.0160000000005,251.19123809523813
40,2021-10-07 16:41:00.246000+09:00,15,14,0.9991421039919088,0.2056702372845884,2481.505000000001,165.4336666666667
40,2021-10-07 20:16:54.263000+09:00,7,6,0.9957274520849256,0.2690835489640477,1705.0190000000002,243.5741428571429
40,2021-10-10 12:12:59.214000+09:00,0,0,1.0,0.0,0.0,176.18333333333334
40,2021-10-10 16:02:11.574000+09:00,27,26,0.999743186071085,0.1745385945914508,3315.585,122.79944444444445
40,2021-10-10 20:19:03.894000+09:00,15,14,0.9991421039919088,0.2056702372845884,2176.599,145.1066
40,2021-10-13 12:26:51.477000+09:00,0,0,1.0,0.0,0.0,176.18333333333334
40,2021-10-13 16:31:15.903000+09:00,17,17,1.0,0.1965616322328226,7382.889999999999,434.2876470588235
40,2021-10-13 20:33:34.978000+09:00,51,50,0.999929285432166,0.150179862568574,2950.287,57.84876470588235
40,2021-10-16 12:57:11.679000+09:00,8,7,0.9967916319816366,0.2551368172689722,664.668,83.0835
40,2021-10-16 16:41:41.620000+09:00,22,21,0.999609836367807,0.1842169303481922,5789.379,263.1535909090909
40,2021-10-16 20:10:11.064000+09:00,31,30,0.999806132804711,0.1685804101409691,6505.531000000002,209.85583870967747
40,2021-10-19 12:24:17.558000+09:00,6,5,0.9940302114769564,0.2873391704353197,1210.1,201.68333333333337
40,2021-10-19 16:11:21.226000+09:00,29,28,0.9997779672118906,0.1714035349173401,2977.263,102.66424137931034
40,2021-10-19 20:09:19.589000+09:00,28,27,0.9997615248696312,0.1729284414755983,6781.018000000002,242.17921428571435
40,2021-10-22 12:17:21.028000+09:00,0,0,1.0,0.0,0.0,176.18333333333334
40,2021-10-22 16:40:49.131000+09:00,23,22,0.999643749677856,0.1820230315967373,2493.3700000000003,108.40739130434784
40,2021-10-22 20:19:13.419000+09:00,9,8,0.9975025463691152,0.2440395387335149,2903.076,322.564
40,2021-10-25 12:30:45.222000+09:00,0,0,1.0,0.0,0.0,176.18333333333334
40,2021-10-25 16:06:27.031000+09:00,24,24,1.0,0.1790522317510413,2664.954,111.03974999999998
40,2021-10-28 16:50:44.757000+09:00,0,0,1.0,0.0,0.0,176.18333333333334
40,2021-10-28 20:54:13.351000+09:00,0,0,1.0,0.0,0.0,176.18333333333334
40,2021-10-31 12:06:29.330000+09:00,0,0,1.0,0.0,0.0,176.18333333333334
40,2021-10-31 16:50:17.789000+09:00,18,17,0.9994110647387552,0.1948442036512952,4264.391,236.91061111111108
40,2021-11-03 12:21:12.079000+09:00,0,0,1.0,0.0,0.0,176.18333333333334
40,2021-11-03 16:48:38.473000+09:00,0,0,1.0,0.0,0.0,176.18333333333334
40,2021-11-03 20:34:15.738000+09:00,23,22,0.999643749677856,0.1820230315967373,2051.024,89.17495652173912
40,2021-11-06 12:08:17.943000+09:00,0,0,1.0,0.0,0.0,176.18333333333334
40,2021-11-06 16:05:06.517000+09:00,23,23,1.0,0.1810425967800402,2953.232999999999,128.40143478260865
40,2021-11-06 20:37:00.185000+09:00,11,10,0.998363672593813,0.2272977056294367,2040.714,185.51945454545452
40,2021-11-09 12:19:53.551000+09:00,15,14,0.9991421039919088,0.2056702372845884,4817.928,321.1952
40,2021-11-09 16:31:04.774000+09:00,9,9,1.0,0.2398124665681314,5775.938999999999,641.771
40,2021-11-09 20:20:18.295000+09:00,1,0,0.0,0.0,14400.0,14400.0
40,2021-11-12 12:16:36.591000+09:00,6,5,0.9940302114769564,0.2873391704353197,1315.615,219.26916666666668
40,2021-11-12 16:06:49.623000+09:00,29,28,0.9997779672118906,0.1714035349173401,4861.131,167.62520689655173
40,2021-11-12 20:54:08.421000+09:00,19,19,1.0,0.1905514124267734,1944.003,102.31594736842106
40,2021-11-15 12:01:16.340000+09:00,0,0,1.0,0.0,0.0,176.18333333333334
40,2021-11-15 16:30:36.495000+09:00,25,24,0.9996995428565172,0.1780500810570478,4654.718000000001,186.18872
40,2021-11-15 20:31:50.247000+09:00,12,11,0.9986359641585718,0.2207631892432481,10626.114,885.5095
40,2021-11-18 12:04:54.855000+09:00,9,8,0.9975025463691152,0.2440395387335149,2176.581,241.84233333333336
40,2021-11-18 16:05:25.009000+09:00,33,32,0.9998292601233936,0.1660192952613121,2383.168,72.21721212121213
40,2021-11-18 20:39:24.691000+09:00,11,10,0.998363672593813,0.2272977056294367,1298.851,118.07736363636364
40,2021-11-21 12:04:03.807000+09:00,0,0,1.0,0.0,0.0,176.18333333333334
40,2021-11-21 16:50:57.327000+09:00,17,16,0.9993375041688848,0.1981085300876491,1482.248,87.19105882352942
40,2021-11-21 20:31:10.428000+09:00,23,22,0.999643749677856,0.1820230315967373,2141.6670000000004,93.11595652173916
40,2021-11-24 12:56:08.778000+09:00,10,9,0.9980008838722996,0.2349383036113225,4385.483,438.5483
40,2021-11-24 16:23:23.447000+09:00,24,24,1.0,0.1790522317510413,4524.567,188.523625
40,2021-11-24 20:09:21.830000+09:00,11,10,0.998363672593813,0.2272977056294367,1344.704,122.24581818181818
40,2021-11-27 12:12:59.044000+09:00,20,19,0.999525689293649,0.1891106197607057,1930.661,96.53305
40,2021-11-27 16:02:04.795000+09:00,24,23,0.9996734260048916,0.1799725331071017,3439.965,143.331875
40,2021-11-27 20:00:21.811000+09:00,13,12,0.9988455359952018,0.2150896787446934,9150.222000000002,703.8632307692309
40,2021-11-30 12:00:19.325000+09:00,0,0,1.0,0.0,0.0,176.18333333333334
40,2021-11-30 16:00:26.726000+09:00,23,23,1.0,0.1810425967800402,5208.906,226.47417391304347
40,2021-11-30 20:14:28.361000+09:00,12,11,0.9986359641585718,0.2207631892432481,10910.512999999995,909.2094166666664
40,2021-12-03 12:32:44.859000+09:00,0,0,1.0,0.0,0.0,176.18333333333334
40,2021-12-03 16:09:50.322000+09:00,52,52,1.0,0.149243936527412,4280.339999999999,82.31423076923076
40,2021-12-03 20:58:32.572000+09:00,36,35,0.9998568991526108,0.1625850428843555,2680.066,74.44627777777777
40,2021-12-06 12:50:30.239000+09:00,27,26,0.999743186071085,0.1745385945914508,4956.164999999999,183.56166666666664
40,2021-12-06 16:36:24.803000+09:00,27,26,0.999743186071085,0.1745385945914508,3460.422,128.16377777777777
40,2021-12-06 20:20:14.112000+09:00,8,7,0.9967916319816366,0.2551368172689722,1315.81,164.47625
40,2021-12-09 12:07:18.420000+09:00,0,0,1.0,0.0,0.0,176.18333333333334
40,2021-12-09 16:26:19.049000+09:00,0,0,1.0,0.0,0.0,176.18333333333334
40,2021-12-09 20:46:21.031000+09:00,18,17,0.9994110647387552,0.1948442036512952,2059.125,114.39583333333331
40,2021-12-12 12:09:03.891000+09:00,0,0,1.0,0.0,0.0,176.18333333333334
40,2021-12-12 16:00:33.309000+09:00,17,17,1.0,0.1965616322328226,4865.341,286.19652941176474
40,2021-12-12 20:02:58.604000+09:00,19,18,0.9994730201859836,0.1918575616359922,7093.195,373.3260526315789
42,2021-08-20 10:01:26.361000+09:00,4,3,0.9852281360342516,0.3509453429964405,3893.876,973.469
42,2021-08-20 14:13:00.938000+09:00,7,6,0.9957274520849256,0.2690835489640477,7392.46,1056.0657142857142
42,2021-08-20 18:00:56.013000+09:00,13,12,0.9988455359952018,0.2150896787446934,2724.887,209.60669230769236
42,2021-08-23 10:04:20.013000+09:00,0,0,1.0,0.0,0.0,272.45050000000003
42,2021-08-23 14:00:36.442000+09:00,31,30,0.999806132804711,0.1685804101409691,3598.8010000000004,116.09035483870969
42,2021-08-23 18:06:14.665000+09:00,15,14,0.9991421039919088,0.2056702372845884,8826.413000000002,588.4275333333335
42,2021-08-26 14:00:40.358000+09:00,2,2,1.0,0.5,80.849,40.4245
42,2021-08-26 18:03:52.742000+09:00,22,22,1.0,0.1831692509136336,955.492,43.43145454545454
42,2021-08-29 10:03:36.697000+09:00,12,11,0.9986359641585718,0.2207631892432481,3141.487,261.7905833333333
42,2021-08-29 14:03:10.234000+09:00,8,7,0.9967916319816366,0.2551368172689722,126.69599999999996,15.836999999999996
42,2021-08-29 18:08:31.089000+09:00,6,6,1.0,0.2789429456511298,69.35300000000001,11.558833333333334
42,2021-09-01 10:01:38.989000+09:00,8,7,0.9967916319816366,0.2551368172689722,1314.3,164.2875
42,2021-09-01 14:04:15.381000+09:00,36,35,0.9998568991526108,0.1625850428843555,7625.853,211.82925
42,2021-09-01 18:00:46.446000+09:00,8,8,1.0,0.25,4257.504,532.188
42,2021-09-04 10:15:54.417000+09:00,0,0,1.0,0.0,0.0,272.45050000000003
42,2021-09-04 14:19:34.692000+09:00,26,26,1.0,0.1754250635819545,2664.7050000000004,102.48865384615388
42,2021-09-04 18:00:20.447000+09:00,29,29,1.0,0.1707072796637201,6441.9000000000015,222.13448275862075
42,2021-09-07 10:01:17.421000+09:00,10,9,0.9980008838722996,0.2349383036113225,645.529,64.5529
42,2021-09-07 14:00:37.051000+09:00,13,12,0.9988455359952018,0.2150896787446934,6165.73,474.286923076923
42,2021-09-07 18:01:42.674000+09:00,13,12,0.9988455359952018,0.2150896787446934,3785.057,291.1582307692307
42,2021-09-10 10:05:07.158000+09:00,0,0,1.0,0.0,0.0,272.45050000000003
42,2021-09-10 14:00:24.246000+09:00,6,6,1.0,0.2789429456511298,3240.632,540.1053333333333
42,2021-09-10 18:00:40.366000+09:00,17,16,0.9993375041688848,0.1981085300876491,5339.516,314.0891764705882
42,2021-09-13 10:06:02.710000+09:00,0,0,1.0,0.0,0.0,272.45050000000003
42,2021-09-13 14:00:37.902000+09:00,21,20,0.9995708393473224,0.1865723073683122,3581.978,170.57038095238096
42,2021-09-16 14:00:42.456000+09:00,0,0,1.0,0.0,0.0,272.45050000000003
42,2021-09-16 18:04:20.158000+09:00,5,5,1.0,0.3010299956639812,3073.1230000000005,614.6246000000001
42,2021-09-19 10:24:20.702000+09:00,0,0,1.0,0.0,0.0,272.45050000000003
42,2021-09-19 14:54:36.364000+09:00,10,9,0.9980008838722996,0.2349383036113225,425.591,42.5591
42,2021-09-19 18:00:46.452000+09:00,39,38,0.999878332299006,0.1595520009826492,2047.467,52.499153846153845
42,2021-09-22 10:41:21.044000+09:00,1,1,1.0,1.0,30.67,30.67
42,2021-09-22 14:20:19.761000+09:00,6,5,0.9940302114769564,0.2873391704353197,2422.853,403.80883333333327
42,2021-09-22 18:03:29.787000+09:00,10,9,0.9980008838722996,0.2349383036113225,3125.876,312.5876
42,2021-09-25 10:10:11.283000+09:00,0,0,1.0,0.0,0.0,272.45050000000003
42,2021-09-25 18:00:19.339000+09:00,10,9,0.9980008838722996,0.2349383036113225,4922.047,492.2047
42,2021-09-28 10:23:19.386000+09:00,0,0,1.0,0.0,0.0,272.45050000000003
42,2021-09-28 14:01:30.670000+09:00,12,11,0.9986359641585718,0.2207631892432481,8256.338,688.0281666666666
42,2021-09-28 18:03:43.335000+09:00,13,12,0.9988455359952018,0.2150896787446934,3376.4620000000004,259.7278461538462
42,2021-10-01 10:06:18.158000+09:00,0,0,1.0,0.0,0.0,272.45050000000003
42,2021-10-01 14:00:25.270000+09:00,25,24,0.9996995428565172,0.1780500810570478,4121.964,164.87856
42,2021-10-01 18:34:37.103000+09:00,24,23,0.9996734260048916,0.1799725331071017,1066.888,44.45366666666666
42,2021-10-04 10:00:26.374000+09:00,0,0,1.0,0.0,0.0,272.45050000000003
42,2021-10-04 14:57:16.607000+09:00,10,11,0.998363672593813,0.2272977056294367,2724.505,272.45050000000003
42,2021-10-04 18:00:44.845000+09:00,12,10,0.9940302114769564,0.2229051360093979,6886.673,573.8894166666666
42,2021-10-07 14:00:34.796000+09:00,19,19,1.0,0.1905514124267734,1229.76,64.72421052631579
42,2021-10-07 18:22:00.268000+09:00,20,19,0.999525689293649,0.1891106197607057,5978.7970000000005,298.93985000000004
42,2021-10-10 10:00:26.817000+09:00,0,0,1.0,0.0,0.0,272.45050000000003
42,2021-10-10 14:49:04.890000+09:00,13,12,0.9988455359952018,0.2150896787446934,3145.6079999999997,241.9698461538461
42,2021-10-10 18:17:15.945000+09:00,5,4,0.9910760598382222,0.3126496871021503,1061.3239999999998,212.2648
42,2021-10-13 10:02:39.373000+09:00,9,8,0.9975025463691152,0.2440395387335149,3042.86,338.0955555555556
42,2021-10-13 14:00:31.784000+09:00,12,11,0.9986359641585718,0.2207631892432481,687.2649999999999,57.27208333333332
42,2021-10-13 18:03:29.673000+09:00,10,9,0.9980008838722996,0.2349383036113225,5407.061,540.7061
42,2021-10-16 14:17:39.654000+09:00,0,0,1.0,0.0,0.0,272.45050000000003
42,2021-10-16 18:17:50.120000+09:00,18,17,0.9994110647387552,0.1948442036512952,1164.546,64.697
42,2021-10-19 10:01:51.706000+09:00,0,0,1.0,0.0,0.0,272.45050000000003
42,2021-10-19 14:29:48.219000+09:00,1,0,0.0,0.0,6735.301,6735.301
42,2021-10-19 18:05:46.203000+09:00,9,8,0.9975025463691152,0.2440395387335149,405.5299999999998,45.05888888888887
42,2021-10-22 10:30:08.985000+09:00,2,1,0.9182958340544896,0.579380164285695,2596.513,1298.2565
42,2021-10-22 14:07:25.695000+09:00,7,6,0.9957274520849256,0.2690835489640477,1417.33,202.47571428571428
42,2021-10-22 18:00:24.073000+09:00,9,8,0.9975025463691152,0.2440395387335149,4747.601,527.5112222222222
42,2021-10-25 10:19:35.511000+09:00,0,0,1.0,0.0,0.0,272.45050000000003
42,2021-10-28 10:42:36.470000+09:00,0,0,1.0,0.0,0.0,272.45050000000003
42,2021-10-28 14:15:12.551000+09:00,5,5,1.0,0.3010299956639812,3201.4950000000003,640.2990000000001
42,2021-10-28 18:04:40.555000+09:00,10,9,0.9980008838722996,0.2349383036113225,3994.891,399.4891
42,2021-10-31 10:22:35.510000+09:00,0,0,1.0,0.0,0.0,272.45050000000003
42,2021-10-31 14:02:54.336000+09:00,4,3,0.9852281360342516,0.3509453429964405,6545.460999999999,1636.3652499999998
42,2021-10-31 18:11:30.881000+09:00,1,1,1.0,1.0,8066.254000000001,8066.254000000001
42,2021-11-03 10:00:38.543000+09:00,0,0,1.0,0.0,0.0,272.45050000000003
42,2021-11-03 14:22:26.242000+09:00,12,11,0.9986359641585718,0.2207631892432481,1971.498,164.2915
42,2021-11-03 18:06:41.746000+09:00,15,14,0.9991421039919088,0.2056702372845884,3512.2290000000003,234.1486
42,2021-11-06 10:01:23.299000+09:00,4,3,0.9852281360342516,0.3509453429964405,2451.24,612.8100000000001
42,2021-11-06 14:20:32.965000+09:00,3,2,0.9709505944546686,0.4181656600790516,9503.892,3167.964
42,2021-11-09 14:06:07.455000+09:00,0,0,1.0,0.0,0.0,272.45050000000003
42,2021-11-09 18:01:29.235000+09:00,17,17,1.0,0.1965616322328226,4581.175,269.4808823529412
42,2021-11-12 14:05:20.170000+09:00,0,0,1.0,0.0,0.0,272.45050000000003
42,2021-11-12 18:52:54.721000+09:00,14,13,0.9990102708804812,0.2101017680073257,3426.804,244.7717142857143
42,2021-11-15 14:00:27.064000+09:00,7,6,0.9957274520849256,0.2690835489640477,8420.752,1202.9645714285714
42,2021-11-15 18:56:47.721000+09:00,8,7,0.9967916319816366,0.2551368172689722,2514.899,314.362375
42,2021-11-18 10:02:05.620000+09:00,2,1,0.9182958340544896,0.579380164285695,2255.258,1127.629
42,2021-11-18 14:51:31.567000+09:00,12,11,0.9986359641585718,0.2207631892432481,5524.812,460.401
42,2021-11-21 10:01:03.705000+09:00,0,0,1.0,0.0,0.0,272.45050000000003
